,Time,Speed_guitrancourt,Direction_guitrancourt,Speed_lieusaint,Direction_lieusaint,Speed_lvs-pussay,Direction_lvs-pussay,Speed_parc-du-gatinais,Direction_parc-du-gatinais,Speed_arville,Direction_arville,Speed_boissy-la-riviere,Direction_boissy-la-riviere,Speed_angerville-1,Direction_angerville-1,Speed_angerville-2,Direction_angerville-2
0,2017/01/01 00:00UTC,1.86,212,1.5,223,1.71,222,1.45,222,1.45,223,1.66,223,1.67,222,1.67,222
1,2017/01/01 06:00UTC,2.47,194,2.32,198,2.37,217,2.09,214,2.1,213,2.34,213,2.33,217,2.33,217
2,2017/01/01 12:00UTC,3.75,186,3.45,191,3.53,197,3.07,207,3.09,206,3.49,197,3.47,198,3.47,198
3,2017/01/01 18:00UTC,3.22,192,2.59,189,2.79,202,2.66,201,2.65,201,2.71,201,2.77,202,2.77,202
4,2017/01/02 00:00UTC,2.27,194,2.38,200,2.25,199,1.87,206,1.91,205,2.26,200,2.21,200,2.21,200
5,2017/01/02 06:00UTC,0.59,332,1.16,202,1.38,201,1.71,195,1.68,195,1.41,202,1.43,199,1.43,200
6,2017/01/02 12:00UTC,3.99,46,2.62,34,2.68,27,1.44,10,1.51,13,2.57,28,2.53,26,2.53,27
7,2017/01/02 18:00UTC,2.02,30,2.35,25,2.81,32,2.85,29,2.82,29,2.7,31,2.81,32,2.81,32
8,2017/01/03 00:00UTC,1.15,25,1.1,28,1.82,49,1.97,57,1.89,56,1.58,47,1.83,50,1.82,50
9,2017/01/03 06:00UTC,0.08,19,0.85,27,1.6,52,1.62,48,1.57,47,1.4,47,1.6,52,1.59,52
10,2017/01/03 12:00UTC,2.41,248,1.41,243,0.55,241,0.34,258,0.4,255,0.71,243,0.53,242,0.53,242
11,2017/01/03 18:00UTC,3.02,241,2.2,237,1.89,260,1.47,257,1.51,256,1.91,254,1.84,260,1.84,260
12,2017/01/04 00:00UTC,4.18,246,3.66,230,3.34,241,3.23,230,3.26,230,3.4,237,3.32,240,3.33,240
13,2017/01/04 06:00UTC,3.23,268,3.47,239,3.43,250,3.37,243,3.39,243,3.48,246,3.4,249,3.4,249
14,2017/01/04 12:00UTC,4.47,295,4.34,273,4.41,270,4.79,258,4.76,258,4.47,269,4.46,269,4.45,269
15,2017/01/04 18:00UTC,2.09,324,2.35,313,2.52,306,2.34,294,2.34,295,2.46,307,2.51,305,2.51,305
16,2017/01/05 00:00UTC,2.77,325,2.79,318,2.59,327,2.4,326,2.42,326,2.6,323,2.58,326,2.58,326
17,2017/01/05 06:00UTC,2.43,360,2.44,358,2.94,2,2.57,5,2.56,4,2.77,1,2.91,2,2.91,2
18,2017/01/05 12:00UTC,2.75,357,2.97,351,2.8,0,2.57,352,2.6,352,2.82,357,2.79,360,2.79,360
19,2017/01/05 18:00UTC,2.27,344,2.37,2,2.77,348,2.57,358,2.57,358,2.68,350,2.75,349,2.75,349
20,2017/01/06 00:00UTC,2.21,101,2.37,79,2.37,74,2.58,65,2.55,66,2.37,75,2.39,73,2.39,73
21,2017/01/06 06:00UTC,1.32,120,1.29,92,1.45,84,1.61,69,1.58,70,1.4,84,1.46,82,1.46,82
22,2017/01/06 12:00UTC,2.28,142,2.29,120,2.39,110,2.65,90,2.6,92,2.38,110,2.41,108,2.41,108
23,2017/01/06 18:00UTC,2.07,157,1.72,110,1.88,101,2.18,72,2.13,74,1.86,99,1.9,97,1.9,98
24,2017/01/07 00:00UTC,2.19,194,1.34,148,1.15,135,1.42,88,1.38,92,1.18,133,1.15,129,1.15,129
25,2017/01/07 06:00UTC,2.92,187,1.92,155,1.63,155,1.59,113,1.58,116,1.64,152,1.59,151,1.59,151
26,2017/01/07 12:00UTC,3.84,237,2.92,222,3.01,240,2.1,244,2.15,242,2.89,236,2.91,239,2.91,239
27,2017/01/07 18:00UTC,2.54,243,2.28,217,2.34,244,2.43,243,2.41,241,2.31,237,2.34,242,2.34,242
28,2017/01/08 00:00UTC,2.01,327,1.51,278,1.99,291,2.31,256,2.25,256,1.89,284,1.96,286,1.96,286
29,2017/01/08 06:00UTC,1.41,7,2.22,17,2.64,11,2.37,11,2.37,11,2.54,12,2.65,11,2.65,11
30,2017/01/08 12:00UTC,1.07,273,0.25,335,0.86,351,0.99,30,0.93,29,0.67,356,0.84,355,0.83,355
31,2017/01/08 18:00UTC,1.18,244,1.32,208,1.21,246,1.25,239,1.26,236,1.24,239,1.22,245,1.22,245
32,2017/01/09 00:00UTC,2.46,219,2.32,235,2.37,230,2.35,248,2.36,247,2.42,236,2.36,232,2.37,232
33,2017/01/09 06:00UTC,2.27,203,2.78,190,2.94,194,2.67,196,2.7,195,2.93,193,2.98,193,2.98,193
34,2017/01/09 12:00UTC,2.91,222,2.37,212,3.06,248,2.42,226,2.41,226,2.75,241,2.98,248,2.97,248
35,2017/01/09 18:00UTC,3.88,210,3.06,206,3.27,221,2.94,207,2.93,208,3.11,217,3.19,220,3.19,220
36,2017/01/10 00:00UTC,4.27,299,4.36,228,4.4,248,5.72,213,5.64,213,4.46,238,4.5,244,4.5,244
37,2017/01/10 06:00UTC,2.92,267,2.32,267,2.88,277,2.42,284,2.41,283,2.72,275,2.84,277,2.84,277
38,2017/01/10 12:00UTC,4.78,313,4.51,322,4.99,322,4.79,325,4.78,324,4.92,323,4.99,322,4.99,322
39,2017/01/10 18:00UTC,2.25,289,1.8,308,2.48,309,1.97,311,1.97,311,2.3,308,2.43,309,2.43,309
40,2017/01/11 00:00UTC,3.01,225,2.6,247,2.59,243,2.53,256,2.54,256,2.62,246,2.58,245,2.58,245
41,2017/01/11 06:00UTC,4.18,214,4.07,202,3.99,209,3.98,203,3.98,203,4.0,207,3.99,208,3.99,208
42,2017/01/11 12:00UTC,5.66,272,5.42,244,5.45,253,5.61,244,5.6,244,5.47,249,5.48,251,5.48,251
43,2017/01/11 18:00UTC,5.71,295,4.5,288,4.78,292,4.32,279,4.33,280,4.67,291,4.72,291,4.72,291
44,2017/01/12 00:00UTC,4.63,269,4.78,263,4.89,266,5.09,265,5.07,265,4.9,265,4.91,266,4.91,266
45,2017/01/12 06:00UTC,3.51,225,2.94,229,3.0,238,2.71,232,2.72,232,2.96,236,2.97,239,2.97,239
46,2017/01/12 12:00UTC,6.75,207,5.97,208,6.4,210,5.93,210,5.94,210,6.29,210,6.36,210,6.36,210
47,2017/01/12 18:00UTC,11.13,220,10.26,208,11.03,223,10.71,215,10.66,215,10.68,218,10.98,222,10.98,222
48,2017/01/13 00:00UTC,6.58,270,7.19,265,7.01,267,7.25,265,7.22,265,7.04,267,7.03,267,7.03,267
49,2017/01/13 06:00UTC,4.91,244,4.84,246,5.17,257,4.94,251,4.93,251,5.05,254,5.15,257,5.14,257
50,2017/01/13 12:00UTC,6.76,298,6.35,305,6.9,312,6.57,312,6.57,312,6.76,311,6.9,312,6.89,312
51,2017/01/13 18:00UTC,5.78,301,6.47,304,5.83,299,5.96,294,5.99,294,6.06,300,5.85,299,5.85,299
52,2017/01/14 00:00UTC,3.88,285,4.29,287,5.08,296,4.72,288,4.7,288,4.89,294,5.04,295,5.04,295
53,2017/01/14 06:00UTC,3.21,288,3.33,299,3.93,301,3.57,300,3.57,300,3.8,301,3.91,301,3.91,301
54,2017/01/14 12:00UTC,5.96,318,4.63,286,5.22,292,4.63,278,4.63,279,5.0,290,5.15,291,5.14,291
55,2017/01/14 18:00UTC,2.45,291,2.31,289,3.16,286,2.53,272,2.5,273,2.85,285,3.09,285,3.09,285
56,2017/01/15 00:00UTC,1.79,318,2.23,329,2.66,330,2.6,333,2.59,333,2.56,331,2.65,330,2.65,330
57,2017/01/15 06:00UTC,1.87,295,2.03,297,2.1,308,1.98,308,1.99,307,2.09,305,2.09,308,2.09,307
58,2017/01/15 12:00UTC,2.08,246,1.95,271,2.63,283,2.52,272,2.48,272,2.46,280,2.63,283,2.62,283
59,2017/01/15 18:00UTC,2.87,177,2.79,168,3.45,184,2.41,178,2.45,177,3.23,179,3.43,183,3.43,183
60,2017/01/16 00:00UTC,2.03,45,2.12,110,1.16,63,1.94,128,1.94,127,1.34,92,1.12,76,1.12,76
61,2017/01/16 06:00UTC,1.85,55,2.08,43,2.66,44,2.46,42,2.42,42,2.45,44,2.65,44,2.65,44
62,2017/01/16 12:00UTC,1.17,42,2.0,7,2.29,26,2.63,20,2.57,19,2.21,20,2.32,25,2.32,25
63,2017/01/16 18:00UTC,1.7,45,2.57,11,2.39,25,2.84,12,2.82,12,2.48,18,2.43,23,2.43,23
64,2017/01/17 00:00UTC,2.14,51,2.62,30,2.99,32,3.27,31,3.22,31,2.91,30,3.03,31,3.02,31
65,2017/01/17 06:00UTC,1.59,39,2.33,15,3.0,26,3.45,26,3.36,25,2.84,22,3.05,26,3.04,25
66,2017/01/17 12:00UTC,3.74,37,5.1,35,5.61,31,6.13,34,6.06,34,5.54,32,5.68,31,5.67,31
67,2017/01/17 18:00UTC,3.58,26,3.9,20,4.44,26,4.69,23,4.63,23,4.33,24,4.47,26,4.47,26
68,2017/01/18 00:00UTC,4.57,52,4.6,41,5.37,44,5.37,40,5.31,40,5.16,42,5.39,44,5.38,44
69,2017/01/18 06:00UTC,4.49,36,4.61,29,5.3,32,5.04,33,5.0,32,5.07,31,5.29,32,5.29,32
70,2017/01/18 12:00UTC,5.98,57,5.64,55,6.11,50,5.61,53,5.61,53,5.91,52,6.07,51,6.06,51
71,2017/01/18 18:00UTC,4.31,36,3.67,25,4.46,34,3.89,32,3.85,31,4.13,31,4.41,34,4.41,34
72,2017/01/19 00:00UTC,3.59,40,3.65,35,4.38,39,4.3,43,4.24,43,4.14,37,4.38,39,4.37,39
73,2017/01/19 06:00UTC,4.28,48,3.85,42,4.72,47,4.28,49,4.23,49,4.41,46,4.68,48,4.68,47
74,2017/01/19 12:00UTC,4.48,69,3.57,63,4.07,64,3.4,62,3.4,62,3.83,64,4.01,64,4.01,64
75,2017/01/19 18:00UTC,2.59,49,2.21,42,2.34,41,1.98,40,1.99,39,2.26,40,2.31,41,2.31,41
76,2017/01/20 00:00UTC,2.75,57,2.45,46,2.48,50,2.06,51,2.08,50,2.42,48,2.45,49,2.45,49
77,2017/01/20 06:00UTC,2.89,62,2.25,59,2.81,63,2.37,64,2.35,64,2.58,62,2.78,63,2.78,63
78,2017/01/20 12:00UTC,3.52,107,2.99,102,2.93,97,2.58,95,2.61,96,2.9,98,2.91,96,2.91,96
79,2017/01/20 18:00UTC,1.99,70,2.03,69,2.07,62,2.09,60,2.07,60,2.02,63,2.07,61,2.07,61
80,2017/01/21 00:00UTC,1.87,79,2.23,92,2.11,80,2.1,92,2.11,92,2.1,85,2.11,81,2.11,81
81,2017/01/21 06:00UTC,1.39,101,1.55,105,1.55,91,1.63,107,1.62,107,1.51,97,1.55,91,1.55,91
82,2017/01/21 12:00UTC,2.15,135,1.71,116,2.11,115,1.92,103,1.91,104,1.98,114,2.09,114,2.09,114
83,2017/01/21 18:00UTC,1.28,136,1.29,103,1.67,97,1.75,80,1.71,81,1.56,96,1.67,94,1.66,94
84,2017/01/22 00:00UTC,0.91,162,1.31,107,1.54,92,1.95,83,1.9,84,1.51,94,1.57,90,1.57,90
85,2017/01/22 06:00UTC,1.94,96,2.42,73,2.85,69,2.83,62,2.8,62,2.74,70,2.86,69,2.86,69
86,2017/01/22 12:00UTC,1.58,40,2.37,36,2.97,40,3.08,38,3.04,38,2.83,38,2.99,39,2.98,39
87,2017/01/22 18:00UTC,1.82,50,2.64,23,2.85,32,2.84,29,2.83,28,2.79,29,2.86,31,2.85,31
88,2017/01/23 00:00UTC,1.9,39,2.61,20,2.83,28,2.63,28,2.63,27,2.76,25,2.82,28,2.82,28
89,2017/01/23 06:00UTC,1.68,24,2.53,7,2.76,12,2.56,11,2.56,10,2.7,9,2.75,12,2.75,12
90,2017/01/23 12:00UTC,2.08,32,2.96,20,3.4,27,3.4,29,3.37,28,3.29,25,3.42,28,3.41,28
91,2017/01/23 18:00UTC,0.94,27,2.08,1,2.34,18,2.45,14,2.43,13,2.29,13,2.36,18,2.36,18
92,2017/01/24 00:00UTC,0.92,325,1.65,4,1.88,23,2.12,18,2.09,17,1.85,17,1.91,23,1.91,23
93,2017/01/24 06:00UTC,1.22,257,0.49,262,0.38,355,0.71,17,0.64,14,0.34,335,0.38,0,0.38,360
94,2017/01/24 12:00UTC,0.9,323,0.73,342,0.85,348,1.38,355,1.33,355,0.88,350,0.84,351,0.84,351
95,2017/01/24 18:00UTC,0.79,85,1.57,24,1.58,37,1.82,19,1.81,19,1.6,31,1.61,36,1.61,35
96,2017/01/25 00:00UTC,1.22,84,1.73,45,1.98,47,2.03,33,2.0,33,1.91,44,2.0,46,2.0,46
97,2017/01/25 06:00UTC,1.73,36,2.14,28,2.4,23,2.37,21,2.36,21,2.34,23,2.41,22,2.41,22
98,2017/01/25 12:00UTC,2.58,73,3.06,59,3.5,56,3.5,54,3.47,54,3.38,56,3.52,55,3.51,55
99,2017/01/25 18:00UTC,2.59,113,2.23,107,2.61,105,2.43,91,2.41,92,2.48,105,2.59,103,2.59,104
100,2017/01/26 00:00UTC,2.53,117,2.51,115,2.68,107,2.74,104,2.72,105,2.65,109,2.68,106,2.68,106
101,2017/01/26 06:00UTC,3.34,129,2.9,119,3.07,113,2.85,103,2.85,104,2.99,114,3.04,112,3.04,112
102,2017/01/26 12:00UTC,4.02,122,3.24,116,3.79,113,3.29,109,3.28,109,3.57,113,3.74,112,3.74,112
103,2017/01/26 18:00UTC,3.69,100,3.55,101,3.7,104,3.47,103,3.48,103,3.61,104,3.67,104,3.67,104
104,2017/01/27 00:00UTC,4.67,118,4.92,116,5.45,122,5.02,126,5.01,125,5.3,120,5.4,122,5.4,122
105,2017/01/27 06:00UTC,2.64,143,2.61,160,3.01,162,3.41,166,3.35,166,2.98,164,3.0,163,3.0,163
106,2017/01/27 12:00UTC,4.65,138,4.87,154,5.06,148,5.47,158,5.42,157,5.08,152,5.06,149,5.07,149
107,2017/01/27 18:00UTC,4.3,147,5.48,162,5.63,159,6.24,161,6.21,161,5.72,161,5.69,159,5.69,159
108,2017/01/28 00:00UTC,5.9,150,6.02,152,5.89,152,6.53,155,6.48,155,5.99,153,5.91,152,5.92,152
109,2017/01/28 06:00UTC,5.23,168,5.02,164,4.94,171,5.16,165,5.13,165,4.97,170,4.93,171,4.93,171
110,2017/01/28 12:00UTC,4.28,212,4.84,206,4.25,212,4.95,204,4.94,205,4.52,210,4.3,212,4.31,211
111,2017/01/28 18:00UTC,3.04,195,2.59,195,2.6,194,2.6,193,2.6,193,2.59,195,2.6,195,2.6,195
112,2017/01/29 00:00UTC,2.75,179,2.86,179,2.95,184,3.13,183,3.11,183,2.96,183,2.96,183,2.96,183
113,2017/01/29 06:00UTC,3.3,197,3.98,211,3.76,210,4.22,219,4.21,219,3.92,213,3.81,211,3.82,211
114,2017/01/29 12:00UTC,4.89,185,4.29,182,4.39,184,3.93,184,3.95,183,4.3,183,4.33,184,4.33,184
115,2017/01/29 18:00UTC,5.25,151,4.66,143,4.4,156,3.99,149,4.02,148,4.34,152,4.33,155,4.33,155
116,2017/01/30 00:00UTC,7.32,198,7.23,195,7.89,198,7.21,195,7.24,195,7.78,198,7.82,198,7.83,198
117,2017/01/30 06:00UTC,4.76,220,4.88,214,5.34,221,5.15,215,5.14,215,5.3,220,5.33,221,5.33,221
118,2017/01/30 12:00UTC,3.81,239,4.17,235,4.56,237,5.07,235,5.01,236,4.56,237,4.62,237,4.61,237
119,2017/01/30 18:00UTC,1.9,220,2.17,209,2.82,225,3.0,217,2.94,217,2.67,220,2.84,224,2.84,224
120,2017/01/31 00:00UTC,1.8,223,2.67,218,3.06,209,3.67,218,3.59,218,3.02,211,3.13,210,3.13,210
121,2017/01/31 06:00UTC,0.88,181,1.75,204,2.15,209,2.87,213,2.81,213,2.18,209,2.22,209,2.21,209
122,2017/01/31 12:00UTC,1.22,99,0.76,223,1.08,227,1.75,239,1.7,238,1.14,230,1.12,229,1.12,229
123,2017/01/31 18:00UTC,2.27,147,1.33,181,2.12,179,1.81,194,1.79,194,1.91,185,2.07,181,2.07,181
124,2017/02/01 00:00UTC,3.14,154,2.84,162,2.92,168,2.71,171,2.72,171,2.87,167,2.89,168,2.89,168
125,2017/02/01 06:00UTC,2.58,159,2.51,161,2.89,182,2.49,176,2.49,176,2.73,179,2.85,182,2.85,182
126,2017/02/01 12:00UTC,4.58,167,4.24,174,4.53,179,4.09,182,4.09,182,4.4,179,4.5,180,4.5,180
127,2017/02/01 18:00UTC,3.26,183,2.83,187,3.33,193,2.92,190,2.91,190,3.18,193,3.27,193,3.27,193
128,2017/02/02 00:00UTC,4.01,172,3.46,174,3.77,179,3.58,178,3.57,178,3.66,179,3.73,179,3.73,179
129,2017/02/02 06:00UTC,5.79,144,4.69,143,5.05,155,4.83,152,4.8,151,4.88,152,4.96,154,4.96,154
130,2017/02/02 12:00UTC,8.57,188,6.11,182,7.51,193,6.33,188,6.31,187,7.09,191,7.23,193,7.23,193
131,2017/02/02 18:00UTC,5.1,177,4.63,166,4.94,185,4.65,176,4.64,175,4.84,180,4.91,184,4.91,184
132,2017/02/03 00:00UTC,4.37,195,4.57,205,5.16,205,5.42,212,5.35,212,5.01,205,5.18,205,5.18,205
133,2017/02/03 06:00UTC,4.06,171,4.02,187,4.24,178,4.17,188,4.16,188,4.19,181,4.22,179,4.22,179
134,2017/02/03 12:00UTC,8.21,167,7.36,171,8.86,173,8.07,174,8.03,174,8.39,173,8.77,173,8.76,173
135,2017/02/03 18:00UTC,5.91,214,7.16,208,8.71,244,8.97,230,8.84,229,8.26,236,8.71,243,8.7,243
136,2017/02/04 00:00UTC,4.62,178,4.77,183,5.18,184,5.18,183,5.15,183,5.1,184,5.17,184,5.17,184
137,2017/02/04 06:00UTC,7.17,128,7.04,140,7.7,144,7.76,161,7.67,159,7.55,144,7.65,146,7.65,146
138,2017/02/04 12:00UTC,5.84,310,5.56,277,8.4,296,7.6,274,7.55,274,7.87,290,8.35,294,8.34,294
139,2017/02/04 18:00UTC,2.89,214,3.36,227,3.47,213,3.7,224,3.68,224,3.53,218,3.47,214,3.47,214
140,2017/02/05 00:00UTC,3.5,149,3.95,165,4.28,174,4.69,176,4.64,176,4.29,173,4.31,174,4.31,174
141,2017/02/05 06:00UTC,4.02,111,3.77,135,4.26,148,4.54,160,4.46,158,4.12,147,4.24,150,4.24,149
142,2017/02/05 12:00UTC,4.5,231,5.13,232,5.64,232,5.66,234,5.65,234,5.63,233,5.64,232,5.64,232
143,2017/02/05 18:00UTC,2.62,286,1.24,262,2.71,290,1.57,244,1.54,246,2.16,283,2.55,288,2.54,288
144,2017/02/06 00:00UTC,6.94,344,6.73,338,7.73,339,5.9,329,5.98,330,7.32,339,7.64,338,7.63,338
145,2017/02/06 06:00UTC,3.74,322,5.0,327,4.66,327,5.03,323,5.04,324,4.87,326,4.72,327,4.72,327
146,2017/02/06 12:00UTC,1.28,326,3.27,349,2.17,335,3.14,342,3.15,342,2.57,341,2.28,336,2.28,336
147,2017/02/06 18:00UTC,2.47,170,1.14,213,2.28,189,1.82,221,1.77,220,1.95,196,2.22,191,2.21,191
148,2017/02/07 00:00UTC,5.03,171,3.76,173,5.07,178,3.74,178,3.75,178,4.61,178,4.94,178,4.93,178
149,2017/02/07 06:00UTC,2.28,186,2.75,170,2.39,197,2.3,192,2.31,191,2.41,188,2.42,193,2.42,193
150,2017/02/07 12:00UTC,5.28,297,4.0,294,5.01,301,3.37,287,3.43,288,4.65,300,4.94,301,4.94,301
151,2017/02/07 18:00UTC,2.17,298,2.25,306,2.25,302,2.06,296,2.07,297,2.23,304,2.25,301,2.25,301
152,2017/02/08 00:00UTC,2.55,291,2.36,312,2.62,314,2.03,318,2.06,318,2.53,313,2.57,315,2.57,315
153,2017/02/08 06:00UTC,1.98,344,2.08,354,2.47,346,2.09,353,2.09,353,2.32,347,2.43,347,2.43,347
154,2017/02/08 12:00UTC,4.84,350,4.85,349,4.95,348,4.62,345,4.64,346,4.92,348,4.93,348,4.93,348
155,2017/02/08 18:00UTC,3.14,357,2.74,353,2.81,354,2.66,352,2.67,352,2.78,354,2.79,354,2.79,354
156,2017/02/09 00:00UTC,2.36,350,2.56,340,2.81,346,2.63,337,2.63,337,2.74,342,2.8,345,2.8,345
157,2017/02/09 06:00UTC,2.07,359,3.16,347,2.75,356,3.32,349,3.32,348,2.95,351,2.8,355,2.8,355
158,2017/02/09 12:00UTC,2.59,54,3.01,29,2.99,36,3.58,24,3.53,24,3.03,31,3.02,34,3.02,34
159,2017/02/09 18:00UTC,2.12,48,1.99,60,2.11,51,2.16,66,2.14,65,2.05,54,2.11,52,2.11,52
160,2017/02/10 00:00UTC,2.06,49,1.99,47,2.25,51,2.21,41,2.19,42,2.16,49,2.25,51,2.25,51
161,2017/02/10 06:00UTC,2.97,34,2.48,27,2.57,31,2.14,36,2.16,35,2.49,29,2.54,31,2.54,31
162,2017/02/10 12:00UTC,3.77,32,2.76,33,3.38,35,1.95,31,2.02,32,3.08,34,3.27,35,3.27,35
163,2017/02/10 18:00UTC,2.76,3,2.89,349,2.88,0,2.68,353,2.69,353,2.84,356,2.87,360,2.87,360
164,2017/02/11 00:00UTC,2.15,334,2.46,329,2.44,343,2.47,339,2.47,339,2.46,338,2.45,343,2.45,343
165,2017/02/11 06:00UTC,1.7,319,2.04,324,2.46,328,2.21,336,2.2,335,2.33,328,2.45,329,2.44,329
166,2017/02/11 12:00UTC,2.09,7,1.69,325,2.25,335,2.23,316,2.19,317,2.11,330,2.24,333,2.24,333
167,2017/02/11 18:00UTC,1.72,6,0.75,336,1.39,36,0.9,29,0.85,28,1.04,29,1.33,37,1.33,37
168,2017/02/12 00:00UTC,1.71,66,0.94,75,1.82,73,1.85,83,1.78,83,1.58,75,1.81,74,1.81,74
169,2017/02/12 06:00UTC,2.86,66,2.84,66,3.64,59,3.79,63,3.73,63,3.44,60,3.66,60,3.65,60
170,2017/02/12 12:00UTC,4.85,80,3.85,77,4.53,73,3.55,75,3.57,74,4.21,73,4.46,72,4.45,72
171,2017/02/12 18:00UTC,4.84,79,4.96,91,5.43,88,5.6,95,5.55,95,5.28,90,5.44,88,5.43,88
172,2017/02/13 00:00UTC,5.63,99,5.34,97,5.36,96,4.93,90,4.96,91,5.29,96,5.31,95,5.31,95
173,2017/02/13 06:00UTC,6.22,90,5.78,94,6.75,89,6.46,88,6.43,89,6.51,90,6.71,89,6.71,89
174,2017/02/13 12:00UTC,6.61,88,5.93,89,6.13,88,6.13,85,6.12,86,6.1,87,6.11,87,6.11,87
175,2017/02/13 18:00UTC,4.65,78,4.79,81,4.95,75,5.46,82,5.41,82,4.91,77,4.97,75,4.97,75
176,2017/02/14 00:00UTC,4.87,104,5.28,102,4.35,106,4.44,111,4.5,110,4.6,104,4.34,107,4.35,107
177,2017/02/14 06:00UTC,3.46,101,3.36,103,3.87,132,3.17,128,3.16,126,3.52,127,3.74,131,3.74,131
178,2017/02/14 12:00UTC,6.3,142,4.32,137,5.48,146,4.25,147,4.26,146,5.05,144,5.34,146,5.34,146
179,2017/02/14 18:00UTC,3.79,138,3.42,131,3.88,140,2.87,134,2.9,133,3.66,138,3.82,139,3.82,139
180,2017/02/15 00:00UTC,2.84,143,3.46,151,3.52,156,3.81,167,3.77,166,3.52,157,3.53,157,3.53,157
181,2017/02/15 06:00UTC,3.51,172,3.12,174,3.67,181,3.38,175,3.35,175,3.49,180,3.62,180,3.62,180
182,2017/02/15 12:00UTC,4.39,185,3.95,185,4.38,187,3.92,189,3.92,189,4.23,187,4.33,187,4.33,187
183,2017/02/15 18:00UTC,1.83,272,2.27,183,2.06,202,2.41,175,2.4,176,2.14,193,2.1,199,2.1,199
184,2017/02/16 00:00UTC,0.5,345,1.6,255,1.33,253,2.77,235,2.7,236,1.56,252,1.51,250,1.51,250
185,2017/02/16 06:00UTC,0.91,58,0.77,225,1.04,220,2.28,219,2.2,220,1.15,222,1.17,221,1.16,221
186,2017/02/16 12:00UTC,0.25,133,1.15,244,2.07,248,2.54,244,2.46,244,1.92,247,2.11,248,2.1,248
187,2017/02/16 18:00UTC,2.02,332,1.71,307,2.13,297,2.24,282,2.21,284,2.12,297,2.14,295,2.14,295
188,2017/02/17 00:00UTC,1.56,298,2.29,335,2.09,343,2.08,331,2.1,332,2.17,340,2.1,343,2.1,342
189,2017/02/17 06:00UTC,1.08,292,1.3,347,1.59,11,1.86,23,1.82,21,1.57,6,1.63,12,1.63,12
190,2017/02/17 12:00UTC,0.89,267,0.63,325,0.58,43,1.08,28,1.04,27,0.59,28,0.63,41,0.63,41
191,2017/02/17 18:00UTC,0.49,114,1.14,55,1.47,80,1.95,54,1.91,54,1.48,72,1.52,78,1.51,78
192,2017/02/18 00:00UTC,1.82,156,1.54,113,2.16,117,2.12,98,2.08,99,2.02,115,2.14,115,2.14,115
193,2017/02/18 06:00UTC,2.32,135,2.35,121,2.63,113,2.66,106,2.63,107,2.54,115,2.62,112,2.62,112
194,2017/02/18 12:00UTC,2.4,141,2.5,115,2.97,109,3.17,95,3.13,96,2.89,108,2.98,107,2.98,107
195,2017/02/18 18:00UTC,2.3,118,2.3,96,2.58,93,2.51,78,2.49,80,2.5,92,2.58,91,2.58,91
196,2017/02/19 00:00UTC,1.32,179,0.95,124,1.1,104,1.26,96,1.24,97,1.06,107,1.12,101,1.11,101
197,2017/02/19 06:00UTC,1.7,253,1.42,254,1.4,263,0.74,247,0.79,248,1.38,261,1.32,263,1.32,263
198,2017/02/19 12:00UTC,3.02,279,2.16,275,2.54,287,2.23,286,2.21,286,2.38,285,2.5,287,2.5,287
199,2017/02/19 18:00UTC,2.59,266,2.08,280,2.39,283,2.31,268,2.28,269,2.27,282,2.38,282,2.38,282
200,2017/02/20 00:00UTC,3.19,243,2.48,260,2.56,264,2.33,276,2.34,275,2.52,265,2.52,265,2.53,265
201,2017/02/20 06:00UTC,3.37,228,3.47,216,3.69,226,3.6,218,3.59,218,3.64,223,3.66,225,3.66,225
202,2017/02/20 12:00UTC,4.04,247,4.0,230,4.4,237,4.65,234,4.61,233,4.32,235,4.41,236,4.41,236
203,2017/02/20 18:00UTC,3.15,249,3.53,225,3.6,242,3.8,235,3.77,235,3.56,237,3.61,241,3.61,241
204,2017/02/21 00:00UTC,4.76,271,3.86,252,4.27,259,4.3,246,4.26,247,4.14,256,4.26,257,4.26,257
205,2017/02/21 06:00UTC,4.21,262,3.82,245,3.64,255,3.69,249,3.69,249,3.7,251,3.63,254,3.63,254
206,2017/02/21 12:00UTC,4.87,267,4.6,263,4.83,263,4.48,261,4.49,261,4.69,263,4.81,263,4.81,263
207,2017/02/21 18:00UTC,4.51,247,3.39,239,3.94,253,2.91,239,2.94,239,3.7,248,3.83,252,3.83,252
208,2017/02/22 00:00UTC,5.64,236,4.6,242,4.59,242,4.36,240,4.36,240,4.54,241,4.57,242,4.57,242
209,2017/02/22 06:00UTC,4.26,250,3.65,238,3.77,247,3.82,243,3.79,243,3.67,244,3.75,246,3.75,246
210,2017/02/22 12:00UTC,6.12,247,5.86,242,5.85,250,4.72,247,4.81,246,5.74,247,5.78,250,5.79,250
211,2017/02/22 18:00UTC,5.2,239,4.54,233,4.61,242,3.89,242,3.93,241,4.48,240,4.54,242,4.54,242
212,2017/02/23 00:00UTC,4.5,231,3.86,221,3.97,224,4.0,222,3.97,222,3.88,223,3.96,224,3.96,224
213,2017/02/23 06:00UTC,6.8,226,6.03,212,6.63,221,6.24,216,6.22,216,6.41,218,6.57,220,6.57,220
214,2017/02/23 12:00UTC,10.71,236,9.7,228,9.75,232,9.31,232,9.32,232,9.66,231,9.7,232,9.7,232
215,2017/02/23 18:00UTC,5.99,269,5.19,267,5.41,270,5.18,272,5.17,272,5.31,269,5.39,270,5.39,270
216,2017/02/24 00:00UTC,4.89,275,4.94,263,4.75,264,4.69,262,4.71,262,4.78,263,4.76,264,4.76,264
217,2017/02/24 06:00UTC,3.16,283,2.47,274,2.8,287,2.41,271,2.41,271,2.67,283,2.76,285,2.76,285
218,2017/02/24 12:00UTC,5.59,319,5.56,320,5.7,323,5.17,320,5.21,320,5.64,322,5.66,323,5.66,323
219,2017/02/24 18:00UTC,2.52,317,2.82,330,2.91,326,2.75,330,2.76,330,2.89,327,2.91,326,2.91,326
220,2017/02/25 00:00UTC,1.41,221,0.3,289,0.55,313,0.78,358,0.75,357,0.52,316,0.57,319,0.57,319
221,2017/02/25 06:00UTC,3.57,191,2.97,188,3.0,191,2.67,184,2.69,185,2.95,190,2.95,191,2.95,191
222,2017/02/25 12:00UTC,5.29,207,4.13,201,4.1,204,3.26,205,3.32,205,4.01,203,4.03,203,4.03,203
223,2017/02/25 18:00UTC,3.09,179,3.17,175,3.03,183,2.95,181,2.96,181,3.04,181,3.02,183,3.02,182
224,2017/02/26 00:00UTC,3.87,198,3.56,194,3.66,202,3.52,196,3.51,196,3.6,199,3.63,201,3.63,201
225,2017/02/26 06:00UTC,4.17,210,3.78,203,4.23,215,3.9,211,3.89,211,4.07,212,4.18,215,4.18,214
226,2017/02/26 12:00UTC,5.57,216,4.65,200,5.1,213,4.84,210,4.83,210,4.97,210,5.06,212,5.06,212
227,2017/02/26 18:00UTC,4.2,207,4.64,198,4.93,209,4.84,205,4.83,205,4.84,206,4.93,208,4.93,208
228,2017/02/27 00:00UTC,5.22,204,5.46,205,6.11,208,5.82,211,5.8,211,5.93,208,6.1,208,6.1,208
229,2017/02/27 06:00UTC,6.42,197,5.59,199,6.34,203,6.08,202,6.04,201,6.11,202,6.28,203,6.28,203
230,2017/02/27 12:00UTC,10.69,209,11.26,194,12.18,201,11.17,199,11.19,199,11.94,199,12.11,200,12.11,200
231,2017/02/27 18:00UTC,6.51,222,6.58,228,6.75,232,7.91,235,7.79,235,6.76,232,6.83,233,6.82,233
232,2017/02/28 00:00UTC,6.89,222,6.18,224,6.73,230,6.61,228,6.57,228,6.57,229,6.71,230,6.71,230
233,2017/02/28 06:00UTC,4.7,190,3.9,187,4.47,189,4.15,192,4.12,192,4.24,189,4.44,189,4.44,189
234,2017/02/28 12:00UTC,7.04,271,7.37,251,8.38,258,8.69,246,8.59,246,8.14,256,8.39,257,8.38,257
235,2017/02/28 18:00UTC,5.09,239,4.52,248,5.15,250,5.0,250,4.98,250,5.04,250,5.14,250,5.14,250
236,2017/03/01 00:00UTC,5.7,247,5.5,244,6.54,254,6.25,244,6.19,244,6.24,251,6.49,253,6.49,253
237,2017/03/01 06:00UTC,5.46,229,4.63,222,4.94,231,5.05,227,5.0,227,4.89,229,4.93,230,4.93,230
238,2017/03/01 12:00UTC,5.71,186,6.18,195,7.74,203,7.51,205,7.42,204,7.29,201,7.73,203,7.72,203
239,2017/03/01 18:00UTC,4.53,241,7.66,227,8.39,232,8.79,230,8.74,230,8.36,230,8.45,232,8.45,231
240,2017/03/02 00:00UTC,6.0,261,5.55,252,5.73,258,6.05,262,5.98,261,5.68,257,5.73,258,5.73,258
241,2017/03/02 06:00UTC,4.05,235,3.61,223,3.55,233,3.57,227,3.57,227,3.58,229,3.54,232,3.55,232
242,2017/03/02 12:00UTC,6.3,263,5.09,251,4.4,250,4.19,246,4.23,246,4.5,249,4.37,249,4.37,249
243,2017/03/02 18:00UTC,2.78,199,2.48,197,2.25,192,1.99,195,2.02,195,2.28,194,2.23,192,2.23,192
244,2017/03/03 00:00UTC,2.73,144,2.8,134,2.85,128,2.93,126,2.92,126,2.84,129,2.84,128,2.84,128
245,2017/03/03 06:00UTC,5.08,154,4.16,152,3.98,159,4.19,158,4.16,158,3.97,157,3.93,158,3.93,158
246,2017/03/03 12:00UTC,5.21,167,4.86,167,5.32,176,5.71,172,5.64,172,5.22,174,5.29,176,5.29,176
247,2017/03/03 18:00UTC,3.43,146,3.48,157,3.49,166,3.86,163,3.81,163,3.51,163,3.49,166,3.49,166
248,2017/03/04 00:00UTC,5.99,163,3.44,162,3.41,149,4.0,157,3.91,157,3.34,153,3.27,148,3.27,148
249,2017/03/04 06:00UTC,1.87,243,4.71,175,1.82,214,4.92,168,4.88,168,2.69,189,1.96,205,1.97,205
250,2017/03/04 12:00UTC,2.04,307,1.43,266,2.4,287,2.57,259,2.5,261,2.11,283,2.35,286,2.34,286
251,2017/03/04 18:00UTC,3.18,209,2.64,211,2.91,211,2.95,209,2.92,209,2.82,210,2.89,211,2.89,211
252,2017/03/05 00:00UTC,3.68,220,3.54,218,3.61,226,4.03,221,3.98,221,3.62,224,3.63,226,3.63,226
253,2017/03/05 06:00UTC,5.12,188,4.5,192,5.24,190,4.79,193,4.77,193,5.0,191,5.18,190,5.18,190
254,2017/03/05 12:00UTC,6.21,239,8.52,212,6.91,241,9.41,219,9.35,219,7.47,231,7.09,238,7.1,238
255,2017/03/05 18:00UTC,4.95,257,4.93,255,5.48,259,5.92,256,5.84,256,5.4,258,5.5,258,5.5,258
256,2017/03/06 00:00UTC,6.99,240,6.99,235,6.85,238,6.71,233,6.72,234,6.88,237,6.83,238,6.83,238
257,2017/03/06 06:00UTC,4.74,221,4.59,219,4.33,217,4.23,222,4.26,222,4.48,218,4.3,217,4.3,217
258,2017/03/06 12:00UTC,5.02,338,5.5,46,5.8,8,3.73,326,3.55,335,5.54,22,5.55,5,5.55,5
259,2017/03/06 18:00UTC,4.83,272,4.56,279,4.23,276,4.44,281,4.44,280,4.36,278,4.24,277,4.25,277
260,2017/03/07 00:00UTC,4.73,278,4.14,267,4.75,270,4.84,266,4.81,266,4.66,269,4.75,269,4.75,269
261,2017/03/07 06:00UTC,3.61,287,3.66,275,3.77,282,3.94,273,3.92,273,3.78,279,3.78,282,3.78,281
262,2017/03/07 12:00UTC,4.41,281,4.0,288,4.29,285,4.28,290,4.26,290,4.24,287,4.29,286,4.29,286
263,2017/03/07 18:00UTC,1.6,231,1.63,257,2.04,238,2.13,251,2.1,251,1.94,243,2.03,239,2.03,239
264,2017/03/08 00:00UTC,2.87,183,2.56,195,2.91,194,2.62,200,2.61,199,2.76,196,2.85,195,2.85,195
265,2017/03/08 06:00UTC,4.88,212,5.24,190,4.82,209,5.23,195,5.23,195,4.94,202,4.85,207,4.85,207
266,2017/03/08 12:00UTC,6.44,237,5.39,236,6.07,241,5.31,241,5.33,241,5.85,240,6.01,241,6.01,241
267,2017/03/08 18:00UTC,4.07,247,5.05,234,5.44,234,5.14,231,5.14,231,5.35,233,5.4,234,5.4,234
268,2017/03/09 00:00UTC,6.08,236,5.99,240,6.22,235,6.36,239,6.33,239,6.2,237,6.22,235,6.22,236
269,2017/03/09 06:00UTC,4.86,236,4.51,236,4.84,238,4.76,232,4.74,233,4.77,237,4.81,238,4.81,238
270,2017/03/09 12:00UTC,4.36,266,4.34,260,4.47,255,4.6,247,4.58,248,4.51,255,4.45,254,4.45,254
271,2017/03/09 18:00UTC,1.87,294,1.75,284,2.04,267,2.4,247,2.32,249,1.93,269,2.05,265,2.05,266
272,2017/03/10 00:00UTC,0.88,355,1.92,358,2.03,357,2.07,352,2.06,352,2.0,356,2.05,356,2.05,356
273,2017/03/10 06:00UTC,1.87,105,1.85,90,2.21,85,2.15,83,2.13,83,2.07,86,2.2,84,2.2,84
274,2017/03/10 12:00UTC,2.33,147,2.32,143,2.35,134,2.46,121,2.44,123,2.35,135,2.36,133,2.36,133
275,2017/03/10 18:00UTC,1.54,103,2.17,98,2.51,90,2.58,83,2.56,84,2.46,91,2.55,89,2.55,89
276,2017/03/11 00:00UTC,2.15,127,2.37,115,2.52,109,2.57,107,2.55,108,2.47,110,2.51,108,2.51,108
277,2017/03/11 06:00UTC,2.02,129,2.18,118,2.16,111,2.17,108,2.16,109,2.14,113,2.16,111,2.16,111
278,2017/03/11 12:00UTC,2.1,106,1.92,103,2.2,94,1.94,97,1.94,97,2.06,96,2.19,94,2.19,94
279,2017/03/11 18:00UTC,2.83,87,2.67,79,2.74,69,2.85,66,2.82,66,2.68,71,2.76,69,2.75,69
280,2017/03/12 00:00UTC,0.55,125,1.04,109,0.65,85,0.94,124,0.94,122,0.72,97,0.67,87,0.67,88
281,2017/03/12 06:00UTC,0.26,19,0.81,75,1.05,353,0.56,243,0.44,245,0.76,6,0.96,354,0.96,354
282,2017/03/12 12:00UTC,3.45,311,2.12,307,3.3,316,2.61,296,2.58,297,2.96,312,3.21,314,3.21,314
283,2017/03/12 18:00UTC,4.01,329,3.51,347,4.3,341,3.36,353,3.37,353,3.99,343,4.18,342,4.18,342
284,2017/03/13 00:00UTC,2.98,322,4.26,339,4.39,335,4.24,338,4.26,338,4.38,336,4.39,335,4.39,335
285,2017/03/13 06:00UTC,3.24,352,3.73,356,4.14,359,3.77,357,3.77,357,4.02,357,4.12,359,4.12,359
286,2017/03/13 12:00UTC,4.47,347,5.36,2,5.73,2,5.54,4,5.54,4,5.66,2,5.74,2,5.74,2
287,2017/03/13 18:00UTC,1.83,336,2.99,351,2.8,356,3.05,354,3.06,354,2.93,354,2.81,356,2.81,356
288,2017/03/14 00:00UTC,2.37,305,2.59,343,2.81,340,2.85,4,2.82,2,2.74,342,2.8,342,2.8,342
289,2017/03/14 06:00UTC,1.46,297,1.6,349,2.26,356,2.31,9,2.27,8,2.14,356,2.26,358,2.25,358
290,2017/03/14 12:00UTC,2.86,302,2.08,328,2.26,344,2.33,348,2.3,347,2.19,342,2.25,344,2.25,344
291,2017/03/14 18:00UTC,2.31,286,2.68,327,2.95,341,3.0,349,3.01,348,2.96,339,2.99,342,2.98,342
292,2017/03/15 00:00UTC,1.79,285,2.15,339,2.54,349,2.36,1,2.35,360,2.48,348,2.53,350,2.53,350
293,2017/03/15 06:00UTC,1.46,341,1.24,18,1.59,27,1.91,37,1.86,36,1.53,27,1.61,29,1.61,29
294,2017/03/15 12:00UTC,1.55,68,1.95,50,3.01,56,2.94,52,2.87,52,2.75,54,3.0,56,2.99,56
295,2017/03/15 18:00UTC,1.02,39,1.22,37,1.86,49,2.14,40,2.07,40,1.69,47,1.89,48,1.89,48
296,2017/03/16 00:00UTC,1.72,61,2.09,72,2.11,71,2.28,71,2.26,72,2.1,72,2.12,72,2.12,72
297,2017/03/16 06:00UTC,1.17,112,1.38,96,1.73,88,1.89,80,1.85,81,1.63,89,1.74,86,1.73,87
298,2017/03/16 12:00UTC,2.36,154,1.87,145,1.94,143,1.51,143,1.54,143,1.87,143,1.89,142,1.89,142
299,2017/03/16 18:00UTC,1.72,183,1.37,167,1.34,189,1.05,168,1.06,168,1.29,182,1.29,189,1.29,188
300,2017/03/17 00:00UTC,3.03,297,2.76,257,2.73,273,2.78,229,2.76,231,2.7,264,2.7,268,2.7,268
301,2017/03/17 06:00UTC,2.57,318,2.97,332,3.75,340,2.94,347,2.97,346,3.63,339,3.66,341,3.67,340
302,2017/03/17 12:00UTC,3.72,296,2.06,294,2.37,309,2.13,310,2.11,310,2.24,307,2.32,310,2.32,310
303,2017/03/17 18:00UTC,3.49,280,2.94,271,2.9,270,2.71,259,2.71,260,2.86,269,2.89,270,2.89,270
304,2017/03/18 00:00UTC,6.89,249,5.03,253,5.06,259,4.43,257,4.45,257,4.96,258,4.97,259,4.97,259
305,2017/03/18 06:00UTC,7.5,259,6.59,248,6.72,254,6.51,248,6.52,248,6.69,252,6.66,253,6.66,253
306,2017/03/18 12:00UTC,6.08,264,5.89,257,6.19,256,6.61,254,6.55,254,6.12,256,6.21,256,6.21,256
307,2017/03/18 18:00UTC,5.66,260,4.96,252,4.67,255,5.0,245,4.97,245,4.72,254,4.68,254,4.68,254
308,2017/03/19 00:00UTC,4.49,256,4.14,246,4.7,253,4.94,248,4.87,248,4.56,250,4.69,252,4.69,252
309,2017/03/19 06:00UTC,5.02,246,4.61,244,4.94,248,4.86,248,4.83,247,4.83,247,4.92,248,4.92,248
310,2017/03/19 12:00UTC,5.63,252,4.84,254,4.81,258,4.66,257,4.67,257,4.8,257,4.8,258,4.8,258
311,2017/03/19 18:00UTC,3.86,247,3.09,245,3.28,253,3.3,258,3.27,258,3.19,252,3.27,253,3.27,253
312,2017/03/20 00:00UTC,3.69,232,3.05,238,3.17,238,3.14,239,3.13,239,3.11,239,3.17,238,3.17,238
313,2017/03/20 06:00UTC,3.68,222,3.27,227,3.48,231,3.58,235,3.55,235,3.43,231,3.48,231,3.48,231
314,2017/03/20 12:00UTC,6.4,226,5.61,228,5.66,233,5.83,234,5.81,234,5.6,232,5.66,233,5.66,233
315,2017/03/20 18:00UTC,4.8,219,3.76,217,4.19,228,3.93,224,3.92,224,4.01,226,4.15,228,4.14,228
316,2017/03/21 00:00UTC,4.97,238,5.36,227,5.77,227,5.61,229,5.6,229,5.69,227,5.77,227,5.77,227
317,2017/03/21 06:00UTC,2.52,256,1.81,253,2.31,269,2.68,246,2.6,246,2.17,264,2.28,267,2.28,267
318,2017/03/21 12:00UTC,3.85,295,3.29,308,2.89,312,2.95,314,2.97,314,2.99,313,2.87,312,2.88,312
319,2017/03/21 18:00UTC,1.07,298,0.49,260,0.88,242,0.67,238,0.66,237,0.71,239,0.85,240,0.85,240
320,2017/03/22 00:00UTC,2.69,187,2.99,196,3.23,203,3.12,201,3.11,201,3.19,202,3.23,203,3.23,203
321,2017/03/22 06:00UTC,3.98,160,3.91,165,3.94,169,3.81,167,3.82,167,3.91,169,3.89,169,3.89,169
322,2017/03/22 12:00UTC,7.49,163,6.3,162,6.48,163,5.68,161,5.73,161,6.36,163,6.41,163,6.41,163
323,2017/03/22 18:00UTC,0.86,270,2.27,117,1.25,173,1.92,123,1.94,123,1.52,144,1.37,162,1.38,162
324,2017/03/23 00:00UTC,2.44,72,2.62,107,2.55,65,2.34,109,2.34,109,2.36,81,2.52,68,2.52,68
325,2017/03/23 06:00UTC,2.99,56,3.15,79,2.57,73,2.83,98,2.84,96,2.75,78,2.58,74,2.58,75
326,2017/03/23 12:00UTC,4.25,117,4.1,140,2.28,183,2.84,172,2.87,169,2.61,167,2.29,185,2.29,185
327,2017/03/23 18:00UTC,4.23,201,3.96,208,3.41,194,3.04,191,3.11,194,3.46,202,3.44,194,3.44,194
328,2017/03/24 00:00UTC,0.47,211,2.21,236,2.36,215,2.65,228,2.66,228,2.62,220,2.34,216,2.35,216
329,2017/03/24 06:00UTC,1.95,30,1.26,54,2.24,59,2.24,69,2.19,68,2.06,62,2.25,60,2.24,60
330,2017/03/24 12:00UTC,3.75,59,3.53,46,3.81,56,3.7,46,3.66,46,3.56,51,3.8,55,3.79,55
331,2017/03/24 18:00UTC,1.72,47,2.08,19,2.81,35,2.18,25,2.19,24,2.57,29,2.75,34,2.75,34
332,2017/03/25 00:00UTC,5.13,51,4.36,49,5.26,50,5.12,54,5.05,53,4.96,49,5.25,50,5.25,50
333,2017/03/25 06:00UTC,6.36,44,5.83,39,6.58,40,5.67,42,5.66,42,6.22,39,6.51,40,6.5,40
334,2017/03/25 12:00UTC,7.76,55,6.93,54,7.29,55,6.76,58,6.76,57,7.08,55,7.25,55,7.25,55
335,2017/03/25 18:00UTC,4.59,51,3.32,56,3.28,56,2.53,57,2.58,57,3.19,56,3.21,56,3.21,56
336,2017/03/26 00:00UTC,4.74,54,3.42,61,3.28,61,2.83,70,2.85,69,3.17,61,3.21,62,3.21,62
337,2017/03/26 06:00UTC,3.98,70,3.14,80,2.14,81,0.95,151,0.97,137,2.26,83,1.99,82,2.0,82
338,2017/03/26 12:00UTC,3.22,108,1.31,130,1.14,128,1.22,207,1.15,204,0.96,132,1.06,134,1.06,134
339,2017/03/26 18:00UTC,1.96,94,1.82,88,1.87,87,1.87,98,1.86,98,1.89,87,1.86,87,1.87,87
340,2017/03/27 00:00UTC,2.07,82,2.36,94,2.21,100,2.37,96,2.37,96,2.25,98,2.22,99,2.22,99
341,2017/03/27 06:00UTC,1.82,80,2.19,85,2.18,81,2.16,86,2.15,86,2.14,83,2.18,81,2.18,82
342,2017/03/27 12:00UTC,3.47,89,3.16,110,3.83,102,3.89,105,3.86,105,3.72,103,3.83,102,3.83,102
343,2017/03/27 18:00UTC,2.07,116,1.71,120,1.62,131,1.7,159,1.67,156,1.68,126,1.6,134,1.6,134
344,2017/03/28 00:00UTC,1.87,190,2.43,208,2.45,230,2.49,239,2.5,237,2.5,228,2.45,230,2.46,230
345,2017/03/28 06:00UTC,2.32,207,2.49,211,2.63,220,2.89,211,2.87,211,2.65,217,2.63,220,2.63,220
346,2017/03/28 12:00UTC,4.4,237,4.06,235,4.36,241,4.04,240,4.05,240,4.27,239,4.33,241,4.33,241
347,2017/03/28 18:00UTC,2.5,229,2.02,245,2.28,241,1.96,253,1.96,252,2.18,243,2.26,243,2.26,243
348,2017/03/29 00:00UTC,2.72,222,2.47,236,2.54,239,2.41,242,2.41,241,2.54,239,2.51,240,2.51,240
349,2017/03/29 06:00UTC,2.68,205,2.26,210,2.47,210,2.09,215,2.11,214,2.4,211,2.43,210,2.43,210
350,2017/03/29 12:00UTC,3.26,202,2.57,193,2.84,198,1.89,193,1.94,192,2.67,195,2.74,197,2.74,197
351,2017/03/29 18:00UTC,1.95,171,1.76,152,1.46,162,1.33,122,1.35,124,1.49,156,1.41,159,1.41,159
352,2017/03/30 00:00UTC,2.52,191,2.71,175,2.81,171,2.67,161,2.67,162,2.79,172,2.79,170,2.79,170
353,2017/03/30 06:00UTC,2.6,172,2.68,164,2.71,161,2.83,154,2.81,154,2.72,162,2.7,160,2.7,160
354,2017/03/30 12:00UTC,4.57,157,3.87,154,4.23,159,3.59,156,3.61,156,4.06,157,4.17,159,4.17,159
355,2017/03/30 18:00UTC,2.3,143,2.32,155,2.27,165,2.24,163,2.25,163,2.28,162,2.26,164,2.26,164
356,2017/03/31 00:00UTC,2.81,174,2.84,173,3.59,181,3.61,178,3.55,178,3.4,180,3.59,181,3.58,181
357,2017/03/31 06:00UTC,4.87,199,4.36,186,4.51,197,4.1,186,4.11,186,4.46,194,4.45,196,4.45,196
358,2017/03/31 12:00UTC,5.31,220,4.7,219,4.74,220,4.86,221,4.84,221,4.68,219,4.72,219,4.72,219
359,2017/03/31 18:00UTC,2.19,210,3.73,184,3.63,200,4.38,186,4.35,186,3.73,193,3.72,199,3.71,199
360,2017/04/01 00:00UTC,2.98,210,3.29,186,2.97,212,3.32,191,3.31,191,2.98,202,2.97,210,2.97,210
361,2017/04/01 06:00UTC,2.81,222,2.03,201,3.37,231,2.47,220,2.43,219,2.9,227,3.3,231,3.3,231
362,2017/04/01 12:00UTC,3.12,226,2.31,222,3.33,230,2.83,237,2.8,237,3.04,230,3.28,231,3.28,231
363,2017/04/01 18:00UTC,1.04,222,1.44,210,1.77,213,1.91,214,1.88,214,1.69,213,1.78,214,1.78,214
364,2017/04/02 00:00UTC,1.14,23,0.46,269,0.92,285,1.22,247,1.17,247,0.82,273,0.9,278,0.9,278
365,2017/04/02 06:00UTC,1.93,352,1.31,338,1.99,336,1.55,273,1.48,275,1.64,331,1.87,334,1.87,334
366,2017/04/02 12:00UTC,1.73,3,1.97,358,1.54,14,1.56,354,1.58,354,1.63,7,1.5,12,1.5,12
367,2017/04/02 18:00UTC,2.88,344,2.6,356,2.68,354,2.49,360,2.49,360,2.65,356,2.65,355,2.65,355
368,2017/04/03 00:00UTC,1.86,27,2.57,14,2.71,18,2.73,14,2.72,14,2.66,16,2.72,17,2.72,17
369,2017/04/03 06:00UTC,0.88,50,1.6,22,1.72,26,1.8,24,1.78,24,1.68,22,1.73,25,1.73,25
370,2017/04/03 12:00UTC,1.68,321,2.29,356,2.11,358,2.9,9,2.86,9,2.28,359,2.2,360,2.2,360
371,2017/04/03 18:00UTC,1.83,332,1.76,6,1.75,9,1.94,20,1.93,20,1.81,11,1.76,11,1.76,11
372,2017/04/04 00:00UTC,2.4,338,0.53,325,2.66,310,0.34,230,0.35,239,1.89,308,2.48,309,2.47,309
373,2017/04/04 06:00UTC,0.58,32,1.63,329,1.58,330,1.76,305,1.77,306,1.68,324,1.63,328,1.63,328
374,2017/04/04 12:00UTC,3.03,337,2.73,352,3.54,326,2.59,316,2.57,319,3.19,330,3.43,326,3.43,326
375,2017/04/04 18:00UTC,3.87,342,3.13,357,3.85,339,3.16,352,3.15,352,3.54,344,3.84,339,3.83,339
376,2017/04/05 00:00UTC,2.79,334,3.4,337,3.46,348,3.43,348,3.44,347,3.45,345,3.49,349,3.49,348
377,2017/04/05 06:00UTC,4.88,12,5.03,357,5.11,8,4.84,357,4.85,357,5.04,3,5.06,7,5.06,7
378,2017/04/05 12:00UTC,4.58,2,5.31,359,5.3,4,5.02,10,5.02,9,5.28,3,5.27,4,5.27,4
379,2017/04/05 18:00UTC,4.21,335,3.18,342,3.4,341,3.11,347,3.09,347,3.29,341,3.35,341,3.35,341
380,2017/04/06 00:00UTC,2.56,0,2.93,356,3.26,8,3.65,9,3.58,8,3.17,5,3.3,8,3.3,8
381,2017/04/06 06:00UTC,2.82,12,3.73,12,3.9,20,3.95,19,3.94,19,3.91,18,3.92,20,3.92,20
382,2017/04/06 12:00UTC,4.08,26,4.69,24,5.51,35,5.83,27,5.75,27,5.34,32,5.54,35,5.53,35
383,2017/04/06 18:00UTC,2.2,32,2.33,33,2.6,35,2.6,31,2.58,31,2.52,33,2.61,35,2.61,35
384,2017/04/07 00:00UTC,0.95,53,1.27,63,1.69,66,1.87,61,1.83,62,1.59,66,1.7,66,1.7,66
385,2017/04/07 06:00UTC,0.62,9,1.7,39,2.1,47,2.43,43,2.39,43,2.05,45,2.14,46,2.13,46
386,2017/04/07 12:00UTC,1.5,38,2.01,34,2.64,54,2.9,46,2.84,45,2.49,49,2.67,53,2.66,53
387,2017/04/07 18:00UTC,2.15,11,1.98,21,1.93,37,2.19,29,2.16,28,1.87,32,1.94,37,1.94,37
388,2017/04/08 00:00UTC,1.98,57,2.17,57,2.49,60,2.45,67,2.43,66,2.38,61,2.48,61,2.48,61
389,2017/04/08 06:00UTC,1.8,76,1.89,70,2.42,80,2.27,80,2.25,79,2.27,78,2.41,79,2.4,79
390,2017/04/08 12:00UTC,1.76,70,1.71,55,2.4,79,2.31,67,2.27,67,2.19,74,2.39,78,2.39,78
391,2017/04/08 18:00UTC,2.57,64,2.22,54,2.44,71,2.38,56,2.36,57,2.32,66,2.44,69,2.44,69
392,2017/04/09 00:00UTC,1.72,104,1.72,102,2.06,102,2.07,98,2.04,98,1.97,103,2.05,101,2.05,102
393,2017/04/09 06:00UTC,1.95,138,1.82,122,1.97,122,1.86,118,1.85,118,1.9,121,1.95,121,1.95,121
394,2017/04/09 12:00UTC,1.15,159,0.93,159,1.08,145,0.93,137,0.93,138,1.01,147,1.06,144,1.06,144
395,2017/04/09 18:00UTC,0.97,280,0.97,312,1.27,312,1.27,332,1.26,332,1.18,315,1.28,315,1.28,315
396,2017/04/10 00:00UTC,2.86,279,3.21,282,2.88,306,2.57,281,2.63,281,2.97,297,2.87,304,2.87,304
397,2017/04/10 06:00UTC,4.78,324,3.28,321,3.71,331,2.48,331,2.52,330,3.49,329,3.57,331,3.58,330
398,2017/04/10 12:00UTC,3.41,342,3.92,351,4.22,356,4.31,352,4.29,352,4.17,354,4.23,356,4.23,356
399,2017/04/10 18:00UTC,3.45,348,2.93,342,3.15,342,2.5,340,2.53,341,3.06,341,3.12,341,3.12,341
400,2017/04/11 00:00UTC,2.0,3,3.14,6,3.31,2,3.74,2,3.7,2,3.31,2,3.36,2,3.36,2
401,2017/04/11 06:00UTC,1.42,330,2.1,3,2.29,12,2.49,16,2.46,15,2.26,10,2.32,13,2.32,13
402,2017/04/11 12:00UTC,1.46,9,2.89,30,3.18,32,3.41,29,3.38,30,3.15,31,3.22,32,3.22,32
403,2017/04/11 18:00UTC,2.01,323,1.8,17,2.08,14,1.8,31,1.81,31,2.0,17,2.03,17,2.03,17
404,2017/04/12 00:00UTC,1.52,309,2.03,346,2.38,351,1.9,353,1.94,352,2.31,348,2.38,351,2.38,351
405,2017/04/12 06:00UTC,2.23,268,2.03,306,2.0,320,1.92,330,1.93,329,2.04,317,1.99,321,1.99,321
406,2017/04/12 12:00UTC,4.03,270,3.13,266,3.02,276,2.64,271,2.66,271,2.97,273,2.97,275,2.98,275
407,2017/04/12 18:00UTC,4.13,304,3.02,304,3.13,304,2.64,295,2.65,296,3.04,304,3.1,304,3.1,304
408,2017/04/13 00:00UTC,2.94,277,2.5,297,2.73,311,2.72,325,2.69,324,2.68,309,2.71,312,2.71,312
409,2017/04/13 06:00UTC,2.41,291,1.81,295,2.06,314,1.58,298,1.6,298,1.94,308,2.0,313,2.0,312
410,2017/04/13 12:00UTC,3.05,305,1.62,335,1.5,320,1.42,338,1.42,338,1.47,325,1.46,321,1.47,321
411,2017/04/13 18:00UTC,1.78,351,1.38,29,1.71,21,1.58,36,1.58,36,1.67,27,1.69,22,1.69,22
412,2017/04/14 00:00UTC,2.38,16,1.89,35,1.14,23,0.74,144,0.66,132,1.19,32,0.98,27,0.99,27
413,2017/04/14 06:00UTC,1.38,337,2.49,6,2.62,358,1.84,331,1.9,335,2.59,358,2.6,357,2.6,357
414,2017/04/14 12:00UTC,2.89,304,2.76,308,2.73,308,2.76,305,2.76,306,2.74,307,2.7,308,2.71,308
415,2017/04/14 18:00UTC,2.29,315,2.39,337,2.61,331,2.38,334,2.39,334,2.55,333,2.6,331,2.6,331
416,2017/04/15 00:00UTC,2.5,282,2.23,318,2.16,316,2.0,333,2.02,332,2.16,320,2.14,318,2.14,318
417,2017/04/15 06:00UTC,3.01,260,2.38,281,2.92,292,2.35,302,2.34,301,2.73,291,2.88,293,2.88,293
418,2017/04/15 12:00UTC,4.94,281,4.0,283,4.09,286,3.81,288,3.81,288,4.0,287,4.07,286,4.06,286
419,2017/04/15 18:00UTC,2.98,306,2.17,286,2.4,289,2.31,278,2.3,279,2.3,287,2.41,288,2.4,288
420,2017/04/16 00:00UTC,3.36,290,3.06,302,3.17,307,3.1,312,3.1,312,3.17,306,3.15,307,3.15,307
421,2017/04/16 06:00UTC,3.02,287,3.03,297,3.38,300,2.9,296,2.92,296,3.28,299,3.35,300,3.35,300
422,2017/04/16 12:00UTC,4.8,309,3.79,314,3.91,317,3.42,315,3.44,315,3.83,316,3.86,317,3.86,317
423,2017/04/16 18:00UTC,3.1,309,1.81,300,1.98,299,1.55,291,1.56,291,1.88,299,1.94,298,1.94,298
424,2017/04/17 00:00UTC,3.05,251,2.32,273,2.32,282,2.21,283,2.21,283,2.28,281,2.29,282,2.29,282
425,2017/04/17 06:00UTC,4.58,278,3.48,268,3.52,283,2.87,268,2.91,268,3.43,278,3.45,282,3.45,282
426,2017/04/17 12:00UTC,4.9,335,5.21,331,5.25,331,4.76,330,4.78,330,5.18,330,5.24,331,5.24,331
427,2017/04/17 18:00UTC,2.53,5,2.57,1,2.56,9,2.48,3,2.49,3,2.58,9,2.54,9,2.55,9
428,2017/04/18 00:00UTC,2.11,27,2.4,14,2.69,19,2.64,16,2.63,16,2.59,16,2.68,19,2.68,19
429,2017/04/18 06:00UTC,1.75,4,2.29,1,2.61,19,2.52,22,2.5,21,2.5,15,2.61,19,2.6,19
430,2017/04/18 12:00UTC,4.77,6,4.47,347,4.01,9,4.25,0,4.26,359,4.09,2,4.0,8,4.01,8
431,2017/04/18 18:00UTC,3.38,11,3.24,17,3.43,18,3.32,23,3.31,23,3.37,18,3.42,19,3.42,19
432,2017/04/19 00:00UTC,3.19,12,2.91,13,3.31,13,2.91,23,2.9,22,3.14,13,3.27,14,3.27,14
433,2017/04/19 06:00UTC,3.26,38,3.23,25,3.53,30,3.4,30,3.39,30,3.42,28,3.54,30,3.54,30
434,2017/04/19 12:00UTC,5.53,28,5.61,18,5.64,24,5.62,20,5.62,20,5.63,21,5.64,23,5.64,23
435,2017/04/19 18:00UTC,3.47,38,3.35,25,3.72,32,3.45,27,3.44,27,3.58,30,3.7,32,3.7,32
436,2017/04/20 00:00UTC,3.05,44,2.91,38,3.22,37,2.86,38,2.86,38,3.08,37,3.2,37,3.2,37
437,2017/04/20 06:00UTC,1.88,68,2.32,70,2.74,62,3.04,63,2.99,63,2.65,64,2.77,62,2.77,62
438,2017/04/20 12:00UTC,2.02,48,3.37,49,4.18,53,4.68,50,4.61,50,4.07,52,4.24,53,4.24,53
439,2017/04/20 18:00UTC,1.96,25,2.54,24,2.64,30,2.74,26,2.72,26,2.63,28,2.64,30,2.64,30
440,2017/04/21 00:00UTC,1.83,32,2.14,52,2.58,51,2.54,62,2.52,61,2.46,53,2.58,52,2.58,52
441,2017/04/21 06:00UTC,0.92,353,1.46,22,1.72,42,1.53,51,1.52,49,1.61,37,1.71,42,1.71,42
442,2017/04/21 12:00UTC,1.04,360,1.16,5,1.46,56,1.6,55,1.54,53,1.31,45,1.48,56,1.47,56
443,2017/04/21 18:00UTC,2.74,7,1.97,11,1.51,22,1.1,34,1.13,32,1.51,18,1.45,23,1.45,23
444,2017/04/22 00:00UTC,1.67,340,1.78,29,2.09,32,2.23,40,2.2,40,2.01,34,2.1,33,2.1,33
445,2017/04/22 06:00UTC,1.51,326,1.51,347,1.99,16,1.63,32,1.61,28,1.84,9,1.96,17,1.96,17
446,2017/04/22 12:00UTC,2.29,345,2.21,2,2.6,18,2.88,14,2.83,14,2.57,17,2.58,18,2.58,18
447,2017/04/22 18:00UTC,3.25,39,3.09,24,2.75,24,2.82,19,2.84,20,2.89,24,2.75,24,2.75,24
448,2017/04/23 00:00UTC,2.23,43,2.72,25,3.02,33,3.14,32,3.11,31,2.95,30,3.04,32,3.03,32
449,2017/04/23 06:00UTC,2.1,59,2.59,47,2.94,55,3.0,56,2.97,56,2.83,52,2.96,55,2.95,54
450,2017/04/23 12:00UTC,2.5,42,3.54,34,4.05,43,4.12,39,4.09,39,3.95,40,4.08,42,4.07,42
451,2017/04/23 18:00UTC,1.98,33,2.42,21,2.41,25,2.3,23,2.3,23,2.39,23,2.4,25,2.4,25
452,2017/04/24 00:00UTC,1.32,74,2.18,58,2.6,52,2.62,55,2.6,55,2.5,54,2.62,52,2.62,52
453,2017/04/24 06:00UTC,1.01,75,1.91,70,2.36,51,2.25,55,2.24,56,2.25,55,2.36,51,2.36,51
454,2017/04/24 12:00UTC,1.4,348,1.46,11,2.08,21,1.89,31,1.86,30,1.91,20,2.05,22,2.05,22
455,2017/04/24 18:00UTC,2.92,315,2.83,327,2.99,338,2.43,338,2.46,337,2.91,335,2.95,338,2.95,338
456,2017/04/25 00:00UTC,2.74,271,2.15,301,2.42,321,2.07,344,2.06,341,2.32,319,2.39,323,2.39,323
457,2017/04/25 06:00UTC,3.13,342,5.02,356,5.29,3,4.97,0,5.02,0,5.3,1,5.3,3,5.29,3
458,2017/04/25 12:00UTC,3.6,2,2.66,15,3.33,18,3.67,16,3.57,17,3.12,18,3.32,19,3.32,19
459,2017/04/25 18:00UTC,3.67,324,2.11,341,2.5,341,1.72,353,1.74,353,2.31,342,2.4,342,2.4,342
460,2017/04/26 00:00UTC,2.91,344,3.63,4,4.11,3,3.52,6,3.55,6,3.93,3,4.09,4,4.09,4
461,2017/04/26 06:00UTC,2.56,341,3.08,347,3.4,350,3.71,360,3.66,359,3.33,349,3.44,351,3.43,351
462,2017/04/26 12:00UTC,4.41,348,3.45,345,3.88,346,2.61,352,2.67,351,3.65,346,3.78,346,3.77,346
463,2017/04/26 18:00UTC,2.84,334,2.93,331,2.76,340,2.67,332,2.69,332,2.79,336,2.77,339,2.77,339
464,2017/04/27 00:00UTC,3.09,342,3.12,335,3.3,333,2.83,332,2.86,332,3.23,332,3.27,333,3.27,333
465,2017/04/27 06:00UTC,2.57,337,2.65,343,3.01,347,2.68,351,2.68,350,2.89,345,2.99,347,2.98,347
466,2017/04/27 12:00UTC,4.22,345,3.79,355,4.14,358,3.96,359,3.95,359,4.03,357,4.11,358,4.11,358
467,2017/04/27 18:00UTC,3.03,330,2.56,341,2.9,339,2.76,341,2.74,341,2.79,339,2.89,339,2.89,339
468,2017/04/28 00:00UTC,2.0,267,1.63,322,2.28,320,2.29,338,2.26,337,2.14,322,2.28,322,2.27,322
469,2017/04/28 06:00UTC,2.07,272,2.42,239,2.99,248,2.43,235,2.44,235,2.8,244,2.94,247,2.94,246
470,2017/04/28 12:00UTC,2.97,308,0.78,270,2.31,313,1.15,264,1.09,265,1.64,307,2.18,312,2.17,312
471,2017/04/28 18:00UTC,2.07,320,1.54,310,1.9,312,1.87,269,1.83,272,1.79,307,1.85,308,1.85,308
472,2017/04/29 00:00UTC,0.88,38,1.47,20,1.57,18,1.1,346,1.13,349,1.52,14,1.58,16,1.57,16
473,2017/04/29 06:00UTC,1.33,134,1.58,131,1.42,130,1.5,161,1.49,158,1.42,134,1.4,132,1.4,132
474,2017/04/29 12:00UTC,3.61,138,2.87,132,3.62,142,3.0,132,3.0,132,3.33,139,3.56,141,3.56,141
475,2017/04/29 18:00UTC,3.76,98,2.96,103,3.6,102,3.24,100,3.22,101,3.42,103,3.56,102,3.56,102
476,2017/04/30 00:00UTC,3.61,104,3.89,109,4.16,115,4.06,115,4.05,115,4.08,114,4.14,115,4.14,115
477,2017/04/30 06:00UTC,4.41,140,4.4,152,4.27,158,4.78,161,4.72,161,4.28,157,4.25,158,4.26,158
478,2017/04/30 12:00UTC,6.55,157,5.99,165,6.51,169,5.79,175,5.8,175,6.28,170,6.42,169,6.42,169
479,2017/04/30 18:00UTC,4.81,194,5.35,228,6.26,206,6.38,224,6.29,224,5.93,211,6.27,208,6.27,208
480,2017/05/01 00:00UTC,5.5,185,5.72,190,6.15,198,5.73,194,5.74,194,5.99,195,6.12,198,6.12,198
481,2017/05/01 06:00UTC,6.71,219,6.07,219,6.82,222,6.75,224,6.71,223,6.71,222,6.81,222,6.8,222
482,2017/05/01 12:00UTC,6.55,231,6.34,229,6.98,236,6.57,235,6.55,235,6.74,234,6.94,236,6.94,236
483,2017/05/01 18:00UTC,3.79,202,3.36,199,4.06,209,3.75,207,3.73,206,3.88,207,4.03,208,4.03,208
484,2017/05/02 00:00UTC,1.65,142,1.48,177,2.01,166,1.83,176,1.8,176,1.81,170,1.98,167,1.98,167
485,2017/05/02 06:00UTC,1.43,141,1.29,139,1.87,109,2.0,110,1.95,111,1.67,113,1.9,108,1.9,108
486,2017/05/02 12:00UTC,2.01,4,2.72,4,2.38,21,3.09,28,3.05,27,2.54,17,2.46,21,2.46,21
487,2017/05/02 18:00UTC,3.81,2,3.33,338,3.23,330,2.14,309,2.23,311,3.23,328,3.16,329,3.16,329
488,2017/05/03 00:00UTC,2.09,334,2.07,350,2.13,2,2.28,9,2.25,8,2.1,360,2.14,3,2.14,3
489,2017/05/03 06:00UTC,1.95,331,2.14,323,2.14,335,1.52,321,1.57,321,2.11,329,2.08,334,2.08,334
490,2017/05/03 12:00UTC,1.31,13,1.05,1,1.51,336,2.0,327,1.93,327,1.46,333,1.56,335,1.56,335
491,2017/05/03 18:00UTC,2.25,44,1.36,14,1.23,34,0.82,9,0.85,9,1.14,29,1.19,32,1.19,32
492,2017/05/04 00:00UTC,2.62,357,2.11,346,1.91,358,1.12,6,1.19,3,1.9,352,1.86,358,1.86,358
493,2017/05/04 06:00UTC,3.2,11,2.24,1,2.72,0,1.72,4,1.77,3,2.51,359,2.64,0,2.64,0
494,2017/05/04 12:00UTC,2.67,9,2.37,355,2.63,358,1.78,8,1.81,6,2.49,356,2.56,357,2.56,357
495,2017/05/04 18:00UTC,2.26,13,2.16,1,2.28,5,1.43,358,1.49,358,2.19,3,2.21,5,2.21,5
496,2017/05/05 00:00UTC,2.9,26,2.28,25,2.43,31,1.92,36,1.94,35,2.28,29,2.39,32,2.39,31
497,2017/05/05 06:00UTC,4.52,51,2.77,39,3.17,52,2.13,57,2.15,56,2.89,48,3.07,52,3.07,51
498,2017/05/05 12:00UTC,5.46,56,3.96,73,4.56,78,4.1,88,4.08,87,4.31,79,4.52,79,4.51,79
499,2017/05/05 18:00UTC,4.14,58,2.96,58,3.79,73,3.19,80,3.15,79,3.43,71,3.74,73,3.73,73
500,2017/05/06 00:00UTC,5.54,72,5.07,84,4.68,79,4.65,87,4.67,87,4.73,81,4.66,80,4.66,80
501,2017/05/06 06:00UTC,3.92,73,2.62,111,1.69,138,3.0,179,2.86,176,1.83,135,1.77,144,1.77,144
502,2017/05/06 12:00UTC,2.26,354,1.84,260,4.17,275,5.9,258,5.62,258,3.69,270,4.32,273,4.31,273
503,2017/05/06 18:00UTC,4.53,290,3.99,277,3.82,282,4.24,266,4.21,267,3.92,280,3.86,281,3.86,281
504,2017/05/07 00:00UTC,5.39,314,4.27,270,5.3,282,4.96,255,4.93,256,5.13,276,5.22,279,5.22,279
505,2017/05/07 06:00UTC,4.4,321,5.28,317,4.33,308,4.67,297,4.69,298,4.62,310,4.37,307,4.37,307
506,2017/05/07 12:00UTC,4.13,323,4.44,332,4.2,316,4.13,325,4.16,326,4.32,322,4.21,317,4.21,317
507,2017/05/07 18:00UTC,3.3,346,3.22,343,3.48,341,2.9,332,2.94,333,3.42,341,3.44,341,3.44,341
508,2017/05/08 00:00UTC,2.45,323,2.62,335,2.81,343,2.77,348,2.75,347,2.74,341,2.8,344,2.8,344
509,2017/05/08 06:00UTC,1.66,327,1.71,341,1.82,339,2.04,356,2.0,355,1.75,340,1.8,341,1.8,341
510,2017/05/08 12:00UTC,4.39,358,3.91,2,4.12,8,2.86,2,2.94,3,3.99,8,3.96,8,3.96,8
511,2017/05/08 18:00UTC,4.36,3,2.72,342,3.17,360,2.31,351,2.32,350,2.9,354,3.05,359,3.05,359
512,2017/05/09 00:00UTC,4.13,6,3.82,5,3.84,14,2.75,8,2.82,8,3.71,11,3.76,13,3.76,13
513,2017/05/09 06:00UTC,3.98,29,3.59,13,3.86,21,3.32,15,3.34,14,3.7,18,3.83,21,3.83,21
514,2017/05/09 12:00UTC,4.26,45,3.7,39,4.01,47,3.66,42,3.65,42,3.87,44,3.98,47,3.98,47
515,2017/05/09 18:00UTC,2.65,35,1.59,29,1.85,50,1.43,41,1.43,41,1.7,45,1.8,51,1.8,51
516,2017/05/10 00:00UTC,3.03,44,2.53,62,2.83,64,2.6,78,2.58,77,2.68,65,2.79,65,2.79,65
517,2017/05/10 06:00UTC,2.66,72,2.91,89,3.62,82,3.67,90,3.63,90,3.45,85,3.62,83,3.61,83
518,2017/05/10 12:00UTC,4.21,94,3.95,96,4.11,97,3.71,102,3.73,101,4.05,97,4.08,97,4.08,97
519,2017/05/10 18:00UTC,2.1,105,1.53,125,1.6,146,1.44,171,1.43,168,1.54,142,1.58,149,1.58,149
520,2017/05/11 00:00UTC,1.54,180,2.67,226,2.75,221,2.73,221,2.75,222,2.84,226,2.75,222,2.75,222
521,2017/05/11 06:00UTC,2.39,137,2.11,136,2.31,139,2.21,141,2.19,140,2.21,139,2.27,139,2.27,139
522,2017/05/11 12:00UTC,5.04,168,5.18,182,5.48,186,5.84,187,5.79,187,5.49,188,5.46,186,5.46,186
523,2017/05/11 18:00UTC,2.98,159,3.01,158,3.26,148,3.29,156,3.27,156,3.15,151,3.26,149,3.26,149
524,2017/05/12 00:00UTC,2.47,188,2.85,183,2.98,196,3.08,188,3.06,188,2.96,194,2.98,196,2.97,196
525,2017/05/12 06:00UTC,3.32,193,3.47,188,3.44,188,3.57,185,3.55,185,3.45,188,3.45,188,3.45,188
526,2017/05/12 12:00UTC,4.13,174,5.21,176,5.38,194,5.81,192,5.77,191,5.4,189,5.44,194,5.44,194
527,2017/05/12 18:00UTC,2.28,208,2.32,208,2.18,221,2.38,232,2.35,230,2.22,219,2.19,222,2.19,222
528,2017/05/13 00:00UTC,3.44,203,3.23,202,3.39,208,3.35,204,3.34,204,3.35,207,3.39,208,3.39,208
529,2017/05/13 06:00UTC,3.86,222,3.38,221,3.58,227,3.39,225,3.38,224,3.51,225,3.56,226,3.56,226
530,2017/05/13 12:00UTC,4.37,224,4.02,229,4.14,231,3.91,214,3.91,215,4.08,229,4.11,230,4.11,230
531,2017/05/13 18:00UTC,2.42,217,2.85,217,3.17,219,3.19,220,3.18,220,3.1,218,3.18,218,3.18,218
532,2017/05/14 00:00UTC,3.03,234,2.96,231,3.22,239,3.15,226,3.14,227,3.17,236,3.21,239,3.21,239
533,2017/05/14 06:00UTC,3.55,206,3.12,200,3.32,204,3.05,205,3.06,204,3.25,203,3.29,204,3.29,204
534,2017/05/14 12:00UTC,4.12,253,4.45,233,4.88,239,4.72,232,4.71,232,4.77,237,4.87,239,4.87,239
535,2017/05/14 18:00UTC,1.85,338,2.33,339,2.18,321,1.92,306,1.93,310,2.2,327,2.18,320,2.18,320
536,2017/05/15 00:00UTC,2.7,110,2.55,96,2.33,105,1.68,93,1.76,93,2.43,103,2.28,103,2.29,103
537,2017/05/15 06:00UTC,2.61,170,2.45,175,2.62,191,2.48,192,2.47,191,2.56,189,2.6,191,2.6,191
538,2017/05/15 12:00UTC,2.62,198,2.02,190,2.35,193,1.65,185,1.68,185,2.19,192,2.28,193,2.28,193
539,2017/05/15 18:00UTC,1.66,191,1.29,188,1.3,189,0.99,174,1.01,175,1.26,188,1.26,189,1.26,189
540,2017/05/16 00:00UTC,2.91,176,3.17,161,3.07,162,3.38,157,3.37,158,3.13,161,3.08,160,3.08,161
541,2017/05/16 06:00UTC,2.97,196,3.23,194,3.23,197,2.89,191,2.92,192,3.22,197,3.19,196,3.19,196
542,2017/05/16 12:00UTC,3.55,186,2.89,175,3.32,170,2.58,153,2.59,155,3.12,170,3.25,168,3.25,168
543,2017/05/16 18:00UTC,0.27,160,1.41,139,1.17,162,1.33,126,1.34,128,1.22,153,1.17,158,1.17,158
544,2017/05/17 00:00UTC,1.88,157,2.15,134,2.07,155,2.43,131,2.42,132,2.12,147,2.08,152,2.09,152
545,2017/05/17 06:00UTC,2.2,147,2.34,163,2.49,160,2.63,166,2.61,166,2.47,163,2.49,161,2.49,161
546,2017/05/17 12:00UTC,3.76,173,3.67,167,3.65,183,3.54,179,3.54,178,3.63,179,3.62,183,3.62,183
547,2017/05/17 18:00UTC,5.44,265,3.64,244,4.53,260,3.41,252,3.43,251,4.21,256,4.42,260,4.41,260
548,2017/05/18 00:00UTC,0.73,251,2.03,264,2.24,254,2.6,254,2.56,255,2.22,257,2.27,255,2.27,255
549,2017/05/18 06:00UTC,0.9,246,3.03,210,3.11,209,3.13,218,3.12,218,3.14,210,3.13,209,3.13,209
550,2017/05/18 12:00UTC,2.71,122,3.18,149,3.83,179,3.79,166,3.75,165,3.67,171,3.79,178,3.78,178
551,2017/05/18 18:00UTC,7.01,315,7.23,296,6.8,305,8.51,285,8.46,286,7.56,300,6.94,304,6.95,304
552,2017/05/19 00:00UTC,3.54,257,3.46,256,3.25,256,3.48,255,3.45,255,3.26,257,3.26,256,3.26,256
553,2017/05/19 06:00UTC,4.24,258,3.63,255,3.65,262,3.78,255,3.76,255,3.68,260,3.64,261,3.64,261
554,2017/05/19 12:00UTC,3.4,239,3.89,224,3.9,219,3.94,230,3.94,229,3.93,220,3.9,220,3.9,220
555,2017/05/19 18:00UTC,1.22,254,2.11,232,2.92,235,3.23,233,3.15,233,2.76,234,2.95,235,2.95,235
556,2017/05/20 00:00UTC,1.97,262,2.62,222,2.62,240,2.85,216,2.84,217,2.66,234,2.63,238,2.64,238
557,2017/05/20 06:00UTC,1.9,198,2.31,201,2.57,206,3.13,209,3.06,209,2.57,206,2.61,206,2.61,206
558,2017/05/20 12:00UTC,3.6,210,3.67,208,3.73,217,3.51,220,3.52,219,3.7,215,3.71,217,3.71,217
559,2017/05/20 18:00UTC,1.65,216,1.95,221,2.02,228,1.95,233,1.95,232,2.0,228,2.03,229,2.03,229
560,2017/05/21 00:00UTC,1.19,224,0.92,234,1.1,250,0.75,238,0.77,239,1.03,248,1.06,249,1.06,249
561,2017/05/21 06:00UTC,1.0,127,0.78,123,1.14,111,1.05,114,1.03,114,0.99,113,1.11,111,1.11,111
562,2017/05/21 12:00UTC,2.84,128,2.63,124,3.04,123,2.8,118,2.79,119,2.91,123,3.02,122,3.02,122
563,2017/05/21 18:00UTC,2.75,110,2.15,113,2.57,115,2.12,117,2.13,116,2.4,115,2.54,115,2.53,115
564,2017/05/22 00:00UTC,3.02,87,3.22,92,3.27,88,3.16,94,3.16,94,3.22,89,3.26,88,3.26,88
565,2017/05/22 06:00UTC,3.06,99,3.17,108,3.38,104,3.14,109,3.15,109,3.31,106,3.34,105,3.34,105
566,2017/05/22 12:00UTC,2.72,135,2.28,153,2.21,168,2.07,183,2.06,181,2.18,165,2.18,170,2.18,169
567,2017/05/22 18:00UTC,0.95,264,1.26,235,1.66,248,1.86,243,1.82,243,1.62,244,1.67,247,1.67,247
568,2017/05/23 00:00UTC,2.73,299,2.29,284,2.96,305,2.35,270,2.35,271,2.74,298,2.88,303,2.88,303
569,2017/05/23 06:00UTC,4.02,305,3.4,326,3.67,333,3.11,336,3.14,336,3.61,333,3.6,334,3.6,334
570,2017/05/23 12:00UTC,4.16,324,3.63,329,3.58,334,3.42,327,3.43,328,3.59,333,3.56,334,3.56,334
571,2017/05/23 18:00UTC,3.08,326,2.43,338,2.54,336,2.26,332,2.27,332,2.48,335,2.52,335,2.52,335
572,2017/05/24 00:00UTC,1.92,317,2.45,351,2.68,356,2.71,9,2.69,8,2.63,355,2.69,357,2.69,357
573,2017/05/24 06:00UTC,1.37,311,1.46,358,1.81,9,1.7,21,1.69,19,1.73,7,1.8,10,1.8,10
574,2017/05/24 12:00UTC,2.27,335,1.99,354,2.17,1,2.24,359,2.22,359,2.13,357,2.16,1,2.16,1
575,2017/05/24 18:00UTC,1.91,16,2.1,8,2.42,25,2.56,12,2.53,12,2.34,20,2.41,24,2.41,24
576,2017/05/25 00:00UTC,3.55,34,3.1,25,3.14,33,2.93,36,2.93,35,3.06,31,3.12,33,3.12,33
577,2017/05/25 06:00UTC,3.64,57,3.35,49,3.79,56,3.47,57,3.45,57,3.59,54,3.77,56,3.76,56
578,2017/05/25 12:00UTC,4.5,63,4.17,59,4.53,64,4.29,61,4.28,61,4.39,62,4.52,64,4.51,64
579,2017/05/25 18:00UTC,2.81,67,2.66,46,2.81,54,2.85,35,2.84,36,2.77,50,2.81,53,2.81,52
580,2017/05/26 00:00UTC,2.37,66,2.25,67,2.4,75,2.48,72,2.44,72,2.3,74,2.4,75,2.4,75
581,2017/05/26 06:00UTC,4.92,99,4.59,96,4.84,95,4.4,94,4.41,94,4.71,96,4.8,95,4.8,95
582,2017/05/26 12:00UTC,5.77,100,4.95,101,5.13,101,4.84,100,4.84,100,5.02,101,5.1,101,5.1,101
583,2017/05/26 18:00UTC,2.75,94,2.36,108,2.91,100,2.78,99,2.74,100,2.73,103,2.88,100,2.88,100
584,2017/05/27 00:00UTC,2.82,118,3.05,121,2.89,132,2.89,131,2.9,130,2.93,129,2.87,132,2.87,132
585,2017/05/27 06:00UTC,1.68,155,2.34,165,2.82,223,2.96,208,2.88,206,2.51,210,2.82,221,2.82,221
586,2017/05/27 12:00UTC,2.22,267,2.17,241,2.77,246,3.08,227,3.02,228,2.69,243,2.77,244,2.77,244
587,2017/05/27 18:00UTC,2.81,8,0.79,317,0.43,321,1.19,171,1.08,174,0.41,304,0.34,307,0.35,307
588,2017/05/28 00:00UTC,2.29,1,2.58,3,2.12,7,0.35,181,0.1,187,2.04,3,1.99,7,2.0,7
589,2017/05/28 06:00UTC,3.06,43,2.33,12,2.37,30,0.65,69,0.71,55,2.14,23,2.28,29,2.28,29
590,2017/05/28 12:00UTC,1.59,81,1.14,114,1.43,110,2.01,140,1.94,138,1.44,115,1.41,112,1.41,112
591,2017/05/28 18:00UTC,2.94,54,1.51,111,1.92,133,1.59,152,1.58,151,1.78,132,1.9,135,1.9,134
592,2017/05/29 00:00UTC,2.12,206,2.94,211,3.18,218,3.48,199,3.43,200,3.15,214,3.2,216,3.2,216
593,2017/05/29 06:00UTC,1.84,165,2.11,158,2.26,197,2.66,178,2.59,177,2.12,186,2.24,196,2.24,196
594,2017/05/29 12:00UTC,4.54,283,2.19,274,3.79,290,2.76,246,2.68,248,3.11,285,3.61,289,3.6,289
595,2017/05/29 18:00UTC,2.84,242,3.57,285,2.9,277,3.88,292,3.87,291,3.21,281,2.98,279,2.99,279
596,2017/05/30 00:00UTC,2.03,236,1.6,221,1.95,237,1.77,250,1.75,249,1.84,235,1.94,237,1.94,237
597,2017/05/30 06:00UTC,3.49,297,3.23,310,3.09,313,2.95,295,2.95,297,3.13,312,3.07,312,3.07,312
598,2017/05/30 12:00UTC,3.82,290,2.82,301,3.26,295,2.67,295,2.66,296,3.05,297,3.22,295,3.21,295
599,2017/05/30 18:00UTC,3.24,312,3.5,332,3.55,326,3.29,332,3.32,333,3.54,330,3.57,326,3.57,326
600,2017/05/31 00:00UTC,1.17,334,2.07,10,2.47,14,2.61,21,2.58,20,2.42,14,2.49,15,2.49,15
601,2017/05/31 06:00UTC,1.1,312,1.36,0,1.72,22,1.89,29,1.85,28,1.64,18,1.75,23,1.74,23
602,2017/05/31 12:00UTC,1.83,3,2.69,5,2.61,16,2.99,12,2.97,11,2.67,12,2.66,16,2.66,16
603,2017/05/31 18:00UTC,2.19,13,2.05,34,2.16,37,2.29,35,2.27,35,2.15,37,2.17,37,2.17,37
604,2017/06/01 00:00UTC,2.4,19,2.35,7,2.42,21,2.17,29,2.17,27,2.35,18,2.4,21,2.39,21
605,2017/06/01 06:00UTC,1.22,44,1.41,31,2.2,40,2.11,39,2.06,39,1.95,38,2.21,39,2.2,39
606,2017/06/01 12:00UTC,1.69,47,1.18,57,1.89,66,2.04,80,1.96,79,1.67,66,1.9,68,1.89,68
607,2017/06/01 18:00UTC,2.32,10,1.08,0,0.96,33,0.52,4,0.56,3,0.86,21,0.94,30,0.94,30
608,2017/06/02 00:00UTC,1.83,58,1.53,38,1.6,40,0.97,108,0.93,102,1.44,40,1.49,42,1.49,42
609,2017/06/02 06:00UTC,1.5,130,0.95,107,1.37,135,1.75,191,1.62,189,1.14,135,1.32,139,1.32,139
610,2017/06/02 12:00UTC,1.89,273,2.49,194,2.67,229,2.6,211,2.61,210,2.62,218,2.67,226,2.67,226
611,2017/06/02 18:00UTC,1.2,329,0.45,227,0.67,301,1.06,232,1.02,232,0.59,277,0.66,292,0.66,292
612,2017/06/03 00:00UTC,1.7,317,1.86,324,2.32,341,1.68,322,1.71,322,2.17,335,2.27,340,2.27,340
613,2017/06/03 06:00UTC,2.53,324,2.87,350,3.22,360,2.43,3,2.48,2,3.1,358,3.18,0,3.18,0
614,2017/06/03 12:00UTC,3.81,316,3.1,0,3.7,3,3.94,15,3.91,15,3.62,5,3.74,4,3.73,4
615,2017/06/03 18:00UTC,3.38,307,3.97,328,3.82,336,4.75,335,4.68,334,3.98,334,3.9,336,3.9,336
616,2017/06/04 00:00UTC,2.14,262,1.9,285,1.99,291,1.99,300,1.99,299,2.0,291,1.98,292,1.98,292
617,2017/06/04 06:00UTC,4.01,286,3.25,288,2.94,295,2.58,287,2.62,287,2.99,293,2.9,295,2.9,295
618,2017/06/04 12:00UTC,3.35,279,3.18,283,3.17,283,2.67,288,2.7,288,3.1,284,3.13,283,3.13,283
619,2017/06/04 18:00UTC,1.23,318,1.88,326,1.77,324,1.94,325,1.94,325,1.82,326,1.82,324,1.82,324
620,2017/06/05 00:00UTC,1.31,199,1.12,97,0.27,147,0.67,70,0.69,72,0.45,108,0.31,126,0.31,126
621,2017/06/05 06:00UTC,1.81,207,1.96,197,1.42,227,1.85,209,1.86,209,1.56,217,1.44,226,1.44,225
622,2017/06/05 12:00UTC,5.28,210,4.1,203,4.8,214,3.66,211,3.69,211,4.49,211,4.69,214,4.69,214
623,2017/06/05 18:00UTC,3.82,194,3.36,192,3.8,203,3.27,201,3.28,201,3.63,200,3.75,203,3.75,203
624,2017/06/06 00:00UTC,6.67,189,4.91,192,5.93,200,5.4,197,5.36,197,5.64,199,5.83,200,5.83,200
625,2017/06/06 06:00UTC,7.64,249,6.44,252,7.09,257,6.82,258,6.78,258,6.87,256,7.04,257,7.04,257
626,2017/06/06 12:00UTC,9.18,260,8.31,251,9.12,258,8.89,254,8.85,253,8.89,256,9.09,257,9.08,257
627,2017/06/06 18:00UTC,4.19,264,3.38,254,4.21,264,3.96,258,3.92,258,3.96,261,4.17,263,4.17,263
628,2017/06/07 00:00UTC,5.12,240,3.97,231,3.86,238,3.6,226,3.61,226,3.82,235,3.82,237,3.82,237
629,2017/06/07 06:00UTC,6.56,245,5.58,240,5.62,246,5.17,244,5.19,243,5.56,244,5.57,246,5.57,246
630,2017/06/07 12:00UTC,6.36,252,6.02,248,5.48,251,5.67,252,5.67,251,5.58,250,5.5,251,5.5,251
631,2017/06/07 18:00UTC,2.71,236,2.87,226,2.88,229,2.87,220,2.87,220,2.86,227,2.86,228,2.86,228
632,2017/06/08 00:00UTC,2.15,203,2.33,190,2.17,208,2.58,193,2.56,193,2.22,202,2.19,207,2.19,207
633,2017/06/08 06:00UTC,3.9,181,3.81,180,3.83,179,3.83,175,3.83,176,3.83,179,3.8,179,3.81,179
634,2017/06/08 12:00UTC,5.67,192,4.75,183,4.63,184,4.25,179,4.28,179,4.6,183,4.57,183,4.58,183
635,2017/06/08 18:00UTC,1.93,168,2.71,149,2.32,158,2.65,153,2.66,152,2.48,155,2.35,158,2.35,158
636,2017/06/09 00:00UTC,1.09,211,3.34,266,3.14,285,3.68,262,3.68,263,3.25,278,3.3,285,3.3,285
637,2017/06/09 06:00UTC,3.47,259,4.4,232,3.76,245,4.4,232,4.41,232,4.02,239,3.85,243,3.85,243
638,2017/06/09 12:00UTC,4.32,265,4.69,263,4.75,257,5.39,259,5.33,259,4.81,258,4.79,257,4.79,257
639,2017/06/09 18:00UTC,2.46,299,2.16,284,2.12,276,2.07,275,2.07,275,2.13,278,2.12,276,2.12,276
640,2017/06/10 00:00UTC,1.17,96,1.07,54,0.26,59,0.55,203,0.44,199,0.44,56,0.22,72,0.23,71
641,2017/06/10 06:00UTC,1.71,181,2.45,174,1.8,230,2.45,193,2.45,192,1.91,209,1.8,226,1.8,225
642,2017/06/10 12:00UTC,2.85,204,2.78,185,2.36,196,2.44,189,2.46,189,2.46,193,2.36,195,2.36,195
643,2017/06/10 18:00UTC,1.51,223,1.65,205,1.53,208,1.39,215,1.41,214,1.56,208,1.52,208,1.52,208
644,2017/06/11 00:00UTC,1.06,224,1.63,195,1.41,207,1.59,176,1.58,178,1.46,204,1.45,204,1.45,204
645,2017/06/11 06:00UTC,0.58,278,1.92,183,1.42,197,2.06,189,2.05,189,1.61,194,1.52,196,1.52,196
646,2017/06/11 12:00UTC,2.66,242,2.49,221,2.78,237,2.53,223,2.53,223,2.67,232,2.75,236,2.75,236
647,2017/06/11 18:00UTC,3.78,283,3.26,273,3.29,272,3.36,275,3.35,275,3.26,273,3.32,273,3.31,273
648,2017/06/12 00:00UTC,3.22,296,2.82,326,2.81,335,3.67,344,3.6,343,2.88,334,2.87,337,2.87,337
649,2017/06/12 06:00UTC,3.18,279,2.09,299,2.12,316,2.19,337,2.16,335,2.08,315,2.1,318,2.1,318
650,2017/06/12 12:00UTC,3.96,292,3.31,295,3.18,298,3.1,303,3.11,303,3.19,298,3.16,299,3.17,299
651,2017/06/12 18:00UTC,2.61,317,2.85,349,2.83,4,2.98,6,2.99,5,2.9,1,2.86,4,2.86,4
652,2017/06/13 00:00UTC,2.06,6,3.05,25,3.44,26,3.37,36,3.35,36,3.33,26,3.43,27,3.43,26
653,2017/06/13 06:00UTC,0.57,13,1.6,49,2.38,49,2.55,54,2.49,54,2.2,49,2.42,50,2.41,50
654,2017/06/13 12:00UTC,1.49,42,2.05,42,2.77,58,3.04,54,2.97,53,2.58,54,2.8,57,2.79,57
655,2017/06/13 18:00UTC,2.46,57,2.49,33,2.36,42,2.59,23,2.57,24,2.39,38,2.36,41,2.36,41
656,2017/06/14 00:00UTC,2.82,44,3.04,40,3.28,45,2.84,50,2.85,49,3.14,43,3.28,45,3.28,45
657,2017/06/14 06:00UTC,3.12,80,2.68,90,2.98,84,2.64,92,2.64,92,2.83,87,2.95,84,2.95,84
658,2017/06/14 12:00UTC,3.04,102,2.47,91,2.84,100,2.26,86,2.28,87,2.67,97,2.78,99,2.78,99
659,2017/06/14 18:00UTC,1.84,116,1.6,126,2.05,135,1.58,142,1.59,141,1.96,130,2.03,136,2.03,135
660,2017/06/15 00:00UTC,2.08,145,2.3,158,2.49,180,2.57,178,2.55,177,2.49,177,2.58,179,2.58,179
661,2017/06/15 06:00UTC,2.22,297,2.06,213,2.21,255,2.98,219,2.91,218,2.11,242,2.26,250,2.26,250
662,2017/06/15 12:00UTC,4.55,295,3.54,294,4.0,299,3.96,269,3.9,271,3.82,296,3.96,296,3.96,296
663,2017/06/15 18:00UTC,3.82,311,3.15,330,3.2,314,2.75,317,2.77,319,3.09,320,3.17,314,3.17,314
664,2017/06/16 00:00UTC,2.72,281,2.48,315,2.84,321,2.2,335,2.23,334,2.72,322,2.79,322,2.79,322
665,2017/06/16 06:00UTC,4.0,307,2.9,319,2.95,331,2.33,334,2.38,333,2.91,329,2.88,332,2.89,331
666,2017/06/16 12:00UTC,3.76,312,3.46,323,3.61,331,3.7,333,3.68,332,3.59,329,3.62,331,3.62,331
667,2017/06/16 18:00UTC,3.95,324,2.79,334,3.21,330,3.01,339,2.98,339,3.07,332,3.16,331,3.16,331
668,2017/06/17 00:00UTC,2.08,345,2.86,10,3.15,7,3.07,13,3.07,12,3.09,8,3.16,7,3.16,7
669,2017/06/17 06:00UTC,1.49,279,1.0,337,1.38,16,1.72,31,1.65,29,1.28,10,1.42,18,1.41,18
670,2017/06/17 12:00UTC,1.01,7,1.97,40,2.87,53,3.52,49,3.42,49,2.73,51,2.94,53,2.93,53
671,2017/06/17 18:00UTC,1.92,36,2.43,40,2.55,40,3.01,38,2.96,39,2.55,40,2.58,40,2.58,40
672,2017/06/18 00:00UTC,2.49,42,2.79,50,3.02,52,3.23,50,3.2,50,2.97,51,3.05,52,3.04,52
673,2017/06/18 06:00UTC,2.71,72,2.96,74,3.23,68,3.31,72,3.28,72,3.14,70,3.24,68,3.23,68
674,2017/06/18 12:00UTC,3.95,62,4.05,57,4.14,62,4.31,56,4.28,56,4.1,60,4.17,61,4.16,61
675,2017/06/18 18:00UTC,2.64,59,2.54,50,2.28,53,2.2,41,2.23,41,2.34,50,2.27,51,2.27,51
676,2017/06/19 00:00UTC,2.41,76,2.62,80,2.77,79,2.71,85,2.7,84,2.71,80,2.77,79,2.77,79
677,2017/06/19 06:00UTC,1.85,81,1.68,83,2.19,76,1.87,83,1.85,83,1.98,78,2.16,76,2.16,76
678,2017/06/19 12:00UTC,2.26,85,1.2,112,1.56,101,1.17,118,1.17,118,1.38,106,1.5,102,1.5,102
679,2017/06/19 18:00UTC,1.68,46,1.04,41,0.65,62,0.55,98,0.55,91,0.72,54,0.63,62,0.63,62
680,2017/06/20 00:00UTC,1.55,85,1.9,86,1.76,79,1.53,85,1.56,85,1.78,82,1.73,79,1.73,79
681,2017/06/20 06:00UTC,1.63,100,1.53,95,1.61,136,1.39,166,1.34,161,1.54,126,1.56,138,1.56,138
682,2017/06/20 12:00UTC,1.75,38,1.09,329,1.02,247,1.7,266,1.62,268,0.9,267,1.08,249,1.08,250
683,2017/06/20 18:00UTC,2.7,37,2.01,25,1.06,336,1.42,305,1.34,312,1.21,354,1.07,333,1.07,333
684,2017/06/21 00:00UTC,2.13,62,2.51,61,2.02,80,0.87,87,0.99,83,2.1,73,1.89,80,1.9,80
685,2017/06/21 06:00UTC,2.28,112,1.92,137,2.09,141,1.52,177,1.54,174,2.01,143,2.02,143,2.02,143
686,2017/06/21 12:00UTC,2.3,182,1.65,186,2.57,205,1.88,206,1.88,205,2.3,202,2.51,205,2.51,205
687,2017/06/21 18:00UTC,1.07,283,0.81,223,1.58,262,1.56,238,1.52,238,1.42,255,1.59,260,1.59,260
688,2017/06/22 00:00UTC,2.18,272,2.5,237,2.77,253,2.9,230,2.88,231,2.76,248,2.78,251,2.78,251
689,2017/06/22 06:00UTC,2.17,328,1.7,233,1.87,256,2.96,229,2.89,229,1.94,246,1.98,251,1.97,251
690,2017/06/22 12:00UTC,3.64,275,3.08,251,3.44,262,3.83,250,3.77,250,3.31,258,3.45,261,3.45,261
691,2017/06/22 18:00UTC,4.63,319,3.92,323,3.85,309,3.4,273,3.33,278,3.74,312,3.76,307,3.76,307
692,2017/06/23 00:00UTC,1.92,287,1.72,337,1.82,348,2.06,6,2.03,4,1.84,348,1.82,350,1.82,350
693,2017/06/23 06:00UTC,3.72,272,2.47,289,2.5,305,2.04,324,2.04,322,2.4,303,2.42,306,2.42,306
694,2017/06/23 12:00UTC,3.77,285,3.91,289,4.14,278,4.1,260,4.04,263,4.03,280,4.14,277,4.14,277
695,2017/06/23 18:00UTC,3.09,308,3.71,327,3.75,307,3.01,300,3.05,303,3.67,313,3.73,307,3.73,307
696,2017/06/24 00:00UTC,2.39,258,1.57,295,1.64,302,1.61,335,1.6,333,1.64,304,1.62,305,1.62,305
697,2017/06/24 06:00UTC,3.17,233,2.1,231,2.18,232,1.45,239,1.5,238,2.07,232,2.13,233,2.13,233
698,2017/06/24 12:00UTC,4.61,249,3.87,240,4.07,249,3.79,250,3.78,249,3.93,247,4.04,249,4.04,249
699,2017/06/24 18:00UTC,1.82,273,1.5,218,2.02,247,1.88,246,1.83,244,1.74,240,1.99,246,1.98,246
700,2017/06/25 00:00UTC,1.92,301,2.98,257,3.77,259,3.74,249,3.74,250,3.75,257,3.77,259,3.77,258
701,2017/06/25 06:00UTC,3.66,268,3.64,245,4.05,253,3.91,239,3.89,239,3.93,249,4.02,252,4.02,252
702,2017/06/25 12:00UTC,4.26,271,3.74,250,4.17,251,4.41,245,4.35,245,4.01,249,4.19,250,4.18,250
703,2017/06/25 18:00UTC,3.29,295,2.41,257,2.45,254,2.91,240,2.87,241,2.5,252,2.46,252,2.46,252
704,2017/06/26 00:00UTC,2.58,317,2.57,346,2.42,352,1.68,298,1.68,305,2.38,349,2.34,350,2.34,350
705,2017/06/26 06:00UTC,1.65,358,2.23,13,2.62,30,2.51,34,2.5,33,2.51,26,2.63,31,2.62,30
706,2017/06/26 12:00UTC,1.24,9,1.68,30,2.04,56,2.05,59,2.02,58,1.93,52,2.05,56,2.05,56
707,2017/06/26 18:00UTC,1.16,48,0.67,53,0.44,132,0.64,185,0.58,181,0.37,120,0.46,137,0.46,137
708,2017/06/27 00:00UTC,2.74,57,1.36,86,1.67,120,0.8,111,0.84,110,1.48,114,1.6,121,1.6,120
709,2017/06/27 06:00UTC,1.3,83,0.42,301,0.51,213,2.36,214,2.19,215,0.54,237,0.64,216,0.63,217
710,2017/06/27 12:00UTC,2.4,59,1.55,179,1.98,195,3.22,211,3.11,210,2.0,197,2.11,197,2.11,197
711,2017/06/27 18:00UTC,3.7,333,1.81,229,2.4,257,3.18,231,3.1,230,2.31,247,2.52,252,2.51,252
712,2017/06/28 00:00UTC,2.66,297,3.09,231,3.75,237,6.23,231,6.02,230,3.76,233,3.99,235,3.98,235
713,2017/06/28 06:00UTC,3.19,261,3.88,238,3.95,234,5.29,221,5.19,222,4.04,233,4.04,232,4.04,232
714,2017/06/28 12:00UTC,3.7,209,4.03,209,4.45,216,4.97,213,4.91,213,4.49,214,4.48,216,4.48,216
715,2017/06/28 18:00UTC,3.3,287,2.44,265,3.12,269,3.34,255,3.27,256,2.96,267,3.11,267,3.1,267
716,2017/06/29 00:00UTC,2.19,267,1.43,226,1.49,240,4.56,205,4.3,205,1.61,229,1.68,231,1.68,231
717,2017/06/29 06:00UTC,2.6,227,1.56,245,2.32,252,2.47,243,2.39,244,2.13,252,2.31,254,2.31,254
718,2017/06/29 12:00UTC,3.9,226,4.63,212,5.03,204,5.92,207,5.83,207,5.07,206,5.08,204,5.08,204
719,2017/06/29 18:00UTC,3.15,195,4.71,206,4.77,213,6.07,216,5.96,215,4.87,212,4.89,213,4.88,213
720,2017/06/30 00:00UTC,2.7,185,3.46,192,4.04,200,4.51,202,4.44,201,3.95,199,4.11,200,4.1,200
721,2017/06/30 06:00UTC,2.66,175,3.77,178,3.61,196,4.17,192,4.12,191,3.65,190,3.65,195,3.65,195
722,2017/06/30 12:00UTC,1.18,165,4.21,199,4.91,227,6.09,217,5.97,216,4.79,218,5.01,225,5.0,225
723,2017/06/30 18:00UTC,2.62,313,4.46,238,4.94,250,5.58,234,5.56,234,5.06,244,4.98,248,4.98,248
724,2017/07/01 00:00UTC,3.2,277,3.14,285,3.66,286,4.13,266,4.04,267,3.59,285,3.69,285,3.69,285
725,2017/07/01 06:00UTC,4.82,283,3.89,267,4.09,275,4.22,261,4.19,262,4.02,272,4.07,274,4.07,274
726,2017/07/01 12:00UTC,3.31,329,3.54,310,3.49,298,4.2,259,4.07,262,3.56,297,3.45,295,3.46,295
727,2017/07/01 18:00UTC,3.65,300,2.72,297,3.5,299,2.47,293,2.5,293,3.21,298,3.46,299,3.45,299
728,2017/07/02 00:00UTC,2.52,253,1.82,287,2.14,282,1.92,289,1.92,290,2.01,286,2.11,283,2.11,283
729,2017/07/02 06:00UTC,3.71,239,3.21,248,3.45,251,3.47,252,3.45,252,3.39,251,3.44,252,3.44,252
730,2017/07/02 12:00UTC,3.61,289,3.26,232,3.69,251,3.76,234,3.73,233,3.6,244,3.67,248,3.67,248
731,2017/07/02 18:00UTC,3.55,303,1.15,276,2.81,283,2.58,243,2.44,244,2.3,281,2.72,280,2.71,280
732,2017/07/03 00:00UTC,1.85,325,2.85,330,2.71,328,2.35,298,2.38,301,2.75,326,2.7,326,2.7,326
733,2017/07/03 06:00UTC,1.13,258,0.39,318,0.38,268,0.55,251,0.5,255,0.31,287,0.36,266,0.36,267
734,2017/07/03 12:00UTC,4.16,266,3.25,262,3.67,268,3.26,266,3.24,266,3.49,267,3.62,268,3.62,268
735,2017/07/03 18:00UTC,3.5,320,2.09,305,1.89,301,1.96,285,1.95,286,1.87,301,1.88,298,1.88,298
736,2017/07/04 00:00UTC,2.28,317,2.5,358,2.54,359,2.86,1,2.85,1,2.58,359,2.58,359,2.58,359
737,2017/07/04 06:00UTC,0.5,123,1.66,97,2.28,90,2.63,81,2.57,82,2.19,91,2.33,89,2.32,89
738,2017/07/04 12:00UTC,1.29,254,0.33,357,0.47,90,0.88,67,0.84,65,0.43,71,0.51,86,0.51,86
739,2017/07/04 18:00UTC,2.02,326,0.97,21,1.54,28,1.78,45,1.73,45,1.4,32,1.55,30,1.55,30
740,2017/07/05 00:00UTC,2.6,16,1.76,62,2.43,43,2.32,93,2.27,91,2.16,51,2.33,48,2.33,48
741,2017/07/05 06:00UTC,1.61,40,1.47,38,2.46,53,2.11,81,2.04,79,2.12,52,2.41,54,2.4,54
742,2017/07/05 12:00UTC,2.71,74,2.43,79,3.5,84,3.19,87,3.15,86,3.24,83,3.47,84,3.46,84
743,2017/07/05 18:00UTC,1.77,74,1.35,68,1.73,83,1.46,85,1.44,84,1.61,81,1.7,82,1.7,82
744,2017/07/06 00:00UTC,3.14,68,2.81,65,2.46,70,1.98,72,2.04,72,2.49,69,2.42,70,2.42,70
745,2017/07/06 06:00UTC,2.45,116,1.92,151,2.35,180,2.7,205,2.61,203,2.22,179,2.36,182,2.35,182
746,2017/07/06 12:00UTC,3.08,175,1.75,167,2.5,155,1.07,181,1.08,180,2.07,154,2.41,153,2.41,153
747,2017/07/06 18:00UTC,2.2,275,2.14,235,2.45,233,3.04,245,3.0,244,2.51,235,2.51,233,2.51,233
748,2017/07/07 00:00UTC,0.81,338,1.04,215,1.29,248,3.1,219,2.95,219,1.32,237,1.43,242,1.43,242
749,2017/07/07 06:00UTC,1.99,302,2.04,340,1.86,347,1.09,295,1.12,303,1.9,344,1.78,346,1.79,346
750,2017/07/07 12:00UTC,2.77,289,1.81,298,1.89,292,2.15,272,2.08,274,1.84,295,1.89,291,1.89,291
751,2017/07/07 18:00UTC,3.65,333,1.93,331,2.04,330,0.94,276,0.94,283,1.86,331,1.92,328,1.92,328
752,2017/07/08 00:00UTC,1.33,323,2.77,7,3.44,5,3.77,11,3.72,11,3.34,5,3.48,5,3.48,5
753,2017/07/08 06:00UTC,1.96,316,2.56,343,2.99,360,3.15,9,3.1,7,2.91,356,3.01,1,3.0,0
754,2017/07/08 12:00UTC,2.58,308,2.25,339,2.06,1,2.19,11,2.18,9,2.17,357,2.04,2,2.04,2
755,2017/07/08 18:00UTC,3.41,355,2.69,14,2.9,23,2.51,38,2.51,36,2.8,22,2.84,25,2.84,25
756,2017/07/09 00:00UTC,1.94,14,2.5,14,2.97,17,2.66,31,2.63,30,2.77,16,2.96,18,2.95,18
757,2017/07/09 06:00UTC,3.11,56,2.81,47,3.27,48,3.04,50,3.02,50,3.08,47,3.26,47,3.26,47
758,2017/07/09 12:00UTC,2.03,63,2.52,73,3.01,79,2.6,78,2.61,78,2.87,76,2.96,78,2.96,78
759,2017/07/09 18:00UTC,1.34,205,0.75,8,1.13,14,1.99,12,1.93,12,1.18,11,1.22,14,1.21,14
760,2017/07/10 00:00UTC,2.31,286,1.97,296,2.7,283,1.96,275,1.97,276,2.51,284,2.67,282,2.66,282
761,2017/07/10 06:00UTC,3.24,287,2.93,294,2.36,299,2.46,276,2.48,278,2.58,296,2.33,298,2.34,298
762,2017/07/10 12:00UTC,3.46,284,2.33,242,2.9,270,3.49,233,3.39,233,2.65,259,2.85,266,2.84,266
763,2017/07/10 18:00UTC,2.24,298,1.84,265,2.62,262,3.0,248,2.9,249,2.41,261,2.62,261,2.62,261
764,2017/07/11 00:00UTC,2.2,281,1.69,263,1.87,266,2.43,234,2.36,235,1.86,262,1.89,262,1.89,262
765,2017/07/11 06:00UTC,0.74,212,1.19,207,1.53,223,3.02,218,2.89,218,1.53,219,1.66,223,1.65,223
766,2017/07/11 12:00UTC,3.98,225,4.69,221,5.33,228,5.47,225,5.42,225,5.18,226,5.32,228,5.32,228
767,2017/07/11 18:00UTC,2.43,231,2.77,227,3.13,227,3.03,233,3.01,233,3.03,227,3.11,227,3.11,227
768,2017/07/12 00:00UTC,3.84,215,3.99,224,4.93,230,4.67,231,4.64,230,4.71,229,4.9,230,4.9,230
769,2017/07/12 06:00UTC,4.15,230,5.03,213,5.24,220,6.02,217,5.94,217,5.28,218,5.32,219,5.32,219
770,2017/07/12 12:00UTC,4.17,313,4.89,294,4.83,285,4.48,272,4.5,274,4.84,287,4.8,284,4.8,284
771,2017/07/12 18:00UTC,2.77,2,2.47,348,2.41,322,2.28,308,2.25,311,2.35,328,2.38,321,2.38,321
772,2017/07/13 00:00UTC,3.72,52,3.23,37,2.86,44,2.43,44,2.49,43,2.95,43,2.82,44,2.83,44
773,2017/07/13 06:00UTC,3.01,71,2.55,63,2.8,67,2.5,80,2.49,78,2.67,66,2.76,67,2.76,67
774,2017/07/13 12:00UTC,2.23,138,0.91,9,0.5,124,1.08,260,0.98,266,0.35,57,0.41,126,0.41,125
775,2017/07/13 18:00UTC,2.29,29,1.38,39,1.64,347,1.51,334,1.43,338,1.48,5,1.58,346,1.58,346
776,2017/07/14 00:00UTC,2.75,326,3.12,339,3.26,329,2.8,315,2.83,318,3.21,331,3.24,329,3.24,329
777,2017/07/14 06:00UTC,2.4,293,2.68,319,2.93,325,3.12,324,3.1,324,2.94,324,2.93,325,2.93,325
778,2017/07/14 12:00UTC,5.42,282,3.46,276,3.96,278,3.56,283,3.54,283,3.73,278,3.9,278,3.89,278
779,2017/07/14 18:00UTC,4.25,314,3.87,317,3.88,318,3.63,312,3.65,312,3.86,317,3.86,317,3.86,317
780,2017/07/15 00:00UTC,2.21,310,2.74,329,2.97,335,2.92,339,2.92,338,2.94,333,2.97,335,2.97,335
781,2017/07/15 06:00UTC,1.34,292,1.53,344,2.13,355,1.97,5,1.95,3,2.02,354,2.13,356,2.12,356
782,2017/07/15 12:00UTC,2.57,268,0.79,276,1.17,302,0.9,353,0.86,350,0.97,303,1.1,305,1.1,305
783,2017/07/15 18:00UTC,3.16,312,1.05,324,1.96,332,1.31,1,1.28,0,1.63,335,1.86,333,1.86,333
784,2017/07/16 00:00UTC,2.76,288,2.28,319,2.14,340,0.75,285,0.86,294,2.03,332,2.07,339,2.07,339
785,2017/07/16 06:00UTC,1.92,284,2.05,322,2.42,347,2.16,358,2.15,356,2.36,342,2.41,348,2.41,348
786,2017/07/16 12:00UTC,2.39,312,1.96,342,1.97,348,1.81,360,1.82,359,2.01,349,1.93,349,1.94,349
787,2017/07/16 18:00UTC,3.54,326,1.72,355,2.34,340,1.68,359,1.68,358,2.09,343,2.23,341,2.23,341
788,2017/07/17 00:00UTC,2.03,343,3.08,6,3.48,3,2.83,17,2.85,16,3.33,4,3.46,4,3.46,4
789,2017/07/17 06:00UTC,1.49,347,2.64,2,2.86,14,2.64,12,2.66,11,2.84,10,2.88,14,2.87,14
790,2017/07/17 12:00UTC,1.47,12,1.62,1,1.8,30,1.73,36,1.72,34,1.75,24,1.82,31,1.82,31
791,2017/07/17 18:00UTC,2.96,31,2.68,24,2.72,37,2.7,26,2.7,26,2.66,33,2.72,36,2.72,36
792,2017/07/18 00:00UTC,3.9,43,3.35,42,3.47,43,3.08,54,3.09,53,3.33,43,3.45,43,3.45,43
793,2017/07/18 06:00UTC,3.91,64,3.14,78,3.39,69,3.03,82,3.03,82,3.23,73,3.34,70,3.34,70
794,2017/07/18 12:00UTC,3.94,98,3.33,106,3.74,107,3.41,114,3.4,114,3.56,107,3.7,107,3.7,107
795,2017/07/18 18:00UTC,2.58,92,1.88,129,2.4,132,1.99,133,2.01,134,2.32,133,2.37,132,2.37,132
796,2017/07/19 00:00UTC,2.45,170,3.21,191,4.0,201,4.53,206,4.45,205,3.9,200,4.05,201,4.04,201
797,2017/07/19 06:00UTC,3.4,194,4.01,196,3.38,195,3.74,199,3.76,199,3.6,196,3.41,195,3.41,195
798,2017/07/19 12:00UTC,6.08,199,5.7,194,6.42,204,5.19,205,5.25,204,6.22,202,6.3,204,6.31,204
799,2017/07/19 18:00UTC,3.95,231,3.67,231,3.86,224,4.58,232,4.5,232,3.86,226,3.88,225,3.88,225
800,2017/07/20 00:00UTC,3.4,214,3.05,226,3.63,222,3.2,222,3.18,222,3.36,222,3.58,223,3.58,223
801,2017/07/20 06:00UTC,5.06,217,5.04,211,5.45,224,5.67,218,5.62,217,5.32,219,5.4,223,5.4,223
802,2017/07/20 12:00UTC,6.06,272,6.74,246,6.36,254,6.69,250,6.72,250,6.67,250,6.33,253,6.34,253
803,2017/07/20 18:00UTC,2.47,295,2.32,274,2.0,275,3.06,260,2.98,260,2.17,272,2.02,272,2.02,272
804,2017/07/21 00:00UTC,0.68,227,1.17,242,1.6,254,1.6,236,1.61,236,1.7,250,1.57,253,1.58,253
805,2017/07/21 06:00UTC,2.77,179,3.23,174,3.16,187,3.42,188,3.41,187,3.25,184,3.16,187,3.17,187
806,2017/07/21 12:00UTC,4.43,202,4.24,204,4.55,214,4.89,217,4.85,216,4.56,212,4.53,214,4.53,214
807,2017/07/21 18:00UTC,3.19,232,2.58,243,3.1,241,3.14,253,3.1,253,2.98,244,3.08,242,3.08,242
808,2017/07/22 00:00UTC,3.27,196,3.27,217,3.12,207,3.3,222,3.3,222,3.17,211,3.1,208,3.1,208
809,2017/07/22 06:00UTC,4.2,204,4.96,202,5.6,206,5.63,207,5.59,207,5.53,206,5.6,206,5.6,206
810,2017/07/22 12:00UTC,4.85,222,4.21,195,4.29,210,3.71,204,3.74,203,4.21,205,4.21,209,4.21,209
811,2017/07/22 18:00UTC,2.78,277,4.21,195,4.02,218,4.71,203,4.71,202,4.17,210,4.11,215,4.11,215
812,2017/07/23 00:00UTC,3.4,199,2.69,186,2.78,192,2.97,188,2.94,188,2.79,188,2.77,192,2.77,191
813,2017/07/23 06:00UTC,5.27,231,4.98,221,5.08,227,4.98,220,5.0,220,5.13,225,5.03,226,5.03,226
814,2017/07/23 12:00UTC,4.85,248,5.38,235,5.52,235,5.16,235,5.2,235,5.55,234,5.48,236,5.48,236
815,2017/07/23 18:00UTC,2.76,249,2.83,243,1.5,244,1.48,259,1.56,256,1.84,244,1.53,244,1.53,244
816,2017/07/24 00:00UTC,2.91,292,1.87,336,2.72,324,2.91,334,2.83,336,2.51,328,2.71,327,2.7,327
817,2017/07/24 06:00UTC,3.97,270,3.49,272,3.95,285,3.46,276,3.46,276,3.8,281,3.88,285,3.88,285
818,2017/07/24 12:00UTC,5.19,291,5.11,265,5.2,275,5.45,265,5.44,265,5.3,271,5.19,274,5.19,274
819,2017/07/24 18:00UTC,5.8,317,4.87,309,5.66,314,4.89,300,4.89,300,5.46,311,5.54,313,5.54,313
820,2017/07/25 00:00UTC,2.25,289,2.53,288,2.59,279,3.03,276,2.98,277,2.63,280,2.6,279,2.6,279
821,2017/07/25 06:00UTC,3.21,311,3.21,306,3.37,311,3.28,296,3.27,296,3.38,308,3.35,310,3.35,310
822,2017/07/25 12:00UTC,4.64,315,4.34,308,4.61,311,5.13,309,5.07,309,4.63,310,4.59,311,4.6,311
823,2017/07/25 18:00UTC,4.06,325,3.33,306,3.63,308,3.76,297,3.72,298,3.6,304,3.61,307,3.61,307
824,2017/07/26 00:00UTC,1.18,300,1.53,321,1.93,313,1.88,305,1.85,306,1.82,313,1.92,312,1.92,312
825,2017/07/26 06:00UTC,2.03,190,2.04,197,2.08,202,2.04,211,2.04,210,2.08,203,2.05,203,2.05,203
826,2017/07/26 12:00UTC,5.56,222,5.45,225,6.07,225,5.79,235,5.79,234,5.99,226,6.01,226,6.01,226
827,2017/07/26 18:00UTC,2.74,203,2.82,199,2.9,202,3.44,207,3.39,206,2.93,200,2.93,202,2.92,202
828,2017/07/27 00:00UTC,3.54,232,3.46,232,3.96,235,3.86,231,3.84,232,3.86,234,3.92,235,3.92,235
829,2017/07/27 06:00UTC,2.01,285,3.74,224,3.82,222,4.58,217,4.56,217,4.05,221,3.89,221,3.89,221
830,2017/07/27 12:00UTC,3.41,278,4.19,262,5.29,265,5.15,246,5.12,247,5.17,262,5.25,263,5.25,263
831,2017/07/27 18:00UTC,3.14,288,3.42,270,3.75,265,4.18,266,4.12,266,3.73,265,3.75,265,3.75,265
832,2017/07/28 00:00UTC,2.74,269,2.58,255,3.24,251,3.38,247,3.34,247,3.15,250,3.25,251,3.25,251
833,2017/07/28 06:00UTC,3.61,241,3.13,239,3.6,243,3.62,241,3.59,241,3.52,241,3.56,242,3.56,242
834,2017/07/28 12:00UTC,4.84,236,4.7,235,4.99,237,4.81,244,4.81,243,4.95,238,4.95,238,4.95,238
835,2017/07/28 18:00UTC,3.99,221,4.02,225,3.66,221,4.24,237,4.23,236,3.85,224,3.69,222,3.69,222
836,2017/07/29 00:00UTC,4.94,215,3.9,207,3.88,217,3.68,207,3.68,207,3.82,213,3.81,216,3.82,216
837,2017/07/29 06:00UTC,4.92,219,4.45,220,4.8,223,4.32,218,4.34,218,4.75,222,4.72,223,4.72,223
838,2017/07/29 12:00UTC,5.19,211,4.89,203,5.09,207,4.64,208,4.67,208,5.04,206,5.01,207,5.02,207
839,2017/07/29 18:00UTC,2.69,214,3.37,205,3.64,211,3.73,213,3.71,212,3.59,209,3.62,211,3.62,211
840,2017/07/30 00:00UTC,3.81,203,3.25,205,3.79,211,3.54,209,3.51,208,3.61,209,3.73,211,3.73,211
841,2017/07/30 06:00UTC,7.13,225,6.91,219,7.32,227,7.27,223,7.25,223,7.24,224,7.28,226,7.28,226
842,2017/07/30 12:00UTC,6.32,241,6.86,243,7.02,246,7.07,247,7.08,247,7.08,245,7.0,246,7.0,246
843,2017/07/30 18:00UTC,3.37,238,3.09,241,3.22,238,3.96,227,3.87,228,3.19,238,3.26,236,3.26,236
844,2017/07/31 00:00UTC,3.77,243,3.61,256,3.14,256,3.14,245,3.16,246,3.27,255,3.12,256,3.12,256
845,2017/07/31 06:00UTC,2.46,240,1.64,215,1.62,207,1.55,188,1.55,190,1.63,207,1.59,204,1.59,204
846,2017/07/31 12:00UTC,2.27,214,0.74,182,0.77,202,0.75,28,0.65,29,0.6,197,0.63,200,0.63,200
847,2017/07/31 18:00UTC,0.48,285,0.7,139,1.06,113,1.69,6,1.51,7,0.81,114,1.01,108,1.01,108
848,2017/08/01 00:00UTC,1.91,3,0.61,338,0.99,299,1.41,7,1.32,5,0.89,305,0.92,301,0.92,301
849,2017/08/01 06:00UTC,1.49,14,0.76,10,1.29,340,0.99,339,0.94,340,1.07,343,1.22,339,1.22,340
850,2017/08/01 12:00UTC,0.9,179,1.07,258,1.72,248,1.5,241,1.49,241,1.54,249,1.68,249,1.67,249
851,2017/08/01 18:00UTC,2.97,251,2.31,238,2.74,244,2.17,271,2.16,269,2.58,244,2.68,245,2.68,245
852,2017/08/02 00:00UTC,1.38,59,1.57,0,0.98,1,0.91,339,0.94,341,1.07,359,0.96,357,0.96,357
853,2017/08/02 06:00UTC,2.3,172,2.17,187,2.6,208,2.35,218,2.35,216,2.55,206,2.57,209,2.57,208
854,2017/08/02 12:00UTC,3.48,206,3.51,218,4.04,215,3.86,221,3.85,221,3.93,216,3.99,216,3.99,216
855,2017/08/02 18:00UTC,1.7,242,1.62,239,2.43,242,2.32,246,2.27,245,2.23,243,2.42,242,2.42,242
856,2017/08/03 00:00UTC,3.25,209,2.34,229,2.61,229,2.49,232,2.48,232,2.52,229,2.54,230,2.54,230
857,2017/08/03 06:00UTC,6.5,217,6.17,219,6.62,218,6.18,221,6.2,221,6.58,218,6.54,218,6.54,218
858,2017/08/03 12:00UTC,6.33,250,6.93,240,7.21,243,6.9,238,6.94,238,7.19,242,7.18,243,7.18,243
859,2017/08/03 18:00UTC,3.89,248,3.59,260,3.69,260,3.89,254,3.86,255,3.67,261,3.67,260,3.67,260
860,2017/08/04 00:00UTC,3.78,234,2.9,237,2.95,240,2.73,234,2.73,234,2.9,237,2.89,239,2.9,239
861,2017/08/04 06:00UTC,3.99,231,3.57,237,3.81,239,3.44,235,3.46,235,3.78,239,3.74,239,3.75,239
862,2017/08/04 12:00UTC,4.39,249,4.6,238,4.55,240,4.8,246,4.81,245,4.71,240,4.54,240,4.55,240
863,2017/08/04 18:00UTC,2.35,262,2.9,253,2.64,254,3.01,259,3.03,258,2.88,253,2.66,254,2.67,254
864,2017/08/05 00:00UTC,1.49,17,1.43,192,1.72,195,3.0,197,2.91,197,1.8,195,1.86,195,1.85,195
865,2017/08/05 06:00UTC,3.74,284,4.52,316,4.64,320,4.34,275,4.29,278,4.58,316,4.57,317,4.57,317
866,2017/08/05 12:00UTC,5.4,285,4.2,273,4.58,279,3.99,280,4.01,280,4.44,277,4.52,279,4.52,279
867,2017/08/05 18:00UTC,4.66,309,3.65,302,3.54,310,3.18,296,3.21,296,3.54,306,3.49,309,3.49,309
868,2017/08/06 00:00UTC,1.52,323,2.05,1,2.58,348,2.35,7,2.33,7,2.39,352,2.58,349,2.58,349
869,2017/08/06 06:00UTC,2.04,286,1.61,333,2.44,332,1.99,356,1.96,355,2.2,334,2.38,334,2.38,334
870,2017/08/06 12:00UTC,2.51,283,2.13,299,2.53,303,2.56,331,2.51,329,2.41,304,2.51,305,2.5,305
871,2017/08/06 18:00UTC,2.8,332,0.5,4,1.27,335,1.61,17,1.48,17,0.94,336,1.24,337,1.23,337
872,2017/08/07 00:00UTC,2.14,21,2.73,31,3.0,25,2.14,56,2.17,54,2.85,30,2.91,27,2.91,27
873,2017/08/07 06:00UTC,2.21,40,2.77,45,2.99,49,2.85,48,2.85,48,2.93,48,2.96,49,2.96,49
874,2017/08/07 12:00UTC,1.65,111,2.41,90,2.53,98,3.12,82,3.08,82,2.59,95,2.55,96,2.56,96
875,2017/08/07 18:00UTC,1.94,347,0.73,95,0.85,50,1.4,54,1.31,56,0.66,68,0.91,49,0.9,49
876,2017/08/08 00:00UTC,2.95,359,1.38,10,1.93,331,0.66,27,0.68,23,1.53,338,1.73,331,1.73,331
877,2017/08/08 06:00UTC,0.57,322,1.83,258,1.58,288,2.35,272,2.33,272,1.87,280,1.68,285,1.68,285
878,2017/08/08 12:00UTC,3.83,290,3.82,226,5.39,267,7.03,236,6.85,236,5.09,254,5.38,263,5.38,263
879,2017/08/08 18:00UTC,3.66,272,3.7,267,3.84,261,4.42,255,4.36,255,3.81,262,3.83,260,3.83,260
880,2017/08/09 00:00UTC,2.0,218,2.08,212,2.33,212,2.41,210,2.39,210,2.31,212,2.32,211,2.32,211
881,2017/08/09 06:00UTC,1.51,219,2.17,214,2.18,216,2.57,207,2.54,207,2.24,215,2.19,214,2.19,215
882,2017/08/09 12:00UTC,2.27,190,2.22,190,1.33,210,3.17,204,3.08,203,1.74,205,1.45,209,1.46,209
883,2017/08/09 18:00UTC,0.74,190,0.73,158,0.6,264,1.99,212,1.87,211,0.57,229,0.64,257,0.64,257
884,2017/08/10 00:00UTC,1.14,353,1.74,199,1.8,255,2.88,212,2.82,212,1.86,238,1.84,250,1.84,250
885,2017/08/10 06:00UTC,1.77,346,1.46,193,1.57,278,2.81,214,2.73,213,1.49,252,1.54,269,1.54,269
886,2017/08/10 12:00UTC,3.17,36,2.62,64,2.35,10,1.09,312,0.95,324,2.07,26,2.18,8,2.18,9
887,2017/08/10 18:00UTC,3.51,355,0.73,10,1.13,343,1.15,322,1.07,324,0.89,344,1.0,342,1.0,342
888,2017/08/11 00:00UTC,2.65,337,2.17,358,2.91,342,1.75,359,1.78,359,2.56,346,2.81,342,2.81,342
889,2017/08/11 06:00UTC,2.27,332,1.87,346,2.65,337,1.75,319,1.75,321,2.37,338,2.54,336,2.54,337
890,2017/08/11 12:00UTC,3.24,301,2.65,308,3.26,310,3.07,305,3.05,305,3.12,309,3.22,310,3.22,310
891,2017/08/11 18:00UTC,4.25,292,2.48,276,2.96,283,2.4,283,2.4,281,2.76,280,2.89,282,2.89,282
892,2017/08/12 00:00UTC,2.97,254,2.44,283,2.61,280,2.77,276,2.74,277,2.59,281,2.61,281,2.61,281
893,2017/08/12 06:00UTC,4.56,232,3.65,225,4.29,230,3.86,226,3.85,226,4.12,228,4.2,229,4.2,229
894,2017/08/12 12:00UTC,4.48,239,4.64,235,5.41,244,5.04,242,5.03,241,5.24,242,5.36,244,5.36,244
895,2017/08/12 18:00UTC,2.71,264,2.97,220,2.91,232,3.0,223,3.0,223,2.95,227,2.91,230,2.91,230
896,2017/08/13 00:00UTC,2.04,278,1.72,312,1.91,312,1.95,293,1.92,295,1.85,310,1.89,311,1.89,311
897,2017/08/13 06:00UTC,2.0,267,1.54,295,1.87,314,1.49,330,1.49,327,1.78,311,1.83,316,1.83,316
898,2017/08/13 12:00UTC,0.87,336,0.45,352,0.98,348,1.18,289,1.1,290,0.81,342,0.93,344,0.93,344
899,2017/08/13 18:00UTC,1.93,329,1.25,140,0.3,41,1.05,62,0.97,69,0.44,116,0.31,54,0.3,55
900,2017/08/14 00:00UTC,0.94,347,1.31,221,0.2,255,1.2,154,1.17,160,0.66,226,0.27,220,0.28,221
901,2017/08/14 06:00UTC,0.91,133,1.22,145,1.43,125,1.88,109,1.81,111,1.39,130,1.44,123,1.44,123
902,2017/08/14 12:00UTC,1.66,208,1.39,192,1.79,160,1.81,118,1.72,121,1.65,162,1.71,157,1.71,157
903,2017/08/14 18:00UTC,0.99,168,0.89,85,1.22,62,1.44,49,1.42,50,1.27,62,1.22,57,1.22,57
904,2017/08/15 00:00UTC,1.93,105,2.93,112,3.04,114,2.88,137,2.88,135,3.03,115,2.99,115,2.99,115
905,2017/08/15 06:00UTC,3.61,242,4.78,189,4.98,221,4.53,187,4.55,188,4.67,210,4.89,219,4.88,218
906,2017/08/15 12:00UTC,3.82,283,4.83,226,4.57,240,5.96,220,5.9,220,4.76,234,4.67,237,4.67,237
907,2017/08/15 18:00UTC,0.65,334,2.73,203,2.95,217,4.39,217,4.31,217,3.17,214,3.11,217,3.1,216
908,2017/08/16 00:00UTC,2.56,323,2.92,354,3.03,346,2.33,325,2.36,328,2.95,346,2.96,345,2.96,345
909,2017/08/16 06:00UTC,0.91,11,2.08,38,2.25,42,2.58,45,2.56,45,2.25,41,2.27,43,2.27,43
910,2017/08/16 12:00UTC,1.28,138,1.36,84,1.86,122,0.89,124,0.94,118,1.74,110,1.74,122,1.75,121
911,2017/08/16 18:00UTC,1.68,196,1.69,205,2.48,235,2.05,262,2.0,258,2.27,231,2.43,235,2.43,235
912,2017/08/17 00:00UTC,2.14,211,1.77,218,2.29,221,2.15,222,2.13,222,2.15,220,2.25,221,2.25,221
913,2017/08/17 06:00UTC,5.66,214,5.05,214,5.58,216,5.23,216,5.22,216,5.45,216,5.5,216,5.5,216
914,2017/08/17 12:00UTC,5.83,223,5.03,223,5.77,225,5.25,233,5.24,232,5.59,225,5.67,225,5.67,225
915,2017/08/17 18:00UTC,2.79,247,3.36,220,3.82,224,3.91,226,3.88,225,3.74,222,3.77,224,3.77,224
916,2017/08/18 00:00UTC,2.64,229,2.4,219,2.42,222,2.5,216,2.49,216,2.4,219,2.4,221,2.4,221
917,2017/08/18 06:00UTC,2.61,223,3.44,223,3.6,239,4.47,208,4.41,209,3.64,232,3.63,236,3.63,236
918,2017/08/18 12:00UTC,3.86,261,4.47,230,5.19,240,4.94,232,4.93,232,5.06,236,5.14,239,5.14,239
919,2017/08/18 18:00UTC,4.15,293,3.8,289,3.65,288,3.91,271,3.87,273,3.65,287,3.68,287,3.68,287
920,2017/08/19 00:00UTC,3.73,246,3.05,284,2.89,283,2.77,284,2.78,285,2.94,284,2.87,284,2.87,284
921,2017/08/19 06:00UTC,5.83,244,4.39,248,4.66,252,3.88,257,3.92,256,4.56,252,4.55,252,4.55,252
922,2017/08/19 12:00UTC,5.24,272,4.71,252,4.84,256,4.54,259,4.56,258,4.83,254,4.79,256,4.79,256
923,2017/08/19 18:00UTC,3.52,298,2.8,280,2.39,292,2.5,284,2.51,282,2.48,286,2.4,291,2.4,291
924,2017/08/20 00:00UTC,1.66,292,1.68,344,2.06,339,1.81,345,1.81,345,1.98,341,2.04,340,2.04,340
925,2017/08/20 06:00UTC,2.22,261,1.63,282,1.76,314,1.28,324,1.29,321,1.68,307,1.72,315,1.72,315
926,2017/08/20 12:00UTC,1.79,273,1.75,282,2.1,288,2.42,294,2.37,294,2.03,287,2.11,288,2.11,288
927,2017/08/20 18:00UTC,1.73,320,0.46,223,1.0,287,0.34,343,0.25,333,0.7,272,0.92,285,0.91,285
928,2017/08/21 00:00UTC,1.54,101,1.1,189,0.44,212,1.98,197,1.94,198,0.82,210,0.53,213,0.53,213
929,2017/08/21 06:00UTC,2.32,212,2.56,184,2.88,214,2.6,192,2.61,192,2.77,206,2.81,212,2.81,212
930,2017/08/21 12:00UTC,1.4,310,1.28,252,1.68,298,1.69,297,1.68,294,1.68,290,1.66,297,1.67,297
931,2017/08/21 18:00UTC,1.92,9,1.16,33,1.13,18,1.68,32,1.62,32,1.09,21,1.15,19,1.15,19
932,2017/08/22 00:00UTC,1.36,6,0.74,48,1.6,45,0.94,96,0.92,93,1.3,48,1.51,47,1.51,47
933,2017/08/22 06:00UTC,1.64,73,1.72,101,2.27,91,2.16,100,2.14,100,2.12,95,2.24,91,2.23,91
934,2017/08/22 12:00UTC,2.06,110,1.95,108,3.1,110,3.13,105,3.07,105,2.9,110,3.05,109,3.05,109
935,2017/08/22 18:00UTC,2.29,110,2.3,96,2.86,84,2.84,84,2.79,85,2.71,87,2.84,84,2.83,84
936,2017/08/23 00:00UTC,2.34,114,2.54,104,2.66,101,2.62,107,2.61,106,2.64,102,2.62,100,2.62,100
937,2017/08/23 06:00UTC,1.65,162,2.61,181,3.47,212,4.13,218,4.0,216,3.27,208,3.52,213,3.52,213
938,2017/08/23 12:00UTC,3.95,281,3.68,228,3.66,260,4.31,242,4.28,241,3.66,250,3.69,257,3.69,257
939,2017/08/23 18:00UTC,4.21,321,4.08,329,3.58,328,3.35,313,3.38,315,3.7,330,3.53,327,3.53,327
940,2017/08/24 00:00UTC,1.28,324,1.76,9,2.21,13,2.21,36,2.18,34,2.08,14,2.19,14,2.19,14
941,2017/08/24 06:00UTC,0.76,346,1.38,70,1.86,65,2.49,83,2.42,82,1.78,70,1.88,67,1.88,67
942,2017/08/24 12:00UTC,0.4,216,1.82,77,2.76,82,3.09,74,3.04,74,2.72,80,2.76,80,2.76,80
943,2017/08/24 18:00UTC,2.25,346,2.03,24,2.56,25,3.87,29,3.74,29,2.47,26,2.7,24,2.69,24
944,2017/08/25 00:00UTC,3.08,21,2.26,40,2.66,38,2.86,43,2.81,43,2.54,41,2.65,40,2.65,40
945,2017/08/25 06:00UTC,3.24,44,3.15,56,3.2,56,2.61,76,2.65,74,3.13,57,3.13,57,3.13,57
946,2017/08/25 12:00UTC,2.37,68,0.98,172,1.86,189,2.84,233,2.69,232,1.66,195,1.88,196,1.88,196
947,2017/08/25 18:00UTC,2.48,31,1.37,30,0.62,183,1.28,287,1.16,292,0.12,93,0.62,191,0.61,190
948,2017/08/26 00:00UTC,1.14,9,1.23,143,0.95,204,1.23,204,1.21,199,1.06,185,1.03,203,1.03,203
949,2017/08/26 06:00UTC,1.27,303,1.46,232,1.1,269,1.76,220,1.75,221,1.24,252,1.13,261,1.13,261
950,2017/08/26 12:00UTC,0.75,296,1.33,246,1.18,265,1.56,272,1.54,271,1.24,260,1.23,266,1.23,266
951,2017/08/26 18:00UTC,2.54,356,1.19,346,1.34,4,2.22,355,2.11,354,1.3,356,1.36,3,1.36,3
952,2017/08/27 00:00UTC,2.12,3,1.62,3,1.65,24,1.12,44,1.13,40,1.59,21,1.56,24,1.57,24
953,2017/08/27 06:00UTC,1.89,16,1.61,29,2.23,40,1.91,56,1.88,54,2.02,39,2.17,41,2.17,41
954,2017/08/27 12:00UTC,0.97,36,1.12,95,1.84,90,2.02,87,1.97,88,1.74,91,1.82,90,1.82,90
955,2017/08/27 18:00UTC,2.52,356,2.08,23,2.66,26,4.02,29,3.87,28,2.6,26,2.74,26,2.73,25
956,2017/08/28 00:00UTC,2.32,43,2.26,63,2.78,63,2.88,68,2.84,68,2.67,64,2.77,64,2.77,64
957,2017/08/28 06:00UTC,1.82,57,2.61,63,3.06,60,3.58,59,3.52,59,3.0,61,3.09,60,3.08,60
958,2017/08/28 12:00UTC,1.56,108,2.23,73,2.96,85,3.23,70,3.17,71,2.84,81,2.95,83,2.95,83
959,2017/08/28 18:00UTC,1.98,36,2.05,51,1.87,60,2.22,46,2.2,46,1.89,58,1.9,59,1.89,59
960,2017/08/29 00:00UTC,1.53,88,2.17,84,2.43,79,2.71,88,2.67,88,2.4,81,2.42,80,2.42,80
961,2017/08/29 06:00UTC,1.45,87,1.74,81,1.96,72,1.82,67,1.81,68,1.88,74,1.94,72,1.94,72
962,2017/08/29 12:00UTC,2.49,149,2.88,137,3.05,129,3.2,119,3.17,120,3.08,130,3.02,128,3.03,128
963,2017/08/29 18:00UTC,1.77,149,1.92,104,1.99,91,2.69,89,2.66,90,2.32,91,2.03,90,2.04,90
964,2017/08/30 00:00UTC,2.58,310,3.59,189,2.89,223,4.54,206,4.51,205,3.23,212,3.14,219,3.14,219
965,2017/08/30 06:00UTC,2.79,283,2.87,261,2.77,268,4.23,247,4.13,248,2.93,264,2.88,265,2.87,265
966,2017/08/30 12:00UTC,3.36,216,2.89,214,3.03,222,3.56,224,3.5,224,3.04,220,3.07,222,3.07,222
967,2017/08/30 18:00UTC,5.06,339,4.49,326,5.34,329,3.84,290,3.85,293,4.93,325,5.15,327,5.15,327
968,2017/08/31 00:00UTC,3.41,316,4.49,331,4.55,328,4.99,329,4.94,329,4.58,328,4.57,328,4.57,328
969,2017/08/31 06:00UTC,3.39,255,3.25,279,3.42,275,3.82,284,3.77,284,3.44,276,3.41,276,3.41,276
970,2017/08/31 12:00UTC,4.43,251,3.38,257,3.85,259,3.08,284,3.08,282,3.66,260,3.74,260,3.74,260
971,2017/08/31 18:00UTC,1.8,300,1.4,265,1.84,278,1.45,285,1.45,282,1.71,273,1.83,276,1.82,276
972,2017/09/01 00:00UTC,0.1,15,0.78,330,1.54,289,1.48,295,1.45,296,1.43,294,1.52,290,1.52,290
973,2017/09/01 06:00UTC,0.39,307,1.09,221,1.56,244,1.55,234,1.54,234,1.54,240,1.55,243,1.55,243
974,2017/09/01 12:00UTC,1.45,310,2.06,290,2.46,281,3.03,296,2.98,295,2.5,285,2.51,282,2.51,282
975,2017/09/01 18:00UTC,3.03,356,1.86,336,1.83,286,2.3,283,2.23,285,1.8,294,1.86,284,1.86,284
976,2017/09/02 00:00UTC,2.2,323,1.65,341,2.44,326,1.52,314,1.51,316,2.12,327,2.33,326,2.33,326
977,2017/09/02 06:00UTC,2.17,344,2.55,356,2.85,346,2.28,347,2.3,348,2.71,348,2.8,346,2.8,346
978,2017/09/02 12:00UTC,3.04,332,3.33,341,3.4,333,3.83,339,3.79,339,3.42,336,3.41,333,3.41,333
979,2017/09/02 18:00UTC,2.14,12,1.64,354,1.68,338,1.14,341,1.16,342,1.58,341,1.65,337,1.65,337
980,2017/09/03 00:00UTC,0.38,222,0.68,181,0.69,149,0.85,183,0.85,181,0.78,158,0.7,151,0.7,152
981,2017/09/03 06:00UTC,2.57,167,2.53,164,2.64,174,2.64,172,2.64,172,2.66,172,2.6,174,2.61,174
982,2017/09/03 12:00UTC,3.77,188,2.98,170,3.53,190,2.7,173,2.72,173,3.26,183,3.4,189,3.4,189
983,2017/09/03 18:00UTC,1.32,185,1.24,182,0.86,229,0.42,243,0.45,237,0.82,223,0.82,235,0.82,234
984,2017/09/04 00:00UTC,1.66,178,0.59,150,0.84,157,0.31,123,0.31,125,0.62,157,0.72,155,0.72,155
985,2017/09/04 06:00UTC,3.94,185,3.09,191,3.49,181,3.08,191,3.07,191,3.34,184,3.4,181,3.4,181
986,2017/09/04 12:00UTC,2.9,223,3.06,224,3.21,222,3.3,226,3.28,226,3.18,223,3.2,222,3.2,222
987,2017/09/04 18:00UTC,1.9,229,1.64,238,2.58,236,2.21,252,2.19,252,2.42,238,2.55,237,2.55,237
988,2017/09/05 00:00UTC,1.02,226,1.63,181,2.3,201,2.3,196,2.24,195,2.13,194,2.28,200,2.28,200
989,2017/09/05 06:00UTC,3.55,222,3.54,218,3.79,225,3.84,220,3.83,220,3.8,223,3.76,224,3.76,224
990,2017/09/05 12:00UTC,4.8,228,4.8,233,4.9,228,4.91,237,4.92,237,4.99,230,4.86,229,4.86,229
991,2017/09/05 18:00UTC,3.8,226,2.59,220,3.31,237,2.83,230,2.8,229,3.04,233,3.22,236,3.22,236
992,2017/09/06 00:00UTC,4.96,273,4.6,276,4.37,281,4.3,267,4.31,268,4.42,279,4.31,280,4.32,280
993,2017/09/06 06:00UTC,4.27,258,3.62,265,3.63,267,3.65,259,3.64,260,3.63,265,3.59,267,3.6,267
994,2017/09/06 12:00UTC,4.19,279,3.77,278,4.4,279,4.12,279,4.09,279,4.25,279,4.34,279,4.34,279
995,2017/09/06 18:00UTC,2.96,298,2.33,279,1.99,271,2.28,262,2.26,262,2.08,271,2.02,271,2.02,271
996,2017/09/07 00:00UTC,3.15,265,1.98,276,2.39,280,1.93,275,1.93,276,2.23,278,2.34,280,2.34,280
997,2017/09/07 06:00UTC,2.66,250,2.49,257,2.64,263,2.52,262,2.52,261,2.63,262,2.6,263,2.6,263
998,2017/09/07 12:00UTC,3.19,249,3.08,250,3.75,256,3.65,262,3.61,261,3.6,256,3.72,257,3.71,257
999,2017/09/07 18:00UTC,3.29,256,2.89,232,2.79,240,2.66,244,2.68,242,2.82,236,2.77,239,2.77,239
1000,2017/09/08 00:00UTC,4.01,221,3.31,220,3.43,224,3.15,218,3.16,218,3.39,222,3.37,224,3.37,224
1001,2017/09/08 06:00UTC,5.97,219,5.67,215,5.75,220,5.41,215,5.44,215,5.78,218,5.69,219,5.7,219
1002,2017/09/08 12:00UTC,6.81,228,7.1,219,7.29,225,7.28,221,7.29,221,7.34,223,7.21,224,7.22,224
1003,2017/09/08 18:00UTC,6.11,248,5.41,227,5.75,227,5.87,220,5.83,220,5.68,225,5.7,226,5.7,226
1004,2017/09/09 00:00UTC,4.18,224,3.11,239,3.84,230,4.4,249,4.27,248,3.69,234,3.76,232,3.76,232
1005,2017/09/09 06:00UTC,4.19,242,4.35,240,4.57,244,4.65,241,4.62,241,4.52,242,4.54,244,4.54,244
1006,2017/09/09 12:00UTC,5.18,268,5.24,239,5.01,250,4.82,250,4.86,249,5.13,245,4.96,249,4.97,249
1007,2017/09/09 18:00UTC,3.2,273,2.75,271,2.96,279,2.71,262,2.71,262,2.87,276,2.95,278,2.95,278
1008,2017/09/10 00:00UTC,2.88,242,2.18,245,2.6,254,2.55,253,2.52,252,2.51,252,2.56,254,2.56,254
1009,2017/09/10 06:00UTC,2.93,241,2.48,234,2.72,246,2.71,233,2.7,233,2.66,242,2.67,245,2.67,245
1010,2017/09/10 12:00UTC,5.16,228,4.6,224,5.11,236,4.68,238,4.68,237,5.01,233,5.04,236,5.04,236
1011,2017/09/10 18:00UTC,6.19,213,5.4,211,5.21,215,5.26,213,5.27,212,5.25,213,5.15,214,5.15,214
1012,2017/09/11 00:00UTC,6.09,251,6.96,220,6.63,237,7.4,215,7.37,215,6.77,229,6.63,234,6.63,234
1013,2017/09/11 06:00UTC,6.24,238,5.13,239,5.59,241,5.32,238,5.31,238,5.48,240,5.51,241,5.51,241
1014,2017/09/11 12:00UTC,7.54,245,7.56,243,7.97,246,7.98,246,7.98,246,8.0,245,7.92,246,7.92,246
1015,2017/09/11 18:00UTC,5.41,243,5.11,235,5.6,242,5.3,238,5.29,238,5.45,239,5.54,242,5.54,242
1016,2017/09/12 00:00UTC,4.84,250,4.28,253,4.47,252,4.3,249,4.28,250,4.39,252,4.4,252,4.4,252
1017,2017/09/12 06:00UTC,4.85,246,4.18,239,4.49,244,4.56,238,4.53,238,4.45,242,4.45,243,4.45,243
1018,2017/09/12 12:00UTC,5.72,261,5.66,251,6.16,252,6.21,255,6.17,255,6.08,252,6.11,252,6.12,252
1019,2017/09/12 18:00UTC,3.17,222,2.82,221,3.4,214,3.08,218,3.06,218,3.2,215,3.35,215,3.35,215
1020,2017/09/13 00:00UTC,9.02,212,7.63,208,8.71,213,7.65,211,7.66,211,8.42,212,8.54,213,8.55,213
1021,2017/09/13 06:00UTC,6.63,258,6.82,239,7.85,246,7.43,229,7.37,229,7.59,243,7.72,245,7.72,245
1022,2017/09/13 12:00UTC,7.56,251,6.54,250,7.27,244,8.11,241,7.94,241,7.0,245,7.3,244,7.29,244
1023,2017/09/13 18:00UTC,3.58,295,6.81,243,8.94,239,10.63,230,10.46,230,9.01,238,9.07,238,9.06,238
1024,2017/09/14 00:00UTC,3.16,242,1.7,255,2.74,269,3.77,292,3.55,292,2.43,270,2.73,271,2.72,271
1025,2017/09/14 06:00UTC,6.5,248,6.73,240,6.59,244,7.33,245,7.27,244,6.72,242,6.57,243,6.58,243
1026,2017/09/14 12:00UTC,8.03,280,7.77,271,7.78,275,8.03,267,8.01,267,7.84,273,7.75,274,7.75,274
1027,2017/09/14 18:00UTC,3.53,259,3.34,251,3.28,250,3.68,239,3.64,239,3.27,249,3.31,249,3.31,249
1028,2017/09/15 00:00UTC,3.39,243,2.86,234,2.65,245,2.85,228,2.84,228,2.72,241,2.63,244,2.63,244
1029,2017/09/15 06:00UTC,2.69,265,2.1,247,2.36,266,2.27,239,2.25,240,2.27,259,2.3,264,2.3,264
1030,2017/09/15 12:00UTC,2.98,268,3.07,261,3.34,267,3.49,269,3.46,269,3.31,265,3.33,267,3.33,267
1031,2017/09/15 18:00UTC,2.32,297,2.38,274,2.33,281,2.49,268,2.5,268,2.4,277,2.33,279,2.33,279
1032,2017/09/16 00:00UTC,1.06,290,1.4,238,1.58,249,2.28,226,2.24,227,1.68,243,1.62,245,1.63,245
1033,2017/09/16 06:00UTC,1.33,276,1.39,239,1.54,257,2.08,225,2.04,226,1.58,249,1.54,254,1.54,254
1034,2017/09/16 12:00UTC,1.66,258,2.16,239,2.44,249,2.99,242,2.93,241,2.45,246,2.45,248,2.45,248
1035,2017/09/16 18:00UTC,0.21,233,1.65,192,1.28,204,1.51,201,1.55,200,1.51,201,1.31,203,1.31,203
1036,2017/09/17 00:00UTC,1.28,105,2.15,145,1.97,163,2.27,154,2.27,154,2.08,159,2.0,162,2.0,162
1037,2017/09/17 06:00UTC,0.42,172,1.68,174,1.79,200,2.35,203,2.29,201,1.82,196,1.82,200,1.82,200
1038,2017/09/17 12:00UTC,1.53,142,2.65,186,3.01,186,3.28,192,3.25,192,3.01,186,3.02,187,3.02,186
1039,2017/09/17 18:00UTC,2.0,312,1.63,240,1.54,254,1.85,238,1.85,238,1.63,248,1.57,251,1.57,251
1040,2017/09/18 00:00UTC,1.84,303,2.09,273,2.38,290,2.65,252,2.63,253,2.39,281,2.36,286,2.36,286
1041,2017/09/18 06:00UTC,2.04,254,1.6,256,1.64,271,1.93,245,1.9,246,1.67,266,1.62,269,1.62,269
1042,2017/09/18 12:00UTC,3.53,283,2.92,259,3.22,275,2.97,269,2.97,268,3.11,270,3.17,274,3.17,274
1043,2017/09/18 18:00UTC,2.33,315,2.04,301,2.58,292,2.29,276,2.27,277,2.45,292,2.54,291,2.54,291
1044,2017/09/19 00:00UTC,3.12,277,2.68,290,2.93,292,2.76,292,2.76,291,2.89,291,2.89,292,2.89,292
1045,2017/09/19 06:00UTC,1.68,311,2.0,300,1.88,288,2.28,276,2.25,277,1.96,289,1.89,287,1.89,287
1046,2017/09/19 12:00UTC,2.51,351,2.76,1,3.4,2,3.03,356,3.02,357,3.2,3,3.36,2,3.35,2
1047,2017/09/19 18:00UTC,1.97,334,1.58,336,1.8,342,0.98,342,1.02,342,1.64,339,1.74,342,1.74,342
1048,2017/09/20 00:00UTC,0.99,284,1.11,4,1.6,334,1.25,335,1.23,337,1.45,338,1.58,335,1.57,335
1049,2017/09/20 06:00UTC,1.63,214,1.37,199,1.2,217,1.39,210,1.39,210,1.25,213,1.18,217,1.18,217
1050,2017/09/20 12:00UTC,2.27,239,2.29,240,2.35,245,2.11,253,2.12,252,2.34,245,2.32,246,2.32,246
1051,2017/09/20 18:00UTC,1.64,173,1.58,158,1.33,165,1.0,105,1.0,110,1.32,158,1.22,163,1.23,163
1052,2017/09/21 00:00UTC,2.01,175,2.14,165,2.04,160,2.26,160,2.25,161,2.09,161,2.01,159,2.02,159
1053,2017/09/21 06:00UTC,2.78,171,2.42,164,2.52,164,2.42,155,2.41,156,2.48,164,2.47,163,2.47,163
1054,2017/09/21 12:00UTC,4.12,174,3.01,158,3.21,164,2.79,150,2.81,150,3.14,161,3.12,163,3.13,163
1055,2017/09/21 18:00UTC,1.38,241,1.12,136,1.73,265,0.56,156,0.58,153,0.95,248,1.6,264,1.59,264
1056,2017/09/22 00:00UTC,1.75,332,0.36,155,1.65,335,0.23,217,0.22,215,1.05,332,1.48,334,1.47,334
1057,2017/09/22 06:00UTC,2.36,341,2.27,6,2.75,356,1.74,349,1.79,351,2.56,357,2.66,357,2.66,356
1058,2017/09/22 12:00UTC,2.51,320,2.4,352,2.72,352,2.72,344,2.72,345,2.7,351,2.71,352,2.71,352
1059,2017/09/22 18:00UTC,2.15,326,1.33,337,2.0,337,1.91,359,1.84,358,1.8,338,1.95,338,1.95,338
1060,2017/09/23 00:00UTC,1.52,72,2.24,41,2.29,43,2.13,44,2.14,43,2.28,43,2.27,43,2.27,43
1061,2017/09/23 06:00UTC,1.32,80,1.82,55,2.26,66,2.38,61,2.35,60,2.17,63,2.26,65,2.26,65
1062,2017/09/23 12:00UTC,2.34,119,2.4,89,3.35,101,3.44,89,3.38,89,3.15,97,3.33,99,3.33,99
1063,2017/09/23 18:00UTC,1.79,95,1.73,92,2.29,89,2.24,79,2.19,80,2.13,90,2.28,88,2.27,88
1064,2017/09/24 00:00UTC,0.99,117,1.02,104,1.47,116,1.39,104,1.36,104,1.33,114,1.43,114,1.43,114
1065,2017/09/24 06:00UTC,1.92,123,1.73,117,2.03,121,1.82,114,1.81,115,1.93,120,1.98,119,1.98,119
1066,2017/09/24 12:00UTC,3.17,135,2.72,127,2.84,132,2.46,118,2.48,119,2.78,128,2.76,130,2.76,130
1067,2017/09/24 18:00UTC,2.96,105,2.54,95,3.24,95,3.17,93,3.13,93,3.17,94,3.23,94,3.23,94
1068,2017/09/25 00:00UTC,3.26,113,3.22,106,2.97,110,2.73,108,2.76,108,2.97,108,2.92,110,2.92,110
1069,2017/09/25 06:00UTC,1.87,103,2.45,107,0.85,134,1.55,134,1.58,132,1.29,121,0.92,133,0.92,132
1070,2017/09/25 12:00UTC,0.83,224,0.93,248,2.62,283,2.48,286,2.39,285,2.28,284,2.57,285,2.57,285
1071,2017/09/25 18:00UTC,1.52,312,0.16,39,2.51,285,1.24,265,1.16,265,1.82,285,2.41,284,2.4,284
1072,2017/09/26 00:00UTC,2.21,304,1.28,268,2.76,304,2.19,258,2.17,259,2.46,294,2.65,302,2.65,302
1073,2017/09/26 06:00UTC,1.78,305,1.94,280,2.76,292,2.81,274,2.79,275,2.74,287,2.75,292,2.75,291
1074,2017/09/26 12:00UTC,0.49,4,1.7,276,1.79,287,2.24,277,2.22,277,1.89,282,1.85,286,1.85,286
1075,2017/09/26 18:00UTC,0.91,232,2.21,218,2.27,222,1.2,243,1.3,239,2.38,220,2.15,222,2.16,222
1076,2017/09/27 00:00UTC,0.88,169,1.69,182,1.38,186,1.91,170,1.9,171,1.55,186,1.42,185,1.42,185
1077,2017/09/27 06:00UTC,1.71,155,1.83,151,1.79,155,1.77,159,1.77,159,1.8,155,1.76,155,1.76,155
1078,2017/09/27 12:00UTC,3.04,186,2.73,183,2.76,186,2.65,179,2.65,179,2.76,185,2.7,186,2.71,186
1079,2017/09/27 18:00UTC,1.83,167,1.74,121,1.14,166,1.4,127,1.42,126,1.21,144,1.07,163,1.08,163
1080,2017/09/28 00:00UTC,2.09,182,2.24,189,2.43,198,2.59,191,2.57,192,2.42,196,2.4,198,2.4,198
1081,2017/09/28 06:00UTC,2.38,208,1.96,211,2.27,211,2.19,215,2.18,215,2.22,212,2.22,211,2.22,211
1082,2017/09/28 12:00UTC,2.95,204,2.36,182,2.9,209,2.59,210,2.53,208,2.62,202,2.83,209,2.83,208
1083,2017/09/28 18:00UTC,1.83,190,1.64,97,0.62,135,0.63,149,0.65,136,0.82,108,0.65,132,0.65,132
1084,2017/09/29 00:00UTC,2.03,177,1.85,187,2.17,178,2.13,184,2.11,184,2.09,181,2.13,178,2.13,178
1085,2017/09/29 06:00UTC,3.67,173,3.14,170,3.39,184,3.07,181,3.07,180,3.3,181,3.31,183,3.31,183
1086,2017/09/29 12:00UTC,4.23,239,3.45,228,4.18,241,3.67,239,3.66,238,3.96,239,4.09,241,4.09,241
1087,2017/09/29 18:00UTC,3.32,271,2.88,252,3.0,250,2.49,262,2.5,261,2.91,251,2.9,251,2.9,251
1088,2017/09/30 00:00UTC,3.2,314,2.02,310,2.68,323,1.8,271,1.79,274,2.36,316,2.5,319,2.5,319
1089,2017/09/30 06:00UTC,2.89,272,3.49,304,3.02,299,3.98,309,3.94,309,3.28,301,3.1,300,3.1,300
1090,2017/09/30 12:00UTC,3.76,271,3.53,285,3.97,283,3.61,292,3.61,291,3.85,284,3.92,284,3.92,284
1091,2017/09/30 18:00UTC,2.78,219,2.09,239,2.29,239,1.74,245,1.77,244,2.22,239,2.25,240,2.25,240
1092,2017/10/01 00:00UTC,3.53,202,2.57,193,3.36,207,2.85,199,2.84,198,3.17,204,3.28,206,3.28,206
1093,2017/10/01 06:00UTC,5.84,180,4.61,176,5.19,181,4.41,177,4.42,177,4.98,179,5.04,180,5.04,180
1094,2017/10/01 12:00UTC,6.06,187,5.63,186,6.45,189,5.8,190,5.8,190,6.27,189,6.36,190,6.36,190
1095,2017/10/01 18:00UTC,5.51,187,4.41,190,5.13,192,4.41,195,4.42,195,4.93,192,5.01,192,5.01,192
1096,2017/10/02 00:00UTC,4.13,220,4.45,202,4.53,211,4.58,209,4.57,208,4.55,208,4.54,210,4.54,210
1097,2017/10/02 06:00UTC,4.21,238,3.52,230,3.83,238,3.81,229,3.79,229,3.76,235,3.78,237,3.78,237
1098,2017/10/02 12:00UTC,4.69,256,4.84,253,5.54,256,5.39,254,5.37,254,5.44,255,5.49,255,5.49,255
1099,2017/10/02 18:00UTC,2.04,267,3.53,223,4.08,227,3.84,225,3.85,225,4.06,226,4.06,227,4.06,227
1100,2017/10/03 00:00UTC,4.58,282,4.66,313,4.65,302,5.18,257,4.95,262,4.64,306,4.59,299,4.59,299
1101,2017/10/03 06:00UTC,2.35,314,2.52,327,2.77,331,2.64,326,2.63,326,2.7,330,2.76,332,2.76,331
1102,2017/10/03 12:00UTC,3.72,330,3.3,336,3.6,342,3.26,347,3.26,346,3.5,341,3.54,342,3.55,342
1103,2017/10/03 18:00UTC,2.08,321,0.48,352,1.32,331,0.63,44,0.59,43,0.98,332,1.22,332,1.22,332
1104,2017/10/04 00:00UTC,1.05,308,0.98,349,1.66,353,0.38,272,0.39,286,1.39,349,1.57,352,1.57,352
1105,2017/10/04 06:00UTC,1.66,253,0.87,255,0.84,299,0.97,242,0.94,243,0.81,285,0.81,297,0.81,297
1106,2017/10/04 12:00UTC,3.54,258,3.06,254,2.8,255,2.56,255,2.59,255,2.86,255,2.76,255,2.76,255
1107,2017/10/04 18:00UTC,2.05,252,2.11,234,2.12,244,1.86,243,1.88,242,2.12,240,2.09,243,2.09,243
1108,2017/10/05 00:00UTC,3.37,247,2.62,249,2.56,255,2.38,242,2.4,243,2.57,252,2.52,254,2.52,254
1109,2017/10/05 06:00UTC,4.91,248,4.66,240,4.89,239,4.57,233,4.58,234,4.85,238,4.82,238,4.82,238
1110,2017/10/05 12:00UTC,6.29,272,5.31,262,5.38,266,5.56,256,5.53,257,5.35,264,5.33,264,5.34,264
1111,2017/10/05 18:00UTC,3.17,344,3.7,345,4.14,333,3.68,313,3.65,315,3.98,334,4.07,331,4.07,331
1112,2017/10/06 00:00UTC,1.72,289,1.4,301,1.95,317,1.79,338,1.74,336,1.79,315,1.92,319,1.92,319
1113,2017/10/06 06:00UTC,2.61,308,2.53,305,2.96,315,2.72,313,2.71,313,2.84,312,2.93,316,2.93,316
1114,2017/10/06 12:00UTC,4.78,343,4.59,340,4.81,342,4.47,339,4.48,339,4.71,341,4.77,342,4.77,341
1115,2017/10/06 18:00UTC,2.81,342,2.53,353,2.77,339,2.05,358,2.08,358,2.61,344,2.71,339,2.71,339
1116,2017/10/07 00:00UTC,0.91,265,0.67,357,1.29,346,0.8,25,0.79,24,1.08,349,1.24,348,1.24,348
1117,2017/10/07 06:00UTC,3.15,224,2.83,218,2.67,220,2.73,212,2.74,212,2.74,219,2.64,219,2.65,219
1118,2017/10/07 12:00UTC,5.62,240,5.14,239,5.34,243,4.91,247,4.93,246,5.3,243,5.27,243,5.27,243
1119,2017/10/07 18:00UTC,4.49,238,3.25,230,3.09,229,3.04,217,3.03,218,3.07,227,3.05,228,3.05,228
1120,2017/10/08 00:00UTC,3.21,262,3.67,252,4.21,256,4.71,248,4.63,249,4.1,254,4.21,255,4.21,255
1121,2017/10/08 06:00UTC,2.4,283,2.5,277,3.08,278,3.3,264,3.25,265,3.02,275,3.08,277,3.08,277
1122,2017/10/08 12:00UTC,2.29,299,2.05,321,2.32,315,2.3,309,2.27,311,2.28,320,2.29,315,2.29,315
1123,2017/10/08 18:00UTC,2.05,331,1.57,312,1.56,320,1.05,324,1.08,322,1.53,315,1.52,320,1.52,320
1124,2017/10/09 00:00UTC,1.43,319,1.01,8,1.8,351,0.8,348,0.82,351,1.53,354,1.7,351,1.7,351
1125,2017/10/09 06:00UTC,1.39,256,1.41,301,1.56,311,1.51,301,1.52,301,1.6,308,1.56,311,1.57,311
1126,2017/10/09 12:00UTC,2.68,239,2.22,260,2.31,257,2.28,282,2.27,280,2.27,259,2.27,259,2.27,259
1127,2017/10/09 18:00UTC,2.1,228,1.74,202,1.8,247,1.35,206,1.39,206,1.66,234,1.74,245,1.74,245
1128,2017/10/10 00:00UTC,3.26,251,2.42,245,2.72,248,2.38,231,2.37,232,2.6,246,2.65,247,2.66,247
1129,2017/10/10 06:00UTC,2.06,238,2.2,244,3.15,258,2.71,236,2.69,237,2.95,254,3.12,257,3.11,257
1130,2017/10/10 12:00UTC,3.5,253,3.37,249,3.79,250,3.78,257,3.76,256,3.74,250,3.74,250,3.74,250
1131,2017/10/10 18:00UTC,2.12,230,2.39,210,2.26,222,2.32,215,2.34,214,2.33,218,2.27,221,2.27,221
1132,2017/10/11 00:00UTC,2.52,206,2.19,207,2.24,211,2.3,206,2.29,206,2.26,210,2.21,211,2.22,211
1133,2017/10/11 06:00UTC,2.73,212,2.43,212,2.31,210,2.49,206,2.48,206,2.35,210,2.3,210,2.3,210
1134,2017/10/11 12:00UTC,5.68,217,5.24,214,5.31,216,5.0,216,5.02,216,5.3,216,5.25,216,5.25,216
1135,2017/10/11 18:00UTC,2.15,207,1.76,198,2.0,210,2.44,199,2.4,199,2.0,205,2.04,207,2.04,207
1136,2017/10/12 00:00UTC,4.11,250,3.56,255,4.15,258,3.59,249,3.59,249,3.96,256,4.07,257,4.07,257
1137,2017/10/12 06:00UTC,3.35,241,3.64,249,3.63,247,3.84,249,3.83,249,3.73,248,3.62,247,3.63,247
1138,2017/10/12 12:00UTC,3.84,238,3.53,233,4.02,231,4.0,227,3.97,227,3.97,231,4.0,231,4.0,231
1139,2017/10/12 18:00UTC,2.08,200,2.03,207,2.39,198,2.44,206,2.42,206,2.34,201,2.38,199,2.38,199
1140,2017/10/13 00:00UTC,1.43,228,1.48,206,1.76,223,1.83,206,1.81,207,1.73,219,1.74,221,1.74,221
1141,2017/10/13 06:00UTC,1.62,212,1.85,189,1.55,193,1.83,180,1.83,181,1.67,192,1.55,192,1.55,192
1142,2017/10/13 12:00UTC,2.33,215,1.59,197,1.4,176,1.13,141,1.12,145,1.39,178,1.33,173,1.34,173
1143,2017/10/13 18:00UTC,1.4,195,1.13,149,1.1,135,1.53,105,1.49,108,1.16,135,1.11,130,1.11,130
1144,2017/10/14 00:00UTC,0.87,211,0.8,140,1.08,122,1.33,101,1.29,103,1.02,124,1.08,120,1.08,120
1145,2017/10/14 06:00UTC,1.15,164,1.31,136,1.44,133,1.39,133,1.39,133,1.41,134,1.41,132,1.41,132
1146,2017/10/14 12:00UTC,2.08,147,2.0,133,2.25,125,2.18,123,2.17,124,2.21,126,2.22,125,2.22,125
1147,2017/10/14 18:00UTC,1.4,128,1.55,120,1.91,110,1.84,112,1.83,113,1.84,112,1.9,110,1.9,110
1148,2017/10/15 00:00UTC,1.96,158,1.77,167,2.21,163,2.08,169,2.06,169,2.11,165,2.15,163,2.15,163
1149,2017/10/15 06:00UTC,2.83,162,2.9,169,2.91,177,3.06,177,3.04,176,2.93,176,2.86,177,2.87,177
1150,2017/10/15 12:00UTC,4.33,183,3.82,183,4.39,192,3.9,192,3.9,191,4.22,190,4.31,192,4.31,192
1151,2017/10/15 18:00UTC,3.32,180,2.61,180,2.94,183,2.73,177,2.72,177,2.85,183,2.86,183,2.86,183
1152,2017/10/16 00:00UTC,3.28,181,2.94,186,3.15,190,3.43,180,3.38,181,3.13,188,3.14,189,3.14,189
1153,2017/10/16 06:00UTC,3.43,168,2.96,165,3.28,171,3.2,166,3.18,166,3.18,169,3.2,170,3.2,170
1154,2017/10/16 12:00UTC,5.5,185,4.14,171,4.84,189,4.18,176,4.17,176,4.58,184,4.7,188,4.7,188
1155,2017/10/16 18:00UTC,2.25,223,2.0,220,2.21,227,2.21,227,2.2,227,2.17,226,2.19,226,2.19,226
1156,2017/10/17 00:00UTC,2.8,282,1.95,285,2.09,299,1.51,266,1.54,268,2.0,294,2.01,298,2.01,298
1157,2017/10/17 06:00UTC,1.04,56,1.27,41,1.75,50,0.86,115,0.83,107,1.49,50,1.66,51,1.66,51
1158,2017/10/17 12:00UTC,1.86,106,1.99,154,2.14,160,2.31,164,2.3,163,2.15,159,2.11,161,2.11,161
1159,2017/10/17 18:00UTC,2.71,51,2.38,91,2.08,96,2.24,117,2.25,115,2.27,96,2.08,98,2.08,98
1160,2017/10/18 00:00UTC,2.03,170,2.55,189,3.19,203,3.12,197,3.08,197,3.05,201,3.16,203,3.16,203
1161,2017/10/18 06:00UTC,2.89,177,3.04,185,3.22,182,3.23,180,3.22,181,3.2,183,3.19,182,3.19,182
1162,2017/10/18 12:00UTC,2.63,168,2.57,164,2.55,172,2.71,164,2.7,164,2.56,169,2.53,172,2.53,172
1163,2017/10/18 18:00UTC,1.27,123,1.87,114,1.74,110,2.22,106,2.2,106,1.85,111,1.77,109,1.77,109
1164,2017/10/19 00:00UTC,1.8,116,2.72,135,2.64,143,3.5,158,3.43,157,2.76,143,2.67,145,2.67,145
1165,2017/10/19 06:00UTC,3.3,147,3.53,158,3.68,157,3.92,159,3.89,159,3.69,158,3.65,158,3.65,158
1166,2017/10/19 12:00UTC,6.77,194,7.24,193,7.05,193,7.68,197,7.66,197,7.27,194,7.04,193,7.04,193
1167,2017/10/19 18:00UTC,2.71,168,1.93,192,2.39,177,2.3,202,2.26,202,2.22,184,2.3,179,2.3,179
1168,2017/10/20 00:00UTC,6.32,203,3.99,198,5.29,209,4.12,203,4.09,203,4.74,206,5.06,209,5.06,208
1169,2017/10/20 06:00UTC,4.97,234,3.71,236,3.63,235,3.73,255,3.68,253,3.62,236,3.55,236,3.55,236
1170,2017/10/20 12:00UTC,5.33,235,5.65,235,5.73,237,5.55,240,5.57,239,5.75,236,5.68,237,5.69,237
1171,2017/10/20 18:00UTC,2.9,199,2.53,202,2.44,192,2.43,198,2.43,198,2.44,193,2.43,192,2.43,192
1172,2017/10/21 00:00UTC,6.61,195,5.51,193,6.38,195,5.72,197,5.7,197,6.13,195,6.26,196,6.26,196
1173,2017/10/21 06:00UTC,5.75,226,5.29,212,6.13,224,5.37,210,5.36,210,5.82,220,6.06,223,6.05,223
1174,2017/10/21 12:00UTC,8.63,232,8.09,236,8.65,237,8.17,236,8.19,236,8.55,237,8.55,237,8.56,237
1175,2017/10/21 18:00UTC,6.35,232,5.88,231,6.33,234,5.68,229,5.68,229,6.13,232,6.24,234,6.24,234
1176,2017/10/22 00:00UTC,7.37,231,5.78,222,6.66,234,5.77,222,5.76,222,6.33,230,6.53,233,6.53,233
1177,2017/10/22 06:00UTC,7.0,246,6.47,245,6.87,250,5.87,241,5.91,241,6.7,248,6.76,250,6.76,250
1178,2017/10/22 12:00UTC,6.93,279,6.41,270,6.99,273,6.95,268,6.92,268,6.9,272,6.93,272,6.93,272
1179,2017/10/22 18:00UTC,5.26,265,3.62,259,3.82,261,3.5,252,3.49,252,3.63,259,3.77,261,3.77,261
1180,2017/10/23 00:00UTC,4.94,263,4.44,265,4.45,263,4.3,257,4.29,258,4.39,262,4.4,263,4.4,263
1181,2017/10/23 06:00UTC,4.48,247,3.79,254,4.07,255,3.87,253,3.86,253,4.01,255,4.0,255,4.0,255
1182,2017/10/23 12:00UTC,4.27,226,3.94,238,4.51,235,4.28,247,4.27,246,4.4,237,4.43,236,4.43,236
1183,2017/10/23 18:00UTC,3.66,216,3.83,200,4.12,214,3.92,203,3.92,202,4.03,209,4.06,213,4.06,213
1184,2017/10/24 00:00UTC,2.93,222,2.92,223,3.49,232,3.48,233,3.44,232,3.39,231,3.45,232,3.45,232
1185,2017/10/24 06:00UTC,3.17,225,2.83,212,3.29,232,3.09,218,3.07,218,3.12,226,3.23,230,3.23,230
1186,2017/10/24 12:00UTC,3.22,256,2.79,231,3.2,251,3.09,244,3.07,244,3.12,246,3.15,250,3.15,250
1187,2017/10/24 18:00UTC,2.36,215,2.64,183,2.42,198,2.15,190,2.2,189,2.48,194,2.4,197,2.4,197
1188,2017/10/25 00:00UTC,2.35,191,2.17,194,2.46,194,2.4,190,2.38,191,2.41,195,2.42,194,2.42,194
1189,2017/10/25 06:00UTC,2.31,200,2.1,183,2.07,193,2.15,184,2.14,184,2.09,189,2.05,191,2.05,191
1190,2017/10/25 12:00UTC,1.98,242,2.18,216,2.23,226,2.19,215,2.2,215,2.24,223,2.2,225,2.21,225
1191,2017/10/25 18:00UTC,0.47,353,0.32,228,0.72,245,0.36,280,0.36,276,0.64,244,0.67,246,0.67,246
1192,2017/10/26 00:00UTC,0.82,113,1.3,133,1.03,121,1.35,132,1.35,132,1.12,128,1.06,122,1.06,122
1193,2017/10/26 06:00UTC,0.54,172,0.81,165,0.69,156,1.16,163,1.13,164,0.77,164,0.71,156,0.71,156
1194,2017/10/26 12:00UTC,1.07,271,0.94,232,0.88,220,1.06,215,1.04,216,0.89,222,0.88,220,0.88,220
1195,2017/10/26 18:00UTC,1.03,351,1.01,24,1.47,27,1.58,23,1.54,24,1.39,27,1.44,27,1.44,27
1196,2017/10/27 00:00UTC,1.57,325,1.81,336,2.38,337,2.15,340,2.14,340,2.25,336,2.34,337,2.34,337
1197,2017/10/27 06:00UTC,2.54,311,2.34,323,2.65,336,2.16,333,2.17,333,2.52,333,2.58,336,2.58,336
1198,2017/10/27 12:00UTC,3.92,13,4.18,9,4.15,15,4.33,12,4.32,12,4.19,13,4.13,15,4.14,15
1199,2017/10/27 18:00UTC,2.87,346,2.36,357,2.46,347,2.3,359,2.29,359,2.37,350,2.4,348,2.4,348
1200,2017/10/28 00:00UTC,1.64,302,1.24,320,1.49,331,1.21,359,1.2,356,1.36,331,1.43,332,1.43,332
1201,2017/10/28 06:00UTC,2.85,263,1.81,276,2.06,303,1.41,297,1.44,296,1.93,297,1.99,303,1.99,303
1202,2017/10/28 12:00UTC,5.57,276,4.49,277,4.2,283,4.0,287,4.02,286,4.26,282,4.15,283,4.15,283
1203,2017/10/28 18:00UTC,4.8,275,3.53,269,3.09,273,3.11,254,3.11,256,3.13,271,3.06,272,3.07,272
1204,2017/10/29 00:00UTC,4.78,275,3.87,256,3.72,263,3.62,248,3.63,248,3.75,259,3.68,262,3.69,262
1205,2017/10/29 06:00UTC,5.32,291,4.76,272,4.96,273,5.13,260,5.1,261,4.96,271,4.92,272,4.93,272
1206,2017/10/29 12:00UTC,5.08,328,4.65,311,4.98,301,4.62,287,4.63,288,4.96,301,4.92,300,4.93,300
1207,2017/10/29 18:00UTC,4.66,17,3.86,19,4.08,24,3.79,26,3.79,25,3.97,23,4.03,25,4.03,25
1208,2017/10/30 00:00UTC,3.56,13,3.21,12,3.28,12,3.32,15,3.31,15,3.23,13,3.25,13,3.25,13
1209,2017/10/30 06:00UTC,2.73,14,2.34,11,2.49,20,2.59,27,2.57,26,2.44,19,2.47,21,2.47,21
1210,2017/10/30 12:00UTC,3.68,28,4.01,28,4.43,35,4.86,34,4.81,34,4.39,33,4.44,35,4.44,35
1211,2017/10/30 18:00UTC,2.26,17,2.17,35,2.46,41,2.65,42,2.62,41,2.42,41,2.46,42,2.46,42
1212,2017/10/31 00:00UTC,1.57,22,1.93,31,2.18,32,2.44,39,2.4,39,2.14,33,2.18,34,2.17,34
1213,2017/10/31 06:00UTC,0.51,305,0.49,42,1.02,53,1.25,61,1.2,61,0.89,54,1.03,54,1.03,54
1214,2017/10/31 12:00UTC,1.06,208,0.76,72,1.78,82,2.26,65,2.17,66,1.64,78,1.8,80,1.8,80
1215,2017/10/31 18:00UTC,1.09,191,0.71,124,1.34,100,1.54,78,1.48,79,1.21,101,1.34,97,1.33,97
1216,2017/11/01 00:00UTC,1.35,164,1.6,140,1.86,125,1.96,118,1.93,120,1.81,129,1.84,124,1.84,124
1217,2017/11/01 06:00UTC,2.13,156,1.85,148,2.32,131,2.08,129,2.06,130,2.17,135,2.27,131,2.27,131
1218,2017/11/01 12:00UTC,3.29,155,3.0,153,3.4,145,3.31,150,3.29,150,3.3,147,3.35,146,3.35,146
1219,2017/11/01 18:00UTC,2.21,162,2.53,166,2.64,171,2.84,173,2.82,172,2.68,170,2.62,171,2.62,171
1220,2017/11/02 00:00UTC,2.36,212,2.71,203,3.07,205,3.24,202,3.2,202,3.03,205,3.05,205,3.05,205
1221,2017/11/02 06:00UTC,2.5,255,3.11,230,3.57,239,4.12,226,4.05,226,3.54,236,3.61,238,3.61,238
1222,2017/11/02 12:00UTC,3.27,268,3.55,257,3.53,255,3.74,250,3.73,251,3.62,255,3.52,255,3.52,255
1223,2017/11/02 18:00UTC,0.76,60,0.58,182,0.61,189,0.7,159,0.7,161,0.71,184,0.58,187,0.58,187
1224,2017/11/03 00:00UTC,1.1,169,0.65,172,0.91,152,0.83,175,0.82,175,0.82,159,0.88,152,0.88,153
1225,2017/11/03 06:00UTC,1.26,195,1.28,166,1.25,158,1.3,140,1.29,142,1.25,159,1.23,156,1.23,157
1226,2017/11/03 12:00UTC,2.76,168,2.61,146,3.24,138,2.89,123,2.87,124,3.08,138,3.18,137,3.18,137
1227,2017/11/03 18:00UTC,2.55,135,2.44,119,2.84,116,2.74,105,2.72,106,2.73,115,2.8,115,2.8,115
1228,2017/11/04 00:00UTC,3.8,141,3.11,137,3.93,147,3.29,149,3.27,148,3.69,144,3.8,147,3.8,147
1229,2017/11/04 06:00UTC,4.21,187,4.02,192,4.65,195,4.14,194,4.14,194,4.5,195,4.55,195,4.55,195
1230,2017/11/04 12:00UTC,6.89,238,6.68,227,6.92,235,7.09,232,7.09,231,7.01,233,6.88,235,6.89,235
1231,2017/11/04 18:00UTC,3.35,274,2.75,267,2.82,274,2.45,266,2.47,266,2.76,271,2.77,274,2.77,274
1232,2017/11/05 00:00UTC,3.35,287,4.23,305,4.31,307,5.89,311,5.77,311,4.48,307,4.36,308,4.36,308
1233,2017/11/05 06:00UTC,5.0,272,4.62,278,5.07,276,5.08,278,5.05,278,5.02,277,5.05,276,5.05,276
1234,2017/11/05 12:00UTC,4.96,306,5.39,298,5.67,302,5.81,296,5.78,296,5.65,301,5.64,301,5.64,301
1235,2017/11/05 18:00UTC,2.68,287,2.57,298,2.6,296,2.58,297,2.58,297,2.6,297,2.58,297,2.58,297
1236,2017/11/06 00:00UTC,2.41,323,2.41,324,2.81,323,2.6,317,2.59,318,2.69,321,2.77,322,2.77,322
1237,2017/11/06 06:00UTC,2.74,337,3.15,349,3.01,341,2.93,343,2.93,344,2.99,343,3.0,342,3.0,342
1238,2017/11/06 12:00UTC,3.38,357,5.02,8,4.94,8,5.88,11,5.82,11,5.1,8,5.01,9,5.01,9
1239,2017/11/06 18:00UTC,1.29,356,2.6,353,2.54,349,2.71,356,2.7,356,2.58,351,2.55,349,2.55,349
1240,2017/11/07 00:00UTC,0.52,100,1.97,6,1.83,4,2.53,6,2.49,6,1.96,3,1.9,3,1.9,3
1241,2017/11/07 06:00UTC,0.77,236,1.27,355,1.25,359,1.83,5,1.79,4,1.36,358,1.32,0,1.32,0
1242,2017/11/07 12:00UTC,0.93,198,1.98,17,1.44,4,2.64,14,2.61,14,1.76,10,1.59,6,1.59,6
1243,2017/11/07 18:00UTC,1.79,182,0.56,248,1.34,220,0.94,276,0.92,274,1.12,229,1.26,224,1.26,224
1244,2017/11/08 00:00UTC,1.56,179,1.32,200,2.05,197,1.66,206,1.65,206,1.87,199,1.98,198,1.98,198
1245,2017/11/08 06:00UTC,1.86,214,1.71,187,1.6,203,1.8,179,1.8,180,1.68,197,1.57,200,1.58,200
1246,2017/11/08 12:00UTC,1.67,359,1.66,256,1.19,288,1.92,241,1.92,242,1.39,270,1.23,283,1.24,283
1247,2017/11/08 18:00UTC,2.26,357,1.71,356,2.0,340,1.89,338,1.86,339,1.89,343,1.95,339,1.95,340
1248,2017/11/09 00:00UTC,1.75,309,1.2,323,1.45,330,0.75,324,0.78,324,1.31,328,1.38,329,1.38,329
1249,2017/11/09 06:00UTC,2.02,301,0.89,266,1.53,304,0.49,295,0.52,292,1.25,296,1.42,303,1.42,303
1250,2017/11/09 12:00UTC,2.12,298,1.58,275,1.69,320,2.01,276,1.97,276,1.6,307,1.61,316,1.61,316
1251,2017/11/09 18:00UTC,2.33,224,2.13,202,2.16,229,2.27,215,2.26,214,2.13,221,2.14,227,2.14,226
1252,2017/11/10 00:00UTC,2.7,230,2.94,227,3.08,239,2.92,225,2.94,225,3.08,235,3.05,237,3.05,237
1253,2017/11/10 06:00UTC,3.8,257,3.6,242,3.77,253,4.1,235,4.06,235,3.77,249,3.76,251,3.76,251
1254,2017/11/10 12:00UTC,4.31,281,4.18,257,4.73,260,4.76,250,4.72,250,4.61,258,4.7,259,4.7,259
1255,2017/11/10 18:00UTC,3.49,307,3.37,302,3.63,299,3.43,282,3.4,284,3.56,298,3.57,298,3.57,298
1256,2017/11/11 00:00UTC,4.15,258,3.35,258,4.36,268,3.88,262,3.85,262,4.11,265,4.29,268,4.29,268
1257,2017/11/11 06:00UTC,8.03,250,7.65,233,8.14,241,7.69,234,7.71,234,8.13,239,8.06,240,8.07,240
1258,2017/11/11 12:00UTC,7.47,265,7.53,249,8.64,254,8.2,249,8.17,249,8.43,252,8.54,253,8.54,253
1259,2017/11/11 18:00UTC,5.73,284,4.95,276,5.63,280,6.0,272,5.93,272,5.5,278,5.63,279,5.63,279
1260,2017/11/12 00:00UTC,0.72,57,2.31,289,7.15,271,6.87,270,6.63,270,6.32,272,7.07,271,7.06,271
1261,2017/11/12 06:00UTC,8.88,252,8.55,253,9.26,256,8.97,252,8.93,252,9.05,255,9.19,255,9.19,255
1262,2017/11/12 12:00UTC,8.78,325,6.18,327,8.21,326,7.28,337,7.17,336,7.55,328,8.03,327,8.02,327
1263,2017/11/12 18:00UTC,4.59,326,4.7,330,4.84,330,4.3,324,4.31,325,4.75,330,4.79,330,4.79,330
1264,2017/11/13 00:00UTC,4.51,318,5.1,324,5.07,323,4.35,311,4.39,313,4.97,322,4.99,323,4.99,323
1265,2017/11/13 06:00UTC,4.19,332,4.29,337,4.43,338,4.02,335,4.03,335,4.28,337,4.39,338,4.39,338
1266,2017/11/13 12:00UTC,5.14,351,5.36,355,5.64,356,6.03,359,5.98,359,5.6,356,5.62,356,5.62,356
1267,2017/11/13 18:00UTC,2.8,334,2.93,340,3.21,342,2.74,335,2.74,336,3.06,341,3.16,342,3.16,342
1268,2017/11/14 00:00UTC,2.16,309,2.6,337,2.84,332,2.85,338,2.84,338,2.81,333,2.83,332,2.83,332
1269,2017/11/14 06:00UTC,1.11,268,0.89,354,1.48,342,1.35,13,1.32,12,1.32,347,1.44,345,1.44,345
1270,2017/11/14 12:00UTC,2.46,243,1.14,263,1.31,288,1.26,333,1.2,329,1.22,288,1.25,292,1.25,291
1271,2017/11/14 18:00UTC,1.48,224,1.13,188,0.57,234,0.4,118,0.41,130,0.63,209,0.49,226,0.5,226
1272,2017/11/15 00:00UTC,1.61,231,0.65,248,1.12,310,0.36,328,0.37,320,0.92,302,1.05,312,1.05,311
1273,2017/11/15 06:00UTC,0.87,187,1.12,148,0.39,107,1.0,118,0.99,120,0.56,127,0.45,110,0.45,111
1274,2017/11/15 12:00UTC,0.97,172,0.91,123,1.46,89,1.76,77,1.69,78,1.36,92,1.48,88,1.47,88
1275,2017/11/15 18:00UTC,0.97,165,0.55,113,1.05,101,1.19,70,1.14,71,0.92,99,1.04,97,1.03,98
1276,2017/11/16 00:00UTC,0.88,180,1.13,112,1.21,104,1.46,96,1.44,96,1.21,105,1.23,103,1.22,103
1277,2017/11/16 06:00UTC,0.67,199,0.84,102,1.05,82,1.36,66,1.32,67,1.02,83,1.08,80,1.08,80
1278,2017/11/16 12:00UTC,0.54,223,1.0,82,1.19,63,1.72,61,1.68,62,1.25,66,1.23,63,1.23,63
1279,2017/11/16 18:00UTC,0.26,295,0.48,123,0.54,86,0.8,103,0.78,103,0.55,96,0.56,87,0.56,87
1280,2017/11/17 00:00UTC,0.76,299,0.87,134,0.88,81,1.3,99,1.27,101,0.9,96,0.91,85,0.91,86
1281,2017/11/17 06:00UTC,1.69,29,1.2,77,1.77,57,1.88,73,1.83,73,1.6,64,1.75,59,1.75,59
1282,2017/11/17 12:00UTC,1.91,37,1.73,14,1.9,30,2.27,31,2.21,29,1.86,25,1.91,30,1.91,30
1283,2017/11/17 18:00UTC,2.06,11,2.0,14,2.03,15,1.84,20,1.85,20,2.02,15,2.0,15,2.0,15
1284,2017/11/18 00:00UTC,0.57,345,1.16,16,1.23,23,0.62,76,0.64,68,1.17,24,1.16,25,1.17,25
1285,2017/11/18 06:00UTC,1.65,238,1.18,219,0.99,239,0.9,219,0.92,219,1.03,233,0.99,236,0.99,236
1286,2017/11/18 12:00UTC,3.57,285,3.24,288,2.97,293,3.44,301,3.42,300,3.12,294,2.98,293,2.98,293
1287,2017/11/18 18:00UTC,4.35,246,3.32,235,3.0,243,2.79,231,2.82,231,3.01,239,2.96,241,2.96,241
1288,2017/11/19 00:00UTC,4.83,262,4.31,248,4.86,255,4.76,241,4.73,241,4.76,252,4.8,253,4.8,253
1289,2017/11/19 06:00UTC,2.72,8,2.44,353,2.48,327,2.57,282,2.43,287,2.37,332,2.4,323,2.4,324
1290,2017/11/19 12:00UTC,2.72,342,2.79,358,2.82,359,2.73,8,2.74,7,2.85,360,2.79,360,2.79,360
1291,2017/11/19 18:00UTC,0.92,303,0.53,330,0.86,352,0.89,38,0.84,35,0.74,347,0.85,355,0.85,355
1292,2017/11/20 00:00UTC,1.72,220,1.6,215,1.57,212,1.51,207,1.52,207,1.61,214,1.54,212,1.55,212
1293,2017/11/20 06:00UTC,3.22,206,2.67,202,2.93,209,2.58,206,2.58,206,2.84,208,2.86,209,2.86,209
1294,2017/11/20 12:00UTC,5.31,241,5.34,228,5.36,230,5.29,226,5.3,226,5.41,229,5.3,229,5.31,229
1295,2017/11/20 18:00UTC,3.17,220,2.81,220,3.24,231,2.9,234,2.9,233,3.1,228,3.2,231,3.2,231
1296,2017/11/21 00:00UTC,4.63,241,4.53,230,4.57,231,4.59,229,4.59,229,4.59,231,4.54,231,4.54,231
1297,2017/11/21 06:00UTC,3.82,215,3.2,205,3.25,208,3.05,198,3.05,198,3.17,206,3.21,208,3.21,208
1298,2017/11/21 12:00UTC,4.81,225,4.25,220,4.88,227,4.43,223,4.43,223,4.73,225,4.79,226,4.79,226
1299,2017/11/21 18:00UTC,3.07,227,2.81,215,3.06,220,2.95,210,2.94,210,3.0,218,3.01,220,3.01,220
1300,2017/11/22 00:00UTC,4.37,202,3.75,198,4.09,204,3.84,203,3.82,203,3.97,202,4.04,204,4.04,203
1301,2017/11/22 06:00UTC,3.81,183,3.0,179,3.2,188,2.84,186,2.84,185,3.12,187,3.12,188,3.13,188
1302,2017/11/22 12:00UTC,5.37,181,4.72,179,5.19,186,4.79,187,4.78,187,5.06,185,5.09,186,5.1,186
1303,2017/11/22 18:00UTC,6.15,184,5.16,174,5.74,181,5.53,175,5.5,175,5.61,179,5.65,180,5.65,180
1304,2017/11/23 00:00UTC,8.63,189,7.27,183,8.29,190,7.77,182,7.73,182,8.02,187,8.12,189,8.12,189
1305,2017/11/23 06:00UTC,8.64,208,6.87,205,8.33,208,7.79,205,7.73,205,8.04,207,8.19,208,8.19,208
1306,2017/11/23 12:00UTC,6.98,226,6.87,218,7.24,221,8.08,227,8.0,226,7.34,221,7.24,221,7.25,221
1307,2017/11/23 18:00UTC,0.92,270,1.96,223,2.17,227,3.83,219,3.71,219,2.34,224,2.31,225,2.31,225
1308,2017/11/24 00:00UTC,4.17,196,5.33,204,6.21,207,5.59,206,5.59,206,6.07,207,6.1,207,6.1,207
1309,2017/11/24 06:00UTC,2.29,333,3.3,207,3.9,218,4.26,205,4.21,205,3.87,213,3.88,216,3.88,216
1310,2017/11/24 12:00UTC,1.11,20,3.31,259,3.75,255,5.96,247,5.8,247,3.98,254,3.93,254,3.93,254
1311,2017/11/24 18:00UTC,2.25,239,1.94,240,2.6,247,2.41,246,2.38,246,2.48,246,2.55,247,2.55,247
1312,2017/11/25 00:00UTC,2.25,266,2.42,254,2.49,255,2.59,246,2.59,247,2.52,253,2.49,254,2.49,254
1313,2017/11/25 06:00UTC,3.19,292,3.41,260,4.66,264,3.97,251,3.95,252,4.35,261,4.59,263,4.58,263
1314,2017/11/25 12:00UTC,5.77,303,4.87,309,6.5,301,6.42,302,6.31,303,6.11,304,6.43,301,6.43,301
1315,2017/11/25 18:00UTC,3.6,258,2.9,256,3.01,255,2.87,253,2.86,253,2.95,254,2.98,255,2.98,255
1316,2017/11/26 00:00UTC,3.12,260,2.3,252,2.79,261,2.47,244,2.45,245,2.62,257,2.73,260,2.73,260
1317,2017/11/26 06:00UTC,4.36,265,3.73,256,4.34,265,3.84,251,3.83,251,4.17,262,4.26,265,4.27,265
1318,2017/11/26 12:00UTC,4.78,288,4.82,284,5.04,287,5.1,282,5.07,282,4.99,286,5.01,287,5.01,287
1319,2017/11/26 18:00UTC,3.86,258,3.22,255,3.58,254,3.2,245,3.2,245,3.47,253,3.53,254,3.53,254
1320,2017/11/27 00:00UTC,4.55,245,4.01,249,4.14,251,3.84,247,3.86,247,4.12,251,4.08,251,4.08,251
1321,2017/11/27 06:00UTC,5.12,225,4.85,218,4.88,224,4.94,218,4.95,218,4.95,222,4.84,223,4.84,223
1322,2017/11/27 12:00UTC,8.76,238,8.7,232,9.12,236,8.51,232,8.53,232,9.05,235,9.0,235,9.01,235
1323,2017/11/27 18:00UTC,7.94,234,7.59,231,8.18,233,7.42,229,7.45,230,8.06,232,8.06,232,8.06,232
1324,2017/11/28 00:00UTC,6.22,242,7.71,232,8.36,231,8.65,225,8.6,225,8.36,231,8.35,230,8.35,230
1325,2017/11/28 06:00UTC,3.09,243,2.39,251,3.13,247,4.53,236,4.34,236,3.05,247,3.19,245,3.18,245
1326,2017/11/28 12:00UTC,4.24,263,3.1,270,3.89,280,3.16,268,3.15,269,3.64,278,3.78,280,3.78,280
1327,2017/11/28 18:00UTC,2.08,306,2.69,299,2.81,298,2.53,253,2.5,256,2.74,294,2.75,296,2.75,296
1328,2017/11/29 00:00UTC,2.31,291,2.46,309,2.86,312,2.52,315,2.52,315,2.77,311,2.82,312,2.82,312
1329,2017/11/29 06:00UTC,2.51,267,2.23,273,2.45,286,2.08,278,2.09,278,2.38,283,2.4,286,2.4,286
1330,2017/11/29 12:00UTC,3.58,318,2.9,299,3.55,305,2.91,290,2.91,291,3.37,302,3.47,303,3.47,303
1331,2017/11/29 18:00UTC,2.2,299,2.06,292,2.54,299,2.31,284,2.29,285,2.42,296,2.5,299,2.5,299
1332,2017/11/30 00:00UTC,3.26,298,3.1,287,3.67,293,3.25,273,3.24,274,3.52,289,3.6,292,3.6,292
1333,2017/11/30 06:00UTC,2.25,291,2.03,288,2.53,292,2.21,273,2.19,274,2.36,289,2.49,292,2.48,291
1334,2017/11/30 12:00UTC,5.26,304,4.92,292,5.55,300,5.02,285,5.02,286,5.37,297,5.48,299,5.48,299
1335,2017/11/30 18:00UTC,2.69,288,2.62,285,3.49,285,3.25,274,3.21,275,3.27,283,3.47,284,3.47,284
1336,2017/12/01 00:00UTC,2.93,286,2.83,280,3.0,297,2.54,289,2.54,289,2.82,291,2.93,297,2.93,297
1337,2017/12/01 06:00UTC,2.02,321,1.36,293,2.09,288,1.86,271,1.84,272,1.94,285,2.05,285,2.05,285
1338,2017/12/01 12:00UTC,4.24,28,4.21,13,4.4,21,4.08,10,4.1,10,4.31,18,4.33,20,4.33,20
1339,2017/12/01 18:00UTC,3.31,3,3.69,359,3.29,358,3.66,359,3.67,359,3.42,358,3.29,358,3.29,358
1340,2017/12/02 00:00UTC,1.88,310,2.32,341,2.62,334,2.8,347,2.77,346,2.58,336,2.61,335,2.61,335
1341,2017/12/02 06:00UTC,1.55,29,2.55,17,2.56,15,2.95,17,2.92,16,2.61,15,2.58,15,2.58,15
1342,2017/12/02 12:00UTC,1.64,356,3.19,2,3.51,7,4.49,11,4.4,10,3.57,6,3.57,7,3.57,7
1343,2017/12/02 18:00UTC,0.48,341,1.38,9,1.63,6,2.0,13,1.96,13,1.63,7,1.64,8,1.64,8
1344,2017/12/03 00:00UTC,1.61,203,0.96,221,0.99,225,0.27,268,0.31,258,0.93,227,0.92,226,0.93,226
1345,2017/12/03 06:00UTC,2.52,216,2.46,223,2.8,233,2.27,236,2.29,235,2.7,231,2.73,233,2.73,233
1346,2017/12/03 12:00UTC,2.7,205,3.31,211,3.29,217,3.06,223,3.1,222,3.36,217,3.27,217,3.28,217
1347,2017/12/03 18:00UTC,1.04,266,1.9,214,2.43,239,2.67,221,2.63,221,2.36,233,2.41,237,2.41,237
1348,2017/12/04 00:00UTC,0.93,300,0.79,246,1.62,283,1.92,254,1.85,254,1.42,275,1.6,279,1.6,279
1349,2017/12/04 06:00UTC,0.83,250,1.16,208,1.34,244,1.16,232,1.16,231,1.27,233,1.3,241,1.3,240
1350,2017/12/04 12:00UTC,3.75,299,1.92,256,2.76,295,2.56,241,2.5,242,2.39,283,2.61,290,2.61,290
1351,2017/12/04 18:00UTC,1.39,291,1.46,310,1.74,320,1.38,287,1.39,290,1.66,317,1.71,320,1.71,320
1352,2017/12/05 00:00UTC,0.32,270,0.97,291,1.24,286,1.3,287,1.28,286,1.17,285,1.23,285,1.23,285
1353,2017/12/05 06:00UTC,1.06,211,0.75,244,0.75,263,0.92,246,0.91,247,0.78,258,0.73,262,0.73,262
1354,2017/12/05 12:00UTC,0.95,234,1.11,193,0.52,233,0.83,199,0.85,198,0.64,212,0.52,224,0.52,224
1355,2017/12/05 18:00UTC,1.2,252,1.32,188,0.75,197,1.69,179,1.65,179,0.98,190,0.81,192,0.81,192
1356,2017/12/06 00:00UTC,1.47,258,1.69,206,1.46,220,2.2,198,2.17,198,1.6,214,1.53,216,1.53,216
1357,2017/12/06 06:00UTC,1.77,182,2.34,171,2.16,183,2.16,175,2.17,175,2.23,180,2.16,183,2.16,183
1358,2017/12/06 12:00UTC,2.85,208,2.75,202,2.64,203,2.17,191,2.21,192,2.64,202,2.58,202,2.58,202
1359,2017/12/06 18:00UTC,2.73,183,2.02,160,2.04,162,2.11,153,2.1,154,2.04,160,2.02,160,2.02,160
1360,2017/12/07 00:00UTC,4.05,197,2.99,201,3.19,201,2.74,205,2.74,205,3.06,201,3.12,202,3.12,202
1361,2017/12/07 06:00UTC,4.94,180,4.33,183,4.8,187,4.28,189,4.28,189,4.66,186,4.71,187,4.71,187
1362,2017/12/07 12:00UTC,9.87,206,9.0,204,10.1,207,8.86,207,8.9,207,9.9,207,9.94,208,9.94,208
1363,2017/12/07 18:00UTC,5.5,239,7.35,222,8.21,221,7.77,222,7.77,222,8.14,222,8.19,222,8.19,222
1364,2017/12/08 00:00UTC,3.48,265,3.18,270,3.73,275,3.57,269,3.53,269,3.59,273,3.68,275,3.68,275
1365,2017/12/08 06:00UTC,4.54,260,4.13,245,4.59,251,4.53,244,4.5,244,4.5,248,4.54,250,4.55,250
1366,2017/12/08 12:00UTC,6.56,293,6.96,280,7.36,286,7.43,281,7.41,281,7.35,284,7.31,285,7.31,285
1367,2017/12/08 18:00UTC,4.67,272,3.71,280,4.52,283,3.98,285,3.96,285,4.27,283,4.46,283,4.46,283
1368,2017/12/09 00:00UTC,4.19,270,3.47,267,4.44,277,3.85,265,3.83,266,4.16,274,4.37,276,4.37,276
1369,2017/12/09 06:00UTC,3.04,265,2.93,263,3.4,269,3.32,260,3.29,260,3.31,267,3.38,269,3.38,269
1370,2017/12/09 12:00UTC,4.13,251,3.68,255,4.31,257,3.82,260,3.82,260,4.13,258,4.24,258,4.24,258
1371,2017/12/09 18:00UTC,4.05,213,3.64,203,3.88,209,4.07,203,4.04,203,3.89,207,3.87,208,3.87,208
1372,2017/12/10 00:00UTC,3.54,168,3.34,178,4.07,188,4.06,189,4.0,188,3.89,186,4.0,188,4.0,188
1373,2017/12/10 06:00UTC,9.76,168,9.31,163,9.35,175,9.86,173,9.81,172,9.44,171,9.29,175,9.3,175
1374,2017/12/10 12:00UTC,9.22,252,7.88,242,8.7,248,8.37,249,8.33,248,8.56,247,8.62,248,8.62,248
1375,2017/12/10 18:00UTC,5.3,233,8.55,228,8.73,230,9.3,224,9.32,224,9.04,229,8.78,229,8.79,229
1376,2017/12/11 00:00UTC,2.61,148,2.67,151,3.13,150,3.77,161,3.69,161,3.07,152,3.14,151,3.14,151
1377,2017/12/11 06:00UTC,4.31,153,6.32,186,8.27,200,7.79,204,7.72,204,7.87,199,8.18,201,8.17,201
1378,2017/12/11 12:00UTC,8.99,217,11.71,212,12.57,221,13.26,219,13.18,219,12.65,219,12.58,221,12.58,221
1379,2017/12/11 18:00UTC,7.28,342,7.24,312,7.95,321,8.03,291,7.97,292,7.78,316,7.87,319,7.87,319
1380,2017/12/12 00:00UTC,4.89,290,4.31,279,4.35,291,4.29,277,4.28,277,4.32,287,4.34,290,4.34,290
1381,2017/12/12 06:00UTC,2.73,253,2.57,247,2.71,254,2.78,244,2.77,244,2.68,251,2.68,253,2.68,253
1382,2017/12/12 12:00UTC,2.12,254,3.03,223,3.3,229,3.94,224,3.89,224,3.34,226,3.34,228,3.34,228
1383,2017/12/12 18:00UTC,2.23,198,2.3,201,2.62,217,2.84,208,2.8,208,2.59,214,2.6,217,2.6,217
1384,2017/12/13 00:00UTC,5.16,203,4.34,205,4.81,208,4.45,208,4.45,208,4.7,208,4.73,208,4.73,208
1385,2017/12/13 06:00UTC,7.31,199,6.49,190,7.22,195,6.63,192,6.63,192,7.07,194,7.11,195,7.11,195
1386,2017/12/13 12:00UTC,5.34,245,5.43,236,6.11,245,6.66,237,6.58,237,6.09,242,6.08,244,6.08,244
1387,2017/12/13 18:00UTC,6.47,227,7.08,212,7.19,224,8.18,210,8.1,210,7.27,219,7.25,223,7.25,223
1388,2017/12/14 00:00UTC,9.91,273,9.59,249,10.12,254,9.41,244,9.44,244,10.0,251,10.01,253,10.01,253
1389,2017/12/14 06:00UTC,6.16,234,5.54,235,5.78,240,5.5,239,5.5,238,5.78,239,5.72,240,5.72,240
1390,2017/12/14 12:00UTC,7.52,242,7.88,242,8.46,244,8.69,243,8.64,243,8.45,243,8.43,244,8.44,244
1391,2017/12/14 18:00UTC,3.88,246,4.37,228,5.17,242,5.07,230,5.02,230,4.96,237,5.15,241,5.14,241
1392,2017/12/15 00:00UTC,6.65,229,5.63,232,7.12,240,6.17,238,6.15,238,6.73,238,6.97,240,6.96,240
1393,2017/12/15 06:00UTC,4.19,239,4.4,241,4.82,240,5.22,235,5.16,235,4.78,239,4.78,239,4.78,239
1394,2017/12/15 12:00UTC,6.43,261,6.73,239,7.45,249,7.53,239,7.5,239,7.4,246,7.39,248,7.39,248
1395,2017/12/15 18:00UTC,4.62,319,5.33,333,6.04,324,6.54,321,6.45,322,5.94,326,6.05,323,6.05,324
1396,2017/12/16 00:00UTC,4.74,325,4.04,325,5.27,323,4.82,314,4.77,315,4.96,323,5.19,322,5.19,322
1397,2017/12/16 06:00UTC,3.76,324,3.97,327,3.98,324,3.67,318,3.68,319,3.93,324,3.96,323,3.96,323
1398,2017/12/16 12:00UTC,4.56,321,4.12,324,4.6,329,4.28,326,4.28,326,4.5,328,4.55,328,4.55,328
1399,2017/12/16 18:00UTC,2.81,281,2.61,285,2.63,288,2.57,286,2.58,286,2.65,287,2.6,288,2.6,288
1400,2017/12/17 00:00UTC,2.76,273,2.17,261,3.33,269,3.05,256,3.0,256,3.05,265,3.26,268,3.26,267
1401,2017/12/17 06:00UTC,2.06,341,2.14,340,2.74,329,2.24,315,2.23,317,2.56,330,2.68,328,2.68,328
1402,2017/12/17 12:00UTC,1.24,238,0.5,285,1.19,293,0.99,304,0.95,304,0.97,295,1.15,295,1.15,295
1403,2017/12/17 18:00UTC,3.59,199,2.51,199,2.67,212,2.38,210,2.39,210,2.6,209,2.61,212,2.61,212
1404,2017/12/18 00:00UTC,6.25,248,5.56,223,6.12,236,5.58,222,5.59,222,5.95,231,6.01,234,6.01,234
1405,2017/12/18 06:00UTC,4.77,360,4.12,333,4.38,325,4.74,300,4.65,302,4.3,325,4.35,322,4.35,322
1406,2017/12/18 12:00UTC,5.52,16,5.85,13,5.72,19,6.09,16,6.07,16,5.82,17,5.7,19,5.71,19
1407,2017/12/18 18:00UTC,2.88,356,2.77,357,2.84,3,2.97,3,2.95,2,2.82,1,2.82,3,2.82,3
1408,2017/12/19 00:00UTC,1.94,332,1.99,337,2.21,346,2.07,349,2.06,348,2.15,343,2.18,346,2.18,346
1409,2017/12/19 06:00UTC,1.1,358,1.78,20,2.23,15,2.09,18,2.07,18,2.12,15,2.2,15,2.2,15
1410,2017/12/19 12:00UTC,1.51,261,1.6,329,1.62,349,2.18,352,2.14,351,1.72,345,1.66,350,1.66,350
1411,2017/12/19 18:00UTC,2.13,259,1.38,277,1.53,288,1.15,316,1.14,312,1.46,287,1.47,290,1.47,290
1412,2017/12/20 00:00UTC,2.25,260,1.99,267,1.9,279,1.84,283,1.85,282,1.94,276,1.87,279,1.87,279
1413,2017/12/20 06:00UTC,1.71,269,1.62,278,2.11,292,1.88,274,1.87,275,2.0,288,2.05,291,2.05,291
1414,2017/12/20 12:00UTC,1.68,284,1.26,287,1.59,306,1.64,297,1.61,297,1.54,302,1.55,305,1.55,305
1415,2017/12/20 18:00UTC,1.74,305,1.34,310,2.0,311,1.6,304,1.59,305,1.83,311,1.94,311,1.94,311
1416,2017/12/21 00:00UTC,1.89,273,1.59,290,1.85,305,1.63,299,1.63,299,1.78,302,1.81,305,1.81,305
1417,2017/12/21 06:00UTC,1.7,268,1.2,270,1.81,286,1.55,293,1.53,292,1.63,284,1.76,287,1.76,287
1418,2017/12/21 12:00UTC,2.89,268,1.86,259,2.49,280,2.37,283,2.32,282,2.31,277,2.45,281,2.45,280
1419,2017/12/21 18:00UTC,2.98,281,2.14,263,2.74,271,2.44,260,2.42,260,2.57,268,2.68,270,2.68,270
1420,2017/12/22 00:00UTC,3.47,273,2.44,287,2.77,286,2.62,282,2.59,283,2.66,287,2.72,285,2.72,285
1421,2017/12/22 06:00UTC,2.74,266,2.48,264,3.23,285,2.7,282,2.68,280,3.0,281,3.14,285,3.14,284
1422,2017/12/22 12:00UTC,2.65,292,1.44,257,2.89,287,2.12,254,2.08,254,2.44,280,2.78,284,2.77,284
1423,2017/12/22 18:00UTC,1.81,281,1.15,333,2.05,310,1.65,327,1.63,328,1.83,318,2.01,312,2.01,312
1424,2017/12/23 00:00UTC,0.77,233,0.47,79,0.92,2,1.31,63,1.25,63,0.76,22,0.92,8,0.92,8
1425,2017/12/23 06:00UTC,1.84,236,1.44,202,1.45,220,0.62,185,0.69,186,1.38,212,1.37,216,1.37,216
1426,2017/12/23 12:00UTC,3.25,258,2.76,263,3.11,273,2.2,276,2.25,275,2.99,272,3.04,274,3.04,274
1427,2017/12/23 18:00UTC,2.93,240,2.14,235,2.68,236,1.95,239,1.96,238,2.53,236,2.59,236,2.59,236
1428,2017/12/24 00:00UTC,3.52,233,2.84,227,2.8,236,2.51,234,2.53,233,2.81,234,2.74,236,2.75,236
1429,2017/12/24 06:00UTC,3.92,234,3.4,228,3.61,233,3.16,229,3.19,229,3.57,232,3.55,232,3.55,232
1430,2017/12/24 12:00UTC,3.85,227,3.83,217,4.14,224,3.71,220,3.74,219,4.1,222,4.08,223,4.08,223
1431,2017/12/24 18:00UTC,3.95,220,3.54,213,3.62,218,2.97,217,3.02,216,3.6,217,3.55,218,3.55,218
1432,2017/12/25 00:00UTC,4.25,221,3.4,209,3.24,213,2.95,204,2.98,205,3.27,212,3.19,212,3.2,213
1433,2017/12/25 06:00UTC,4.65,191,3.65,196,3.87,197,3.23,193,3.26,193,3.76,196,3.79,197,3.79,197
1434,2017/12/25 12:00UTC,4.94,178,3.62,201,4.06,191,3.69,216,3.67,215,3.88,196,3.95,193,3.95,193
1435,2017/12/25 18:00UTC,5.7,174,4.29,166,4.42,172,3.88,165,3.9,165,4.33,170,4.31,172,4.31,172
1436,2017/12/26 00:00UTC,8.9,195,7.16,191,8.26,195,7.6,192,7.55,192,7.94,194,8.1,195,8.1,195
1437,2017/12/26 06:00UTC,3.71,263,4.82,268,5.11,267,6.56,261,6.43,261,5.23,267,5.21,267,5.21,267
1438,2017/12/26 12:00UTC,6.49,220,6.42,218,6.85,218,6.88,217,6.85,217,6.83,218,6.8,218,6.8,218
1439,2017/12/26 18:00UTC,7.95,178,6.47,180,7.76,182,6.3,183,6.32,183,7.35,181,7.57,182,7.57,182
1440,2017/12/27 00:00UTC,8.22,188,7.47,187,7.9,192,7.64,190,7.62,190,7.81,190,7.75,191,7.75,191
1441,2017/12/27 06:00UTC,3.81,196,4.24,210,4.0,205,4.82,208,4.76,208,4.14,207,4.05,205,4.05,205
1442,2017/12/27 12:00UTC,8.73,290,6.73,267,9.91,289,8.3,275,8.24,275,9.03,283,9.64,287,9.63,287
1443,2017/12/27 18:00UTC,7.65,312,7.4,304,8.01,304,8.06,295,7.99,296,7.88,303,7.98,303,7.98,303
1444,2017/12/28 00:00UTC,5.38,285,5.06,290,5.35,280,5.17,280,5.15,281,5.25,283,5.31,280,5.31,280
1445,2017/12/28 06:00UTC,2.82,261,2.55,250,3.02,264,2.85,245,2.83,246,2.87,259,2.96,263,2.96,263
1446,2017/12/28 12:00UTC,3.66,270,3.55,257,3.81,261,3.96,254,3.94,254,3.81,260,3.79,260,3.79,260
1447,2017/12/28 18:00UTC,3.11,255,2.56,254,2.93,259,2.75,250,2.73,250,2.85,257,2.88,258,2.88,258
1448,2017/12/29 00:00UTC,2.84,222,2.65,218,2.91,225,2.91,221,2.9,220,2.89,224,2.87,224,2.88,224
1449,2017/12/29 06:00UTC,4.77,176,4.17,176,4.77,180,4.41,177,4.4,177,4.62,179,4.69,180,4.69,180
1450,2017/12/29 12:00UTC,9.58,219,8.82,213,9.38,219,9.21,212,9.19,212,9.31,217,9.32,219,9.32,219
1451,2017/12/29 18:00UTC,5.0,267,4.77,268,4.89,269,4.77,267,4.76,267,4.86,268,4.86,269,4.87,269
1452,2017/12/30 00:00UTC,4.68,209,4.08,206,5.61,221,5.22,218,5.13,217,5.14,218,5.54,221,5.53,220
1453,2017/12/30 06:00UTC,5.49,258,5.73,244,6.82,258,6.63,249,6.59,249,6.62,254,6.78,257,6.77,257
1454,2017/12/30 12:00UTC,5.72,242,6.42,240,7.81,242,8.14,242,8.06,242,7.69,241,7.78,242,7.78,242
1455,2017/12/30 18:00UTC,7.21,240,7.55,240,8.04,241,7.6,238,7.62,238,8.01,240,7.96,240,7.96,240
1456,2017/12/31 00:00UTC,8.34,229,7.69,226,8.78,231,8.01,228,8.01,228,8.55,230,8.66,231,8.66,231
1457,2017/12/31 06:00UTC,8.71,217,8.26,217,9.14,219,8.01,217,8.06,217,8.92,218,9.02,219,9.02,219
1458,2017/12/31 12:00UTC,10.3,209,10.3,212,10.66,210,10.36,214,10.37,214,10.62,211,10.58,211,10.59,211
1459,2017/12/31 18:00UTC,7.0,235,7.24,240,7.69,242,7.87,243,7.83,243,7.66,241,7.64,242,7.64,242
1460,2018/01/01 00:00UTC,7.29,238,6.35,239,7.32,243,6.66,239,6.65,239,7.08,242,7.23,243,7.23,243
1461,2018/01/01 06:00UTC,6.55,223,5.91,222,6.54,224,6.43,221,6.39,221,6.39,223,6.47,224,6.47,224
1462,2018/01/01 12:00UTC,8.23,219,9.44,205,8.5,225,10.67,211,10.55,210,8.86,218,8.53,224,8.54,223
1463,2018/01/01 18:00UTC,5.28,278,5.06,287,5.84,279,5.7,283,5.64,283,5.67,281,5.79,279,5.79,279
1464,2018/01/02 00:00UTC,6.17,266,5.57,260,6.47,261,6.06,254,6.02,254,6.21,260,6.4,261,6.4,261
1465,2018/01/02 06:00UTC,3.63,233,3.57,233,3.84,236,3.92,235,3.9,235,3.84,235,3.81,236,3.81,236
1466,2018/01/02 12:00UTC,5.3,199,5.02,205,5.79,208,5.52,212,5.49,211,5.63,208,5.72,208,5.72,208
1467,2018/01/02 18:00UTC,5.63,231,4.95,227,4.83,233,4.83,225,4.82,226,4.84,231,4.78,233,4.78,233
1468,2018/01/03 00:00UTC,8.7,215,6.91,217,7.98,221,6.99,223,6.99,222,7.67,220,7.83,221,7.83,221
1469,2018/01/03 06:00UTC,9.99,271,10.17,268,11.12,265,10.98,265,10.92,265,10.95,266,11.07,265,11.07,265
1470,2018/01/03 12:00UTC,9.82,268,9.36,269,9.82,269,9.81,269,9.79,269,9.79,269,9.78,269,9.78,269
1471,2018/01/03 18:00UTC,5.1,243,4.39,242,5.09,244,5.12,242,5.05,242,4.89,243,5.08,244,5.07,244
1472,2018/01/04 00:00UTC,4.42,235,5.25,237,5.15,230,5.5,232,5.49,232,5.31,232,5.14,230,5.15,230
1473,2018/01/04 06:00UTC,4.69,250,4.36,247,7.19,255,6.82,256,6.67,256,6.57,254,7.12,255,7.11,255
1474,2018/01/04 12:00UTC,7.12,245,7.92,245,9.22,245,8.59,246,8.57,246,8.98,245,9.11,245,9.11,245
1475,2018/01/04 18:00UTC,6.72,264,6.92,271,7.1,270,7.35,270,7.31,270,7.14,271,7.13,270,7.13,270
1476,2018/01/05 00:00UTC,6.32,213,5.19,215,6.13,217,5.47,219,5.46,218,5.93,217,6.02,217,6.02,217
1477,2018/01/05 06:00UTC,2.75,220,4.0,217,4.68,220,4.92,212,4.89,213,4.64,218,4.74,219,4.74,219
1478,2018/01/05 12:00UTC,6.25,228,5.73,235,6.22,234,5.86,234,5.85,234,6.11,234,6.13,234,6.13,234
1479,2018/01/05 18:00UTC,2.82,221,3.04,220,3.11,219,4.06,213,3.98,213,3.2,218,3.17,218,3.17,218
1480,2018/01/06 00:00UTC,2.86,182,2.35,186,2.86,197,2.72,199,2.7,198,2.76,196,2.82,198,2.82,198
1481,2018/01/06 06:00UTC,1.81,201,1.78,209,2.08,205,1.72,234,1.73,232,2.02,210,2.04,207,2.04,207
1482,2018/01/06 12:00UTC,2.11,73,1.36,70,1.51,76,1.01,32,1.02,36,1.41,72,1.45,74,1.45,74
1483,2018/01/06 18:00UTC,3.2,36,2.23,27,2.22,29,2.02,28,2.01,28,2.15,27,2.17,29,2.17,29
1484,2018/01/07 00:00UTC,4.99,33,3.83,26,4.67,33,4.48,39,4.42,38,4.36,32,4.59,34,4.59,34
1485,2018/01/07 06:00UTC,7.62,50,6.69,45,7.8,48,6.7,47,6.71,47,7.43,47,7.66,48,7.66,48
1486,2018/01/07 12:00UTC,8.36,51,7.22,49,8.26,53,7.6,53,7.58,53,7.94,52,8.16,53,8.16,53
1487,2018/01/07 18:00UTC,5.7,56,3.8,44,5.19,56,4.07,40,4.03,40,4.57,52,5.09,55,5.08,55
1488,2018/01/08 00:00UTC,6.02,58,5.56,50,6.31,52,5.18,51,5.23,51,6.03,51,6.2,52,6.2,52
1489,2018/01/08 06:00UTC,4.16,64,3.29,60,4.58,66,3.81,59,3.79,60,4.15,64,4.52,66,4.52,66
1490,2018/01/08 12:00UTC,4.36,62,4.11,60,4.51,62,4.33,60,4.32,60,4.4,61,4.47,62,4.46,62
1491,2018/01/08 18:00UTC,2.91,50,2.62,41,3.12,43,2.84,36,2.82,36,2.9,41,3.11,43,3.1,43
1492,2018/01/09 00:00UTC,1.87,72,2.02,65,1.73,58,1.99,68,1.99,68,1.83,60,1.74,58,1.74,58
1493,2018/01/09 06:00UTC,0.9,149,1.0,162,1.69,203,1.73,212,1.67,210,1.54,201,1.67,204,1.67,204
1494,2018/01/09 12:00UTC,2.67,173,3.01,182,3.21,193,3.32,196,3.3,195,3.19,192,3.18,193,3.18,193
1495,2018/01/09 18:00UTC,3.72,167,3.87,171,4.37,183,4.28,181,4.25,180,4.29,180,4.31,183,4.31,183
1496,2018/01/10 00:00UTC,4.24,196,4.26,204,5.31,204,4.26,202,4.27,203,5.03,204,5.18,204,5.18,204
1497,2018/01/10 06:00UTC,3.8,189,3.74,188,3.77,202,4.08,194,4.05,194,3.8,198,3.77,201,3.77,201
1498,2018/01/10 12:00UTC,2.77,211,2.93,214,3.08,215,3.58,218,3.53,218,3.13,216,3.09,215,3.09,215
1499,2018/01/10 18:00UTC,1.99,145,2.48,144,2.08,170,2.85,173,2.81,171,2.27,160,2.14,170,2.15,170
1500,2018/01/11 00:00UTC,1.83,138,2.14,178,2.48,175,2.97,184,2.91,183,2.44,179,2.48,176,2.48,176
1501,2018/01/11 06:00UTC,1.33,93,1.46,131,1.8,133,2.11,150,2.06,149,1.75,134,1.79,135,1.79,134
1502,2018/01/11 12:00UTC,1.57,18,0.9,14,0.75,27,0.65,263,0.56,269,0.72,22,0.64,23,0.65,23
1503,2018/01/11 18:00UTC,2.18,13,2.35,357,2.64,1,2.68,359,2.66,359,2.57,359,2.63,1,2.63,1
1504,2018/01/12 00:00UTC,1.85,357,2.41,348,2.4,9,2.8,0,2.76,359,2.36,3,2.4,8,2.4,8
1505,2018/01/12 06:00UTC,1.12,327,1.94,336,1.82,345,2.06,344,2.05,343,1.91,342,1.83,345,1.83,345
1506,2018/01/12 12:00UTC,2.18,80,1.86,27,2.06,51,1.92,27,1.92,27,1.96,43,2.05,48,2.05,48
1507,2018/01/12 18:00UTC,0.99,111,0.73,329,0.77,74,0.87,351,0.86,348,0.45,38,0.7,66,0.7,66
1508,2018/01/13 00:00UTC,2.21,107,1.94,74,2.55,100,2.22,85,2.22,85,2.37,94,2.52,99,2.52,99
1509,2018/01/13 06:00UTC,2.56,110,2.57,110,3.09,106,2.94,105,2.92,105,2.95,106,3.06,105,3.06,105
1510,2018/01/13 12:00UTC,4.57,115,4.45,104,5.21,107,5.0,98,4.98,98,5.07,105,5.15,106,5.15,106
1511,2018/01/13 18:00UTC,3.52,89,3.45,81,3.49,82,3.32,85,3.33,85,3.48,82,3.45,81,3.45,81
1512,2018/01/14 00:00UTC,2.58,72,1.85,96,1.85,93,1.75,130,1.73,128,1.8,97,1.79,95,1.8,95
1513,2018/01/14 06:00UTC,1.02,78,1.32,134,1.19,114,1.51,150,1.5,149,1.22,125,1.17,117,1.17,117
1514,2018/01/14 12:00UTC,1.64,170,2.04,174,1.81,172,2.11,160,2.1,161,1.9,171,1.79,171,1.8,171
1515,2018/01/14 18:00UTC,1.19,135,1.46,118,1.21,100,1.85,136,1.82,134,1.35,110,1.25,102,1.25,102
1516,2018/01/15 00:00UTC,3.07,230,2.46,233,2.93,239,2.69,228,2.68,229,2.84,238,2.87,239,2.87,239
1517,2018/01/15 06:00UTC,4.81,207,3.41,201,4.36,211,3.44,204,3.44,204,4.05,209,4.22,211,4.22,211
1518,2018/01/15 12:00UTC,10.24,205,9.17,204,10.34,209,9.54,209,9.5,209,9.89,207,10.16,209,10.16,209
1519,2018/01/15 18:00UTC,6.28,254,6.95,237,7.07,247,8.08,233,8.01,233,7.22,243,7.09,246,7.1,246
1520,2018/01/16 00:00UTC,5.65,243,6.22,240,7.14,244,6.89,241,6.86,241,7.01,243,7.07,243,7.07,243
1521,2018/01/16 06:00UTC,5.77,251,6.18,247,6.96,250,7.74,241,7.6,242,6.77,249,7.01,249,7.0,249
1522,2018/01/16 12:00UTC,8.03,270,7.6,268,8.18,266,8.82,261,8.72,262,8.11,266,8.22,266,8.22,266
1523,2018/01/16 18:00UTC,5.18,257,4.9,266,5.77,262,6.06,260,5.97,261,5.6,263,5.75,262,5.75,262
1524,2018/01/17 00:00UTC,8.24,267,8.33,267,9.58,270,9.92,268,9.81,268,9.35,269,9.57,269,9.57,269
1525,2018/01/17 06:00UTC,4.7,253,4.47,250,5.25,257,5.39,257,5.29,256,4.96,254,5.26,257,5.25,257
1526,2018/01/17 12:00UTC,8.28,276,7.7,275,8.16,275,8.07,275,8.05,275,8.12,275,8.11,275,8.11,275
1527,2018/01/17 18:00UTC,5.57,247,5.07,250,5.81,253,5.38,251,5.36,251,5.61,252,5.75,253,5.75,253
1528,2018/01/18 00:00UTC,7.29,219,6.24,224,7.12,227,6.31,228,6.32,228,6.86,227,7.0,227,7.0,227
1529,2018/01/18 06:00UTC,8.51,247,8.68,238,9.41,241,8.99,237,8.98,237,9.31,240,9.32,241,9.32,241
1530,2018/01/18 12:00UTC,5.82,281,6.7,258,7.4,251,8.87,242,8.71,243,7.42,251,7.49,250,7.48,250
1531,2018/01/18 18:00UTC,4.53,254,3.22,255,4.56,266,4.41,268,4.28,267,4.1,264,4.49,266,4.48,266
1532,2018/01/19 00:00UTC,4.04,265,3.68,272,3.97,266,3.94,272,3.91,272,3.85,267,3.95,266,3.95,266
1533,2018/01/19 06:00UTC,3.34,234,3.42,231,3.82,237,3.83,234,3.81,233,3.77,235,3.79,237,3.79,237
1534,2018/01/19 12:00UTC,5.17,277,5.51,255,5.96,262,6.01,248,5.99,249,5.94,259,5.93,261,5.93,261
1535,2018/01/19 18:00UTC,4.16,244,3.19,248,3.68,249,3.34,252,3.33,251,3.5,249,3.63,250,3.63,250
1536,2018/01/20 00:00UTC,5.42,243,4.69,240,5.36,244,4.98,237,4.96,237,5.24,242,5.29,243,5.29,243
1537,2018/01/20 06:00UTC,5.39,199,4.9,202,5.81,204,5.31,204,5.29,204,5.6,204,5.72,204,5.72,204
1538,2018/01/20 12:00UTC,3.95,239,5.05,208,5.71,254,5.47,226,5.43,225,5.28,241,5.61,252,5.61,252
1539,2018/01/20 18:00UTC,6.28,284,4.98,264,7.03,270,6.96,260,6.81,260,6.49,267,6.95,269,6.95,269
1540,2018/01/21 00:00UTC,4.11,341,4.14,318,5.59,297,5.88,290,5.75,291,5.31,299,5.58,296,5.57,296
1541,2018/01/21 06:00UTC,0.88,348,1.54,39,1.49,325,1.63,0,1.59,3,1.28,351,1.47,327,1.47,327
1542,2018/01/21 12:00UTC,3.32,151,3.12,155,2.78,171,2.36,164,2.42,163,2.84,163,2.72,171,2.72,171
1543,2018/01/21 18:00UTC,3.05,232,2.79,194,5.69,257,5.02,248,4.81,247,4.75,252,5.55,256,5.54,256
1544,2018/01/22 00:00UTC,6.18,262,6.58,256,8.01,258,7.91,258,7.83,258,7.77,257,7.96,258,7.95,258
1545,2018/01/22 06:00UTC,3.87,235,5.27,246,7.27,251,7.3,252,7.16,251,6.78,250,7.18,251,7.17,251
1546,2018/01/22 12:00UTC,4.72,352,6.9,276,8.5,274,9.58,258,9.52,258,8.65,271,8.6,272,8.6,272
1547,2018/01/22 18:00UTC,3.05,282,2.6,296,3.12,298,2.91,298,2.9,298,3.02,298,3.1,298,3.1,298
1548,2018/01/23 00:00UTC,2.65,232,2.21,239,2.5,248,2.59,250,2.56,249,2.45,245,2.49,249,2.49,249
1549,2018/01/23 06:00UTC,3.1,183,2.56,194,2.89,191,2.64,198,2.63,198,2.8,192,2.84,191,2.84,191
1550,2018/01/23 12:00UTC,5.93,213,5.75,208,6.1,211,5.7,212,5.71,212,6.06,211,6.03,211,6.03,211
1551,2018/01/23 18:00UTC,5.41,210,4.95,205,5.62,210,4.93,208,4.93,208,5.44,209,5.52,210,5.52,210
1552,2018/01/24 00:00UTC,4.87,209,4.7,213,5.05,212,5.12,215,5.1,215,5.02,213,5.03,212,5.03,212
1553,2018/01/24 06:00UTC,4.53,194,4.16,197,4.96,203,4.41,206,4.39,206,4.74,202,4.85,203,4.85,203
1554,2018/01/24 12:00UTC,8.15,205,6.7,206,7.44,209,6.52,210,6.54,210,7.22,208,7.28,209,7.28,209
1555,2018/01/24 18:00UTC,8.1,200,5.52,196,6.38,201,5.35,198,5.36,198,6.07,200,6.24,201,6.24,201
1556,2018/01/25 00:00UTC,5.59,230,7.6,219,7.95,221,8.15,218,8.13,218,7.96,220,8.0,221,8.0,221
1557,2018/01/25 06:00UTC,3.7,209,3.39,217,3.59,220,6.08,213,5.87,213,3.7,218,3.77,219,3.76,219
1558,2018/01/25 12:00UTC,4.27,219,2.98,212,3.21,224,3.21,223,3.17,222,3.13,221,3.14,224,3.14,224
1559,2018/01/25 18:00UTC,3.37,197,2.54,190,2.77,205,2.04,196,2.08,195,2.64,200,2.69,204,2.69,204
1560,2018/01/26 00:00UTC,2.25,222,2.17,235,2.29,234,2.63,244,2.61,243,2.34,236,2.31,235,2.31,235
1561,2018/01/26 06:00UTC,1.72,206,1.54,191,1.85,229,1.76,203,1.74,203,1.71,219,1.81,228,1.81,227
1562,2018/01/26 12:00UTC,2.02,283,2.15,277,2.51,280,2.78,272,2.74,273,2.49,279,2.51,279,2.51,279
1563,2018/01/26 18:00UTC,0.98,333,0.42,50,0.69,318,0.44,285,0.39,289,0.45,335,0.63,315,0.63,316
1564,2018/01/27 00:00UTC,1.42,353,0.96,42,1.82,1,0.95,41,0.95,41,1.42,10,1.71,4,1.7,4
1565,2018/01/27 06:00UTC,0.36,344,1.24,6,1.61,10,1.54,5,1.52,5,1.51,7,1.59,11,1.59,10
1566,2018/01/27 12:00UTC,3.43,190,2.55,185,2.43,189,2.02,186,2.05,186,2.43,188,2.36,189,2.37,189
1567,2018/01/27 18:00UTC,5.05,208,3.6,201,3.68,207,3.06,204,3.1,204,3.59,205,3.58,206,3.59,206
1568,2018/01/28 00:00UTC,5.32,222,4.81,214,5.01,219,4.27,211,4.32,212,4.94,217,4.91,218,4.91,218
1569,2018/01/28 06:00UTC,4.92,230,4.93,227,5.35,232,5.3,230,5.29,230,5.33,231,5.31,232,5.32,232
1570,2018/01/28 12:00UTC,3.72,255,3.92,233,4.24,237,4.34,230,4.32,230,4.26,235,4.21,235,4.21,235
1571,2018/01/28 18:00UTC,3.1,239,3.05,218,3.23,227,3.11,221,3.12,221,3.23,224,3.2,226,3.21,226
1572,2018/01/29 00:00UTC,3.14,242,2.73,232,2.84,236,2.78,227,2.78,228,2.84,234,2.81,234,2.81,235
1573,2018/01/29 06:00UTC,2.97,218,2.77,224,2.49,228,2.26,232,2.3,231,2.59,229,2.45,229,2.46,229
1574,2018/01/29 12:00UTC,4.8,251,4.08,252,4.44,257,3.83,250,3.86,250,4.36,256,4.34,257,4.34,257
1575,2018/01/29 18:00UTC,3.61,245,3.03,251,3.38,253,3.04,253,3.04,253,3.28,253,3.32,253,3.32,253
1576,2018/01/30 00:00UTC,3.41,258,2.97,262,3.27,264,2.99,256,2.98,257,3.18,263,3.21,263,3.21,263
1577,2018/01/30 06:00UTC,1.69,223,1.7,251,2.09,258,2.06,255,2.05,255,2.04,258,2.07,258,2.07,258
1578,2018/01/30 12:00UTC,2.41,216,2.33,229,2.91,237,2.9,251,2.85,250,2.75,238,2.88,238,2.88,238
1579,2018/01/30 18:00UTC,3.65,218,3.12,218,3.55,223,3.15,221,3.16,221,3.46,222,3.48,223,3.48,223
1580,2018/01/31 00:00UTC,5.58,231,5.09,229,5.24,228,4.83,225,4.85,225,5.24,228,5.16,228,5.16,228
1581,2018/01/31 06:00UTC,6.28,215,5.64,212,6.1,220,5.84,216,5.83,216,6.01,218,6.03,219,6.03,219
1582,2018/01/31 12:00UTC,9.68,226,9.39,216,9.96,218,9.4,217,9.42,217,9.89,217,9.85,217,9.86,217
1583,2018/01/31 18:00UTC,5.62,266,5.0,259,5.68,257,6.22,248,6.1,249,5.56,257,5.68,256,5.68,256
1584,2018/02/01 00:00UTC,5.12,253,4.15,269,4.87,265,4.39,269,4.36,269,4.67,267,4.8,266,4.8,266
1585,2018/02/01 06:00UTC,4.61,227,3.91,228,4.38,233,4.04,231,4.04,231,4.29,232,4.32,233,4.32,233
1586,2018/02/01 12:00UTC,5.53,310,5.65,294,5.65,302,5.83,280,5.81,281,5.7,298,5.62,300,5.62,300
1587,2018/02/01 18:00UTC,3.07,279,2.4,276,2.67,286,2.2,268,2.22,269,2.55,282,2.62,285,2.62,285
1588,2018/02/02 00:00UTC,3.93,272,3.45,267,3.41,273,3.18,270,3.2,270,3.41,270,3.38,273,3.38,273
1589,2018/02/02 06:00UTC,2.47,283,2.44,272,2.66,283,2.81,272,2.78,272,2.62,279,2.64,282,2.64,282
1590,2018/02/02 12:00UTC,5.5,299,4.98,287,5.14,297,4.91,290,4.92,290,5.1,295,5.09,297,5.09,297
1591,2018/02/02 18:00UTC,3.25,309,3.1,317,3.35,319,2.76,314,2.79,314,3.19,318,3.33,319,3.33,319
1592,2018/02/03 00:00UTC,2.19,288,2.5,303,2.86,302,2.79,298,2.78,298,2.81,301,2.84,302,2.84,302
1593,2018/02/03 06:00UTC,1.68,242,1.37,272,2.13,273,1.8,277,1.78,277,1.96,274,2.08,274,2.08,274
1594,2018/02/03 12:00UTC,3.08,208,2.98,207,3.44,205,3.01,218,3.02,217,3.3,207,3.38,206,3.38,206
1595,2018/02/03 18:00UTC,2.37,159,2.44,176,2.7,159,2.7,165,2.68,166,2.64,164,2.65,160,2.65,160
1596,2018/02/04 00:00UTC,1.38,25,0.97,159,1.4,124,1.95,148,1.89,149,1.35,135,1.4,127,1.4,127
1597,2018/02/04 06:00UTC,6.54,39,3.47,44,4.17,45,2.96,66,2.96,64,3.78,48,3.97,47,3.97,47
1598,2018/02/04 12:00UTC,6.5,35,6.21,28,6.48,35,5.79,34,5.84,33,6.36,33,6.38,35,6.38,35
1599,2018/02/04 18:00UTC,3.48,31,3.2,37,3.16,42,3.57,35,3.53,35,3.2,40,3.19,42,3.19,42
1600,2018/02/05 00:00UTC,4.4,31,4.58,27,5.07,32,4.88,30,4.86,30,4.93,30,5.02,32,5.02,32
1601,2018/02/05 06:00UTC,3.59,39,3.29,30,3.83,33,3.75,28,3.71,28,3.65,31,3.79,33,3.79,33
1602,2018/02/05 12:00UTC,4.65,50,4.14,56,4.36,41,4.45,48,4.41,49,4.23,45,4.32,42,4.32,42
1603,2018/02/05 18:00UTC,3.09,43,3.31,30,3.8,29,3.23,29,3.24,29,3.62,28,3.75,29,3.75,29
1604,2018/02/06 00:00UTC,4.27,45,3.71,47,3.83,39,3.63,43,3.63,43,3.77,41,3.8,39,3.8,39
1605,2018/02/06 06:00UTC,3.49,18,3.06,11,3.27,7,2.62,5,2.68,6,3.19,7,3.2,7,3.2,7
1606,2018/02/06 12:00UTC,4.75,18,3.72,18,4.03,9,2.89,11,2.97,12,3.85,11,3.91,9,3.91,9
1607,2018/02/06 18:00UTC,4.79,10,4.51,9,4.87,360,2.97,6,3.11,6,4.58,2,4.68,360,4.68,360
1608,2018/02/07 00:00UTC,5.02,9,4.66,13,5.55,3,2.65,358,2.83,360,5.08,4,5.31,3,5.31,3
1609,2018/02/07 06:00UTC,4.41,13,3.14,14,4.25,7,0.68,17,0.88,16,3.63,8,3.94,7,3.94,7
1610,2018/02/07 12:00UTC,3.51,22,3.21,9,3.64,16,2.42,4,2.5,4,3.45,13,3.53,15,3.53,15
1611,2018/02/07 18:00UTC,2.32,346,2.59,339,2.78,349,2.63,346,2.62,345,2.73,346,2.75,349,2.75,349
1612,2018/02/08 00:00UTC,1.43,1,2.4,343,2.46,342,2.73,336,2.71,336,2.51,340,2.47,341,2.47,341
1613,2018/02/08 06:00UTC,0.66,44,1.71,27,1.89,19,1.68,20,1.69,20,1.84,20,1.87,19,1.87,19
1614,2018/02/08 12:00UTC,0.95,201,1.13,12,1.06,23,1.95,15,1.91,15,1.23,20,1.16,22,1.15,22
1615,2018/02/08 18:00UTC,2.49,174,1.13,168,1.29,183,0.69,157,0.72,158,1.19,180,1.19,182,1.2,182
1616,2018/02/09 00:00UTC,3.23,191,2.37,199,2.77,204,2.38,208,2.38,208,2.67,205,2.69,204,2.69,204
1617,2018/02/09 06:00UTC,4.77,175,3.32,170,3.91,176,3.33,174,3.33,174,3.73,175,3.79,176,3.8,176
1618,2018/02/09 12:00UTC,4.88,219,5.13,193,5.76,211,5.33,192,5.32,192,5.58,205,5.7,210,5.7,210
1619,2018/02/09 18:00UTC,2.62,265,2.29,240,2.74,266,2.55,251,2.53,250,2.61,259,2.69,264,2.68,264
1620,2018/02/10 00:00UTC,2.79,286,3.1,289,3.43,297,3.25,289,3.26,289,3.38,295,3.4,296,3.4,296
1621,2018/02/10 06:00UTC,1.91,274,1.96,281,2.29,291,2.13,272,2.12,273,2.21,288,2.24,290,2.24,290
1622,2018/02/10 12:00UTC,3.09,215,2.46,233,2.49,228,2.56,247,2.56,246,2.53,232,2.46,230,2.46,230
1623,2018/02/10 18:00UTC,5.52,192,4.26,191,4.94,195,3.88,192,3.91,192,4.71,195,4.81,195,4.81,195
1624,2018/02/11 00:00UTC,6.25,200,5.96,189,6.68,201,6.18,191,6.17,191,6.48,197,6.58,200,6.58,200
1625,2018/02/11 06:00UTC,3.68,256,4.56,224,4.19,227,5.38,218,5.32,218,4.51,225,4.29,225,4.29,225
1626,2018/02/11 12:00UTC,5.26,275,4.66,274,4.27,273,5.19,282,5.16,281,4.51,274,4.33,274,4.33,274
1627,2018/02/11 18:00UTC,4.37,261,3.61,263,3.64,264,3.74,259,3.71,260,3.6,263,3.63,264,3.63,264
1628,2018/02/12 00:00UTC,4.01,262,3.76,270,3.99,272,3.58,269,3.59,269,3.92,272,3.95,273,3.95,273
1629,2018/02/12 06:00UTC,3.17,273,2.76,273,2.99,280,2.82,275,2.82,274,2.94,277,2.93,280,2.94,280
1630,2018/02/12 12:00UTC,3.15,279,2.9,286,3.04,283,3.02,294,3.02,294,3.02,285,3.03,284,3.03,284
1631,2018/02/12 18:00UTC,1.84,195,1.79,206,2.01,210,1.76,219,1.77,218,1.98,210,1.97,210,1.97,210
1632,2018/02/13 00:00UTC,3.84,197,3.15,198,3.34,199,3.11,199,3.11,199,3.3,200,3.29,199,3.29,199
1633,2018/02/13 06:00UTC,6.53,175,5.29,175,6.25,173,5.57,172,5.56,172,6.0,173,6.11,173,6.11,173
1634,2018/02/13 12:00UTC,8.01,179,7.14,178,7.49,182,7.2,176,7.2,176,7.39,181,7.35,182,7.36,182
1635,2018/02/13 18:00UTC,4.47,164,3.61,165,3.92,157,4.06,164,4.02,163,3.88,158,3.91,157,3.91,157
1636,2018/02/14 00:00UTC,2.11,218,1.79,192,2.52,267,1.78,248,1.74,246,2.03,254,2.42,266,2.41,265
1637,2018/02/14 06:00UTC,2.38,200,2.15,194,2.26,207,2.19,206,2.19,206,2.24,208,2.23,207,2.23,207
1638,2018/02/14 12:00UTC,6.76,174,5.57,172,5.9,173,5.46,171,5.48,171,5.84,172,5.79,172,5.79,172
1639,2018/02/14 18:00UTC,6.43,157,4.75,152,5.34,155,4.58,151,4.6,151,5.18,153,5.2,155,5.2,155
1640,2018/02/15 00:00UTC,5.56,177,5.77,172,5.95,181,6.0,178,5.98,178,5.95,178,5.9,181,5.91,181
1641,2018/02/15 06:00UTC,3.16,210,2.63,206,3.58,225,3.29,215,3.25,214,3.39,222,3.52,225,3.52,225
1642,2018/02/15 12:00UTC,2.52,255,2.88,230,3.61,245,4.13,235,4.04,235,3.49,241,3.62,244,3.62,243
1643,2018/02/15 18:00UTC,1.89,277,1.4,290,1.78,304,1.74,276,1.7,277,1.68,302,1.75,301,1.75,301
1644,2018/02/16 00:00UTC,2.45,281,2.45,321,2.38,326,2.85,349,2.8,347,2.43,328,2.36,328,2.37,328
1645,2018/02/16 06:00UTC,0.46,277,1.1,17,1.53,13,1.96,27,1.9,27,1.47,14,1.55,15,1.55,15
1646,2018/02/16 12:00UTC,1.01,106,2.08,69,2.93,75,3.43,63,3.36,64,2.86,72,2.95,74,2.94,74
1647,2018/02/16 18:00UTC,1.88,95,2.33,82,2.76,81,2.95,70,2.91,71,2.68,80,2.77,80,2.76,80
1648,2018/02/17 00:00UTC,3.28,95,3.79,87,3.85,87,4.17,83,4.14,84,3.88,87,3.86,87,3.86,87
1649,2018/02/17 06:00UTC,1.85,40,2.09,14,2.34,15,2.6,4,2.57,4,2.33,13,2.36,15,2.36,15
1650,2018/02/17 12:00UTC,2.3,329,2.76,324,3.02,325,2.95,323,2.95,323,3.02,324,2.99,325,2.99,324
1651,2018/02/17 18:00UTC,0.69,294,0.25,317,0.45,316,0.47,310,0.45,311,0.38,314,0.41,317,0.41,317
1652,2018/02/18 00:00UTC,1.11,237,1.68,211,1.29,245,1.69,212,1.7,213,1.44,233,1.32,242,1.32,242
1653,2018/02/18 06:00UTC,1.92,162,2.12,163,2.09,166,2.08,163,2.09,163,2.11,166,2.07,165,2.07,165
1654,2018/02/18 12:00UTC,3.2,166,2.6,160,2.65,168,2.14,157,2.17,157,2.58,165,2.57,167,2.57,167
1655,2018/02/18 18:00UTC,2.29,140,2.71,122,2.21,132,2.61,118,2.62,118,2.42,126,2.22,130,2.23,130
1656,2018/02/19 00:00UTC,2.29,147,2.01,137,1.99,138,2.04,136,2.03,136,2.01,138,1.98,137,1.98,137
1657,2018/02/19 06:00UTC,2.55,159,2.18,150,2.03,159,1.91,154,1.92,154,2.05,156,1.99,158,1.99,158
1658,2018/02/19 12:00UTC,3.25,212,2.53,200,2.78,213,1.95,207,1.99,206,2.64,210,2.68,212,2.68,212
1659,2018/02/19 18:00UTC,2.74,210,2.22,192,3.0,213,1.99,213,2.02,212,2.74,210,2.91,212,2.91,212
1660,2018/02/20 00:00UTC,1.42,11,2.56,140,0.56,239,2.41,162,2.41,160,0.99,171,0.7,211,0.7,210
1661,2018/02/20 06:00UTC,2.23,34,1.54,59,2.32,40,1.72,65,1.71,64,2.01,47,2.23,42,2.23,42
1662,2018/02/20 12:00UTC,1.62,23,2.27,17,2.32,14,2.68,22,2.66,21,2.37,15,2.32,15,2.33,15
1663,2018/02/20 18:00UTC,2.93,27,2.45,17,2.4,35,2.33,27,2.33,27,2.39,31,2.38,35,2.38,35
1664,2018/02/21 00:00UTC,3.56,27,3.26,26,3.41,19,3.04,27,3.06,27,3.31,21,3.38,20,3.38,20
1665,2018/02/21 06:00UTC,4.26,21,3.89,18,4.29,18,3.98,21,3.97,21,4.14,17,4.23,18,4.23,18
1666,2018/02/21 12:00UTC,4.74,37,4.49,29,5.07,32,5.24,31,5.18,31,4.96,31,5.04,31,5.04,31
1667,2018/02/21 18:00UTC,3.58,11,3.47,358,3.15,1,3.18,356,3.19,356,3.2,359,3.12,1,3.12,1
1668,2018/02/22 00:00UTC,3.77,27,3.63,19,3.88,21,3.81,19,3.8,19,3.79,20,3.85,22,3.85,21
1669,2018/02/22 06:00UTC,3.55,26,3.47,21,3.97,20,3.84,22,3.8,22,3.81,20,3.92,21,3.92,21
1670,2018/02/22 12:00UTC,5.1,47,5.27,41,5.7,37,6.01,38,5.96,39,5.64,38,5.68,37,5.68,37
1671,2018/02/22 18:00UTC,3.11,23,2.69,27,2.52,31,3.14,25,3.09,26,2.58,30,2.56,31,2.56,31
1672,2018/02/23 00:00UTC,4.52,55,4.52,47,4.66,49,4.84,45,4.82,45,4.63,48,4.68,49,4.68,49
1673,2018/02/23 06:00UTC,4.33,49,4.6,38,4.99,40,5.28,36,5.22,36,4.9,39,5.01,40,5.0,40
1674,2018/02/23 12:00UTC,5.17,61,5.38,53,5.87,57,6.15,54,6.1,54,5.81,55,5.86,57,5.86,57
1675,2018/02/23 18:00UTC,3.58,37,3.16,29,3.01,32,2.94,26,2.94,26,3.02,30,3.01,32,3.01,32
1676,2018/02/24 00:00UTC,4.32,61,4.18,57,4.21,57,3.81,55,3.84,55,4.17,57,4.19,57,4.19,57
1677,2018/02/24 06:00UTC,4.65,62,4.39,54,4.44,56,4.11,50,4.13,50,4.4,55,4.41,55,4.41,55
1678,2018/02/24 12:00UTC,5.79,66,5.85,64,5.83,61,5.69,58,5.71,59,5.87,61,5.79,61,5.8,61
1679,2018/02/24 18:00UTC,4.41,59,3.69,52,3.3,47,3.05,36,3.07,37,3.36,47,3.28,46,3.29,46
1680,2018/02/25 00:00UTC,4.97,59,4.85,57,5.05,57,5.01,55,4.99,55,4.98,56,5.03,57,5.03,57
1681,2018/02/25 06:00UTC,4.93,62,4.68,58,5.08,56,5.05,54,5.01,54,4.94,56,5.07,56,5.07,56
1682,2018/02/25 12:00UTC,5.87,69,6.12,62,6.9,63,7.15,60,7.09,60,6.77,62,6.88,62,6.88,62
1683,2018/02/25 18:00UTC,4.01,42,3.42,38,3.8,43,3.78,38,3.75,38,3.72,41,3.8,43,3.79,43
1684,2018/02/26 00:00UTC,4.56,50,4.01,50,4.05,52,4.41,49,4.37,49,4.03,51,4.08,52,4.08,52
1685,2018/02/26 06:00UTC,5.38,56,5.46,52,5.6,53,5.95,50,5.91,50,5.58,53,5.62,53,5.62,53
1686,2018/02/26 12:00UTC,7.23,51,7.72,46,8.22,47,8.72,45,8.65,45,8.2,46,8.21,47,8.21,47
1687,2018/02/26 18:00UTC,4.37,34,3.85,27,3.79,33,3.91,30,3.89,30,3.77,31,3.79,33,3.79,33
1688,2018/02/27 00:00UTC,5.76,49,5.44,44,5.47,47,5.28,42,5.29,42,5.43,46,5.46,47,5.46,46
1689,2018/02/27 06:00UTC,3.47,24,3.75,21,3.88,32,4.3,28,4.25,27,3.86,29,3.91,32,3.91,32
1690,2018/02/27 12:00UTC,5.26,49,4.07,41,4.54,38,4.12,39,4.11,39,4.38,38,4.47,38,4.47,38
1691,2018/02/27 18:00UTC,2.84,51,2.31,50,2.46,52,2.54,46,2.52,46,2.42,51,2.46,52,2.46,52
1692,2018/02/28 00:00UTC,2.38,76,2.66,81,2.69,83,2.88,73,2.86,74,2.7,83,2.72,82,2.72,82
1693,2018/02/28 06:00UTC,3.98,79,4.49,80,4.77,81,4.41,77,4.43,77,4.69,80,4.75,81,4.75,81
1694,2018/02/28 12:00UTC,6.61,82,6.66,78,7.24,77,7.37,76,7.33,76,7.13,77,7.2,77,7.2,77
1695,2018/02/28 18:00UTC,6.27,77,6.09,76,6.79,76,6.41,79,6.39,78,6.6,76,6.73,76,6.72,76
1696,2018/03/01 00:00UTC,7.45,76,7.53,77,7.88,78,7.4,82,7.41,82,7.78,78,7.8,78,7.8,78
1697,2018/03/01 06:00UTC,6.03,80,5.62,82,6.02,80,5.62,87,5.63,87,5.91,81,5.93,80,5.93,80
1698,2018/03/01 12:00UTC,5.45,96,5.49,92,5.23,90,4.86,92,4.91,92,5.29,90,5.16,90,5.16,90
1699,2018/03/01 18:00UTC,6.6,79,6.0,79,6.82,78,5.99,80,5.99,80,6.57,78,6.7,78,6.7,78
1700,2018/03/02 00:00UTC,6.47,84,6.39,86,6.42,83,5.88,88,5.92,88,6.39,84,6.33,83,6.33,83
1701,2018/03/02 06:00UTC,5.38,82,4.77,99,3.68,114,3.81,138,3.81,135,4.06,109,3.58,117,3.59,117
1702,2018/03/02 12:00UTC,2.83,180,4.34,208,6.28,219,6.3,220,6.18,219,5.89,218,6.22,219,6.21,219
1703,2018/03/02 18:00UTC,3.14,177,2.86,184,2.7,184,2.85,185,2.84,185,2.76,184,2.68,184,2.68,184
1704,2018/03/03 00:00UTC,2.26,118,2.51,119,3.32,111,3.31,112,3.26,112,3.14,113,3.28,111,3.28,111
1705,2018/03/03 06:00UTC,4.65,111,4.44,113,4.56,120,4.03,130,4.05,128,4.49,119,4.45,120,4.45,120
1706,2018/03/03 12:00UTC,3.3,168,3.01,199,4.19,225,4.29,237,4.18,235,3.81,222,4.16,226,4.15,226
1707,2018/03/03 18:00UTC,2.17,180,2.28,187,3.0,210,3.11,208,3.07,207,2.92,208,2.99,210,2.98,210
1708,2018/03/04 00:00UTC,2.29,156,2.38,155,2.42,160,2.7,159,2.67,159,2.46,160,2.4,160,2.4,160
1709,2018/03/04 06:00UTC,3.33,158,3.09,157,3.81,178,3.42,175,3.4,174,3.58,174,3.72,178,3.72,178
1710,2018/03/04 12:00UTC,2.79,133,2.75,147,3.24,174,4.48,189,4.3,187,3.21,167,3.29,175,3.28,175
1711,2018/03/04 18:00UTC,3.52,205,3.47,204,4.36,208,4.41,207,4.35,207,4.22,207,4.33,207,4.33,207
1712,2018/03/05 00:00UTC,3.54,185,3.59,186,3.82,182,3.89,184,3.87,184,3.82,184,3.8,182,3.8,182
1713,2018/03/05 06:00UTC,2.81,163,2.63,157,2.84,160,2.89,153,2.87,153,2.8,159,2.8,159,2.8,159
1714,2018/03/05 12:00UTC,4.69,145,3.78,142,4.09,152,3.51,154,3.52,153,3.97,149,3.99,152,3.99,152
1715,2018/03/05 18:00UTC,2.47,140,0.93,186,2.09,153,1.42,209,1.4,209,1.66,166,1.96,155,1.96,155
1716,2018/03/06 00:00UTC,3.04,211,2.72,205,2.9,215,2.89,211,2.89,211,2.92,213,2.87,214,2.87,214
1717,2018/03/06 06:00UTC,2.29,207,2.13,221,2.66,220,2.68,224,2.65,224,2.59,222,2.64,220,2.64,220
1718,2018/03/06 12:00UTC,4.04,190,3.94,199,4.39,195,4.09,203,4.09,203,4.29,197,4.34,195,4.34,195
1719,2018/03/06 18:00UTC,2.65,162,3.0,173,3.56,189,3.49,189,3.46,188,3.44,188,3.53,189,3.53,189
1720,2018/03/07 00:00UTC,2.49,169,3.37,180,3.75,199,4.18,198,4.12,197,3.71,193,3.77,199,3.77,199
1721,2018/03/07 06:00UTC,4.55,254,5.84,242,6.62,242,6.76,232,6.74,233,6.74,242,6.58,241,6.58,241
1722,2018/03/07 12:00UTC,5.98,264,6.13,254,6.51,255,6.56,247,6.52,247,6.44,254,6.47,255,6.47,255
1723,2018/03/07 18:00UTC,2.83,251,2.86,255,2.87,251,2.88,249,2.87,249,2.85,252,2.87,251,2.87,251
1724,2018/03/08 00:00UTC,4.19,206,3.57,206,4.2,209,4.08,206,4.04,206,4.03,208,4.15,209,4.15,209
1725,2018/03/08 06:00UTC,5.67,199,4.89,194,5.51,200,5.09,195,5.08,195,5.37,199,5.42,200,5.42,200
1726,2018/03/08 12:00UTC,8.0,232,8.26,225,8.51,226,8.13,226,8.17,226,8.55,226,8.43,226,8.44,226
1727,2018/03/08 18:00UTC,3.0,241,2.48,313,2.2,304,1.83,264,1.79,271,2.31,310,2.17,302,2.17,302
1728,2018/03/09 00:00UTC,2.19,183,2.38,157,2.55,170,2.88,181,2.82,179,2.51,165,2.54,171,2.54,171
1729,2018/03/09 06:00UTC,1.65,150,2.01,162,2.4,161,2.97,162,2.9,162,2.35,162,2.41,161,2.41,161
1730,2018/03/09 12:00UTC,4.62,170,4.49,178,5.05,185,5.07,187,5.03,187,4.98,185,4.99,185,4.99,185
1731,2018/03/09 18:00UTC,2.91,174,2.42,174,2.5,178,2.18,180,2.2,179,2.45,177,2.43,178,2.43,178
1732,2018/03/10 00:00UTC,4.33,190,4.26,188,5.01,190,4.73,188,4.69,188,4.83,190,4.95,190,4.95,190
1733,2018/03/10 06:00UTC,4.55,168,4.96,176,5.29,169,5.2,177,5.21,177,5.33,173,5.23,170,5.23,170
1734,2018/03/10 12:00UTC,4.72,199,4.71,199,5.72,213,5.67,210,5.61,209,5.54,210,5.65,213,5.65,213
1735,2018/03/10 18:00UTC,2.13,168,2.55,165,2.7,178,3.05,169,3.02,169,2.72,176,2.7,177,2.7,177
1736,2018/03/11 00:00UTC,1.02,157,1.77,178,2.35,178,1.49,162,1.51,163,2.16,177,2.27,177,2.27,177
1737,2018/03/11 06:00UTC,2.9,152,2.64,156,3.16,160,2.79,163,2.78,163,3.03,158,3.08,160,3.08,160
1738,2018/03/11 12:00UTC,5.95,201,4.98,211,6.87,211,5.57,216,5.55,216,6.36,212,6.72,212,6.72,212
1739,2018/03/11 18:00UTC,4.07,192,3.52,195,3.93,195,3.42,197,3.43,197,3.77,196,3.86,196,3.86,196
1740,2018/03/12 00:00UTC,3.89,160,3.41,167,4.24,180,4.0,182,3.96,182,4.03,178,4.15,181,4.15,181
1741,2018/03/12 06:00UTC,6.01,209,5.07,202,6.74,222,5.56,216,5.53,215,6.18,218,6.63,222,6.62,222
1742,2018/03/12 12:00UTC,7.99,235,7.9,230,8.61,235,8.57,228,8.54,228,8.57,233,8.56,234,8.56,234
1743,2018/03/12 18:00UTC,5.04,245,4.73,240,5.31,243,4.99,240,4.97,239,5.14,241,5.26,243,5.26,243
1744,2018/03/13 00:00UTC,4.99,251,4.78,230,5.27,238,5.11,231,5.08,230,5.13,235,5.21,238,5.21,238
1745,2018/03/13 06:00UTC,5.08,281,4.94,264,4.8,266,4.93,263,4.92,263,4.85,265,4.79,266,4.79,266
1746,2018/03/13 12:00UTC,5.0,286,5.43,284,5.41,273,6.07,268,6.02,269,5.55,276,5.42,273,5.42,273
1747,2018/03/13 18:00UTC,1.48,319,1.31,272,1.88,260,2.15,247,2.1,248,1.82,260,1.89,259,1.89,259
1748,2018/03/14 00:00UTC,1.45,161,2.02,212,2.24,207,2.33,203,2.33,205,2.33,212,2.23,207,2.23,207
1749,2018/03/14 06:00UTC,2.75,156,2.64,159,2.94,158,3.0,158,2.97,158,2.89,158,2.91,158,2.91,158
1750,2018/03/14 12:00UTC,6.42,157,5.89,156,6.53,154,6.07,153,6.07,153,6.39,155,6.43,154,6.43,154
1751,2018/03/14 18:00UTC,4.74,121,4.56,115,4.44,115,4.19,112,4.21,112,4.46,114,4.38,115,4.39,115
1752,2018/03/15 00:00UTC,5.78,147,4.51,152,5.09,163,5.1,171,5.03,170,4.9,162,4.95,163,4.95,163
1753,2018/03/15 06:00UTC,2.64,171,2.34,172,2.76,163,2.57,165,2.56,166,2.72,167,2.76,163,2.76,163
1754,2018/03/15 12:00UTC,3.46,182,2.85,185,3.69,187,3.22,187,3.2,187,3.44,187,3.6,187,3.6,187
1755,2018/03/15 18:00UTC,4.08,169,3.92,177,4.25,194,4.28,198,4.24,197,4.13,189,4.21,194,4.21,194
1756,2018/03/16 00:00UTC,3.9,222,4.19,218,4.45,213,4.58,214,4.55,214,4.4,214,4.46,213,4.46,213
1757,2018/03/16 06:00UTC,2.29,192,2.44,200,2.78,205,2.84,208,2.81,207,2.71,205,2.76,206,2.76,206
1758,2018/03/16 12:00UTC,2.89,211,2.77,219,3.5,215,3.2,226,3.18,225,3.31,218,3.46,216,3.46,216
1759,2018/03/16 18:00UTC,1.58,168,1.3,172,1.77,180,1.09,202,1.12,200,1.6,183,1.71,182,1.71,182
1760,2018/03/17 00:00UTC,0.43,192,0.82,213,1.22,217,1.39,222,1.36,222,1.19,219,1.22,218,1.22,218
1761,2018/03/17 06:00UTC,1.99,12,1.34,314,1.95,296,2.04,278,2.0,279,1.9,294,1.93,294,1.94,294
1762,2018/03/17 12:00UTC,4.78,27,3.66,1,3.42,358,2.88,327,2.91,330,3.52,357,3.33,355,3.33,355
1763,2018/03/17 18:00UTC,4.14,32,3.84,48,3.59,18,2.99,23,3.04,25,3.52,26,3.52,19,3.52,19
1764,2018/03/18 00:00UTC,4.15,64,4.31,60,4.41,58,4.56,57,4.54,57,4.39,59,4.42,58,4.42,58
1765,2018/03/18 06:00UTC,4.88,73,4.82,60,4.73,64,4.88,53,4.87,53,4.78,62,4.72,63,4.73,63
1766,2018/03/18 12:00UTC,3.2,57,3.51,48,3.39,47,3.65,40,3.64,40,3.45,46,3.4,46,3.4,46
1767,2018/03/18 18:00UTC,3.41,61,2.93,62,2.94,74,3.3,54,3.28,54,3.02,69,2.95,73,2.96,73
1768,2018/03/19 00:00UTC,2.54,67,1.72,47,2.3,79,1.52,49,1.53,49,2.03,70,2.23,77,2.23,77
1769,2018/03/19 06:00UTC,2.37,60,1.8,75,2.41,85,2.13,88,2.1,88,2.19,85,2.37,85,2.37,85
1770,2018/03/19 12:00UTC,4.13,52,3.98,58,4.77,58,4.87,56,4.81,56,4.62,58,4.75,58,4.74,58
1771,2018/03/19 18:00UTC,2.64,35,2.77,40,3.66,45,3.74,43,3.68,43,3.44,44,3.63,45,3.62,45
1772,2018/03/20 00:00UTC,4.56,21,4.48,18,4.52,17,4.1,14,4.12,14,4.45,17,4.46,17,4.46,17
1773,2018/03/20 06:00UTC,3.24,10,3.66,12,4.04,13,4.15,16,4.11,16,3.92,13,3.99,13,3.99,13
1774,2018/03/20 12:00UTC,6.44,10,6.13,4,6.46,12,6.93,14,6.87,14,6.42,9,6.45,12,6.45,12
1775,2018/03/20 18:00UTC,4.26,358,3.97,358,3.68,0,3.72,1,3.73,1,3.73,0,3.65,0,3.65,0
1776,2018/03/21 00:00UTC,4.2,11,4.86,12,4.41,8,5.04,13,5.02,13,4.55,10,4.44,9,4.44,9
1777,2018/03/21 06:00UTC,2.78,343,3.91,351,4.13,348,4.33,355,4.31,355,4.09,349,4.14,349,4.14,349
1778,2018/03/21 12:00UTC,3.76,5,4.0,7,4.36,13,4.8,14,4.74,14,4.34,12,4.35,13,4.35,13
1779,2018/03/21 18:00UTC,1.63,316,1.91,359,2.3,343,1.89,9,1.9,8,2.14,349,2.25,345,2.25,345
1780,2018/03/22 00:00UTC,2.1,270,2.31,323,2.85,326,2.3,345,2.31,343,2.72,326,2.83,327,2.82,327
1781,2018/03/22 06:00UTC,3.32,260,2.16,255,2.6,270,2.25,266,2.25,265,2.47,266,2.54,269,2.54,269
1782,2018/03/22 12:00UTC,5.25,287,4.49,280,4.07,293,4.08,284,4.1,283,4.2,289,4.02,292,4.03,292
1783,2018/03/22 18:00UTC,3.54,283,2.82,285,3.21,286,2.73,272,2.72,273,3.03,285,3.18,285,3.17,285
1784,2018/03/23 00:00UTC,2.42,221,1.69,255,2.14,241,1.94,266,1.92,265,2.0,246,2.07,242,2.07,242
1785,2018/03/23 06:00UTC,3.44,176,2.34,199,2.71,186,2.59,213,2.57,212,2.58,192,2.64,187,2.64,187
1786,2018/03/23 12:00UTC,5.15,190,5.03,202,5.49,200,4.9,209,4.92,209,5.36,201,5.41,201,5.41,201
1787,2018/03/23 18:00UTC,4.57,159,2.79,167,3.69,167,2.7,171,2.7,171,3.33,168,3.54,168,3.53,168
1788,2018/03/24 00:00UTC,4.08,153,3.78,154,4.2,157,3.85,155,3.84,155,4.07,156,4.12,157,4.12,157
1789,2018/03/24 06:00UTC,2.23,103,2.57,100,2.27,101,2.56,100,2.55,100,2.34,101,2.26,100,2.26,100
1790,2018/03/24 12:00UTC,2.99,78,2.77,81,3.16,79,2.6,76,2.63,76,3.03,78,3.1,79,3.1,79
1791,2018/03/24 18:00UTC,0.87,67,0.74,99,0.87,104,0.45,95,0.48,96,0.78,104,0.83,104,0.83,104
1792,2018/03/25 00:00UTC,1.05,49,0.71,173,1.43,210,2.04,239,1.93,237,1.3,209,1.48,213,1.47,213
1793,2018/03/25 06:00UTC,1.49,52,0.37,335,0.68,275,0.88,272,0.86,272,0.72,278,0.69,274,0.69,274
1794,2018/03/25 12:00UTC,2.69,43,1.71,31,1.0,22,1.16,307,1.09,313,1.15,18,0.94,15,0.95,15
1795,2018/03/25 18:00UTC,4.09,357,2.63,3,3.04,348,2.56,358,2.55,359,2.81,351,2.98,349,2.98,349
1796,2018/03/26 00:00UTC,2.81,342,2.91,349,3.12,344,2.72,350,2.74,349,3.02,345,3.05,345,3.05,345
1797,2018/03/26 06:00UTC,2.7,340,3.19,348,3.42,345,3.41,351,3.4,351,3.37,346,3.4,345,3.4,345
1798,2018/03/26 12:00UTC,1.99,3,3.59,3,3.39,2,4.06,358,4.04,359,3.56,2,3.45,1,3.45,1
1799,2018/03/26 18:00UTC,1.87,309,0.74,16,1.24,299,0.82,26,0.8,25,0.9,311,1.16,302,1.15,302
1800,2018/03/27 00:00UTC,1.28,325,1.1,216,2.18,290,2.26,220,2.18,220,1.72,274,2.13,286,2.12,286
1801,2018/03/27 06:00UTC,4.44,183,3.87,204,4.86,192,4.11,205,4.1,205,4.56,196,4.75,193,4.74,193
1802,2018/03/27 12:00UTC,3.83,245,5.25,198,4.69,233,5.86,203,5.8,203,4.8,219,4.68,229,4.68,228
1803,2018/03/27 18:00UTC,5.43,273,4.11,267,5.11,271,4.66,264,4.62,264,4.87,269,5.03,270,5.03,270
1804,2018/03/28 00:00UTC,3.36,254,3.27,262,3.59,259,3.68,259,3.63,259,3.48,259,3.59,260,3.59,260
1805,2018/03/28 06:00UTC,3.41,155,3.03,156,3.9,172,3.69,175,3.63,173,3.63,167,3.84,173,3.84,172
1806,2018/03/28 12:00UTC,8.63,256,7.74,239,8.6,244,7.5,237,7.55,238,8.46,242,8.48,243,8.48,243
1807,2018/03/28 18:00UTC,3.81,295,3.98,296,3.47,301,3.96,299,3.94,299,3.61,299,3.51,301,3.51,301
1808,2018/03/29 00:00UTC,2.38,228,1.66,237,1.93,257,1.54,240,1.55,240,1.82,251,1.87,257,1.87,257
1809,2018/03/29 06:00UTC,2.13,199,1.66,208,1.89,225,1.93,223,1.9,223,1.84,222,1.86,226,1.86,225
1810,2018/03/29 12:00UTC,6.32,184,5.28,196,6.19,194,5.19,204,5.21,203,5.92,196,6.04,195,6.04,195
1811,2018/03/29 18:00UTC,5.09,197,4.56,191,4.97,200,4.23,190,4.25,190,4.8,197,4.9,199,4.9,199
1812,2018/03/30 00:00UTC,2.59,191,2.67,184,3.05,184,2.76,165,2.75,166,2.93,182,2.99,183,2.99,183
1813,2018/03/30 06:00UTC,3.58,130,2.65,123,4.04,122,2.64,124,2.62,123,3.47,122,3.87,122,3.86,122
1814,2018/03/30 12:00UTC,6.56,178,7.19,187,8.21,204,8.06,205,8.01,203,8.03,200,8.15,204,8.15,204
1815,2018/03/30 18:00UTC,3.37,218,2.5,213,2.72,223,2.52,210,2.51,211,2.63,220,2.69,223,2.69,223
1816,2018/03/31 00:00UTC,3.1,179,2.82,177,2.8,172,3.12,170,3.09,171,2.84,174,2.77,172,2.77,172
1817,2018/03/31 06:00UTC,2.02,182,2.52,168,2.49,175,2.84,167,2.81,167,2.56,174,2.48,175,2.49,175
1818,2018/03/31 12:00UTC,3.0,233,3.22,227,3.17,251,3.27,235,3.28,235,3.17,243,3.17,250,3.17,250
1819,2018/03/31 18:00UTC,3.64,274,3.4,233,3.45,249,3.59,225,3.59,226,3.43,241,3.45,247,3.45,246
1820,2018/04/01 00:00UTC,3.36,264,3.12,257,3.67,260,3.8,259,3.75,259,3.52,259,3.67,260,3.67,260
1821,2018/04/01 06:00UTC,2.9,262,3.84,258,4.04,252,4.42,251,4.38,252,4.05,252,4.03,252,4.03,252
1822,2018/04/01 12:00UTC,2.92,273,3.55,274,4.11,256,4.33,261,4.27,262,3.99,260,4.1,256,4.09,256
1823,2018/04/01 18:00UTC,1.13,174,1.19,169,1.34,192,1.07,160,1.08,162,1.3,185,1.28,192,1.28,192
1824,2018/04/02 00:00UTC,3.02,148,3.13,158,3.24,155,3.45,158,3.43,158,3.23,156,3.2,155,3.2,155
1825,2018/04/02 06:00UTC,4.01,155,3.32,151,3.18,152,3.19,150,3.18,150,3.21,152,3.11,152,3.12,152
1826,2018/04/02 12:00UTC,5.78,172,5.45,163,6.01,180,6.08,167,6.04,167,5.86,174,5.93,179,5.93,179
1827,2018/04/02 18:00UTC,4.54,179,1.72,196,2.67,195,2.23,180,2.16,181,2.39,194,2.48,195,2.48,195
1828,2018/04/03 00:00UTC,2.56,166,2.81,150,3.18,162,3.41,165,3.36,164,3.12,159,3.15,162,3.15,162
1829,2018/04/03 06:00UTC,4.86,193,4.28,185,4.47,194,4.07,179,4.08,179,4.37,190,4.33,192,4.33,192
1830,2018/04/03 12:00UTC,5.03,203,4.57,190,6.84,200,6.94,193,6.74,193,6.13,197,6.78,199,6.76,199
1831,2018/04/03 18:00UTC,3.44,208,3.05,210,3.11,212,2.52,194,2.54,195,3.02,210,3.04,211,3.05,211
1832,2018/04/04 00:00UTC,3.73,140,2.95,139,4.0,150,3.76,161,3.69,160,3.67,149,3.92,151,3.92,151
1833,2018/04/04 06:00UTC,3.47,176,3.29,177,3.52,193,3.4,190,3.38,189,3.42,190,3.45,193,3.45,193
1834,2018/04/04 12:00UTC,7.17,204,7.15,213,7.95,213,7.73,214,7.7,214,7.78,213,7.87,213,7.87,213
1835,2018/04/04 18:00UTC,3.02,205,3.06,222,3.31,220,3.77,223,3.71,223,3.3,221,3.32,221,3.32,221
1836,2018/04/05 00:00UTC,3.95,254,4.73,237,5.05,244,5.19,234,5.17,234,5.03,240,5.07,243,5.07,243
1837,2018/04/05 06:00UTC,4.72,273,4.32,272,4.23,272,4.21,264,4.2,265,4.24,272,4.21,272,4.21,272
1838,2018/04/05 12:00UTC,3.24,290,3.95,290,3.65,287,3.91,282,3.91,283,3.77,289,3.63,287,3.63,287
1839,2018/04/05 18:00UTC,1.33,106,1.48,117,1.64,114,1.79,96,1.78,98,1.7,113,1.66,113,1.66,113
1840,2018/04/06 00:00UTC,2.89,112,3.09,113,3.63,111,3.61,108,3.58,108,3.5,112,3.6,111,3.6,111
1841,2018/04/06 06:00UTC,5.19,121,4.98,119,5.34,118,4.99,117,4.99,117,5.25,118,5.25,118,5.26,118
1842,2018/04/06 12:00UTC,5.74,138,5.31,133,5.31,136,4.95,136,4.97,136,5.32,135,5.22,135,5.23,135
1843,2018/04/06 18:00UTC,2.41,116,2.62,104,2.59,106,2.58,100,2.58,100,2.6,104,2.56,105,2.56,105
1844,2018/04/07 00:00UTC,3.24,127,3.41,145,3.57,158,4.15,167,4.07,166,3.59,156,3.54,159,3.55,159
1845,2018/04/07 06:00UTC,3.91,171,3.63,166,3.67,168,4.16,168,4.11,168,3.71,168,3.63,167,3.63,167
1846,2018/04/07 12:00UTC,4.03,177,3.12,170,3.96,181,3.28,171,3.27,171,3.7,177,3.83,180,3.83,180
1847,2018/04/07 18:00UTC,2.48,264,0.58,279,2.42,305,1.14,348,1.09,345,1.85,306,2.3,307,2.3,307
1848,2018/04/08 00:00UTC,1.87,16,2.75,9,2.78,5,1.94,26,2.04,24,2.76,7,2.79,5,2.79,5
1849,2018/04/08 06:00UTC,2.76,37,0.69,65,2.39,28,1.07,151,0.98,148,1.62,32,2.18,29,2.17,29
1850,2018/04/08 12:00UTC,2.93,153,3.79,175,3.74,172,4.74,171,4.67,171,3.91,173,3.71,172,3.72,172
1851,2018/04/08 18:00UTC,2.49,220,3.37,179,3.12,178,2.42,192,2.5,190,3.17,180,3.15,176,3.15,177
1852,2018/04/09 00:00UTC,1.01,17,0.39,299,1.19,1,0.49,292,0.48,293,0.91,349,1.13,359,1.13,359
1853,2018/04/09 06:00UTC,1.25,326,2.87,319,2.44,313,2.88,300,2.9,301,2.74,310,2.56,313,2.57,312
1854,2018/04/09 12:00UTC,2.38,273,2.93,296,1.32,331,1.73,284,1.8,286,1.82,309,1.37,328,1.38,327
1855,2018/04/09 18:00UTC,1.35,55,1.15,15,2.62,80,2.22,77,2.14,75,2.19,72,2.57,79,2.56,79
1856,2018/04/10 00:00UTC,2.15,113,2.17,113,2.29,135,2.71,149,2.64,146,2.29,130,2.25,136,2.26,136
1857,2018/04/10 06:00UTC,2.13,112,3.39,143,2.94,129,4.36,150,4.29,149,3.19,135,3.03,131,3.04,131
1858,2018/04/10 12:00UTC,5.98,156,6.42,164,6.62,178,6.57,175,6.57,175,6.66,174,6.57,178,6.58,178
1859,2018/04/10 18:00UTC,2.14,105,3.09,88,1.68,103,1.68,84,1.78,85,2.02,94,1.69,102,1.7,102
1860,2018/04/11 00:00UTC,1.67,83,2.39,125,2.43,109,3.22,142,3.15,141,2.44,117,2.45,112,2.45,112
1861,2018/04/11 06:00UTC,1.57,80,2.0,128,2.26,119,3.27,135,3.18,135,2.3,124,2.31,121,2.31,121
1862,2018/04/11 12:00UTC,2.23,90,1.76,122,2.78,135,2.76,105,2.68,107,2.54,131,2.75,134,2.74,134
1863,2018/04/11 18:00UTC,2.27,24,2.1,44,1.47,49,2.72,34,2.65,35,1.63,47,1.56,48,1.56,48
1864,2018/04/12 00:00UTC,2.66,21,2.34,8,2.64,11,2.64,20,2.61,19,2.54,10,2.61,11,2.61,11
1865,2018/04/12 06:00UTC,3.01,28,2.46,17,2.62,24,1.66,51,1.69,48,2.43,23,2.51,25,2.51,25
1866,2018/04/12 12:00UTC,2.7,20,1.15,19,1.12,67,0.92,246,0.79,249,0.84,55,0.96,71,0.96,71
1867,2018/04/12 18:00UTC,0.77,334,1.87,180,1.03,170,1.21,174,1.27,175,1.36,176,1.1,168,1.11,168
1868,2018/04/13 00:00UTC,1.13,276,1.71,205,1.45,208,1.95,185,1.92,186,1.55,204,1.47,205,1.47,205
1869,2018/04/13 06:00UTC,1.62,155,2.23,160,2.12,168,2.47,161,2.45,161,2.18,166,2.11,167,2.12,167
1870,2018/04/13 12:00UTC,2.48,216,3.24,197,3.11,209,3.22,204,3.22,203,3.21,205,3.1,209,3.1,209
1871,2018/04/13 18:00UTC,1.64,264,1.59,201,0.82,260,1.27,184,1.29,185,0.97,231,0.8,251,0.81,251
1872,2018/04/14 00:00UTC,0.84,70,1.76,143,1.39,137,2.46,149,2.43,149,1.65,141,1.45,140,1.46,140
1873,2018/04/14 06:00UTC,1.65,103,2.27,163,2.09,177,2.79,184,2.75,183,2.22,177,2.11,178,2.11,178
1874,2018/04/14 12:00UTC,2.21,176,2.66,204,3.47,187,3.26,202,3.23,202,3.31,194,3.41,188,3.41,189
1875,2018/04/14 18:00UTC,3.43,169,3.23,157,2.96,169,3.06,159,3.07,159,3.07,165,2.95,168,2.95,168
1876,2018/04/15 00:00UTC,2.61,192,2.32,190,2.56,194,2.56,194,2.53,193,2.52,194,2.52,194,2.53,194
1877,2018/04/15 06:00UTC,2.12,194,2.0,181,2.28,188,2.09,183,2.08,183,2.19,187,2.24,188,2.24,188
1878,2018/04/15 12:00UTC,4.28,188,3.48,178,4.43,188,3.11,186,3.15,185,4.1,185,4.3,188,4.3,188
1879,2018/04/15 18:00UTC,4.12,220,3.21,209,3.84,228,3.34,211,3.32,211,3.6,223,3.79,227,3.79,227
1880,2018/04/16 00:00UTC,2.83,243,2.6,256,2.67,254,2.52,257,2.52,257,2.64,254,2.62,254,2.62,254
1881,2018/04/16 06:00UTC,1.35,224,1.87,247,1.77,234,2.0,239,2.0,239,1.86,238,1.77,234,1.78,235
1882,2018/04/16 12:00UTC,2.06,243,2.18,252,2.22,257,2.16,273,2.16,271,2.23,257,2.19,259,2.2,259
1883,2018/04/16 18:00UTC,0.26,157,0.68,210,0.51,261,0.35,240,0.38,235,0.51,242,0.52,261,0.52,261
1884,2018/04/17 00:00UTC,1.69,203,1.84,192,1.81,200,1.96,178,1.96,180,1.9,198,1.79,199,1.79,199
1885,2018/04/17 06:00UTC,2.71,169,2.59,173,2.79,173,2.58,172,2.58,172,2.75,174,2.74,173,2.74,173
1886,2018/04/17 12:00UTC,4.14,204,3.08,195,3.28,202,2.33,180,2.38,182,3.15,198,3.16,201,3.16,201
1887,2018/04/17 18:00UTC,1.64,192,1.63,123,0.44,75,2.38,89,2.32,91,0.89,100,0.6,75,0.6,76
1888,2018/04/18 00:00UTC,1.16,167,1.37,125,1.41,124,1.93,99,1.88,100,1.43,123,1.42,122,1.42,122
1889,2018/04/18 06:00UTC,1.24,96,1.7,69,2.1,74,2.2,64,2.17,64,1.99,72,2.09,73,2.09,73
1890,2018/04/18 12:00UTC,3.98,116,4.41,105,4.79,107,4.69,98,4.69,99,4.73,106,4.77,106,4.77,106
1891,2018/04/18 18:00UTC,2.77,100,2.75,80,2.81,82,2.49,69,2.52,70,2.8,79,2.77,81,2.78,81
1892,2018/04/19 00:00UTC,2.71,105,3.15,110,2.81,113,2.82,123,2.83,122,2.89,114,2.78,113,2.79,113
1893,2018/04/19 06:00UTC,2.15,161,2.53,166,2.69,188,2.66,188,2.64,187,2.65,184,2.65,188,2.65,188
1894,2018/04/19 12:00UTC,2.18,195,2.36,206,2.89,206,2.25,208,2.27,209,2.73,207,2.84,207,2.83,207
1895,2018/04/19 18:00UTC,0.9,180,2.62,120,1.05,148,2.79,114,2.79,114,1.66,127,1.11,142,1.12,141
1896,2018/04/20 00:00UTC,1.22,171,1.86,139,1.61,155,2.05,123,2.02,125,1.71,149,1.62,153,1.62,153
1897,2018/04/20 06:00UTC,0.55,224,0.83,151,0.51,90,0.77,110,0.76,112,0.49,111,0.57,93,0.56,94
1898,2018/04/20 12:00UTC,1.62,325,1.62,20,1.91,34,2.33,45,2.3,45,1.91,34,1.96,36,1.95,36
1899,2018/04/20 18:00UTC,3.0,359,1.45,23,1.9,352,1.38,77,1.34,76,1.47,2,1.72,355,1.72,355
1900,2018/04/21 00:00UTC,2.81,48,3.27,30,3.38,43,3.19,32,3.2,32,3.3,38,3.36,42,3.36,42
1901,2018/04/21 06:00UTC,2.62,60,3.15,41,3.29,56,2.54,53,2.59,52,3.17,52,3.24,55,3.24,55
1902,2018/04/21 12:00UTC,2.14,95,1.8,95,2.41,105,2.18,98,2.16,98,2.23,104,2.39,104,2.39,104
1903,2018/04/21 18:00UTC,2.5,56,1.7,103,1.86,112,1.75,89,1.74,91,1.79,115,1.88,111,1.87,111
1904,2018/04/22 00:00UTC,0.8,200,2.09,111,1.38,186,3.01,116,2.93,116,1.38,153,1.32,181,1.32,180
1905,2018/04/22 06:00UTC,2.14,194,2.68,195,3.23,213,3.68,211,3.61,210,3.18,210,3.23,212,3.23,212
1906,2018/04/22 12:00UTC,5.13,226,5.32,225,5.28,223,5.06,227,5.09,227,5.33,224,5.25,224,5.26,224
1907,2018/04/22 18:00UTC,3.63,240,3.65,248,3.73,246,3.46,252,3.47,252,3.69,247,3.7,247,3.7,247
1908,2018/04/23 00:00UTC,2.37,311,2.27,293,2.69,303,2.18,255,2.17,257,2.52,296,2.61,299,2.61,299
1909,2018/04/23 06:00UTC,3.16,300,2.74,322,3.05,323,2.8,311,2.79,312,2.99,321,3.02,323,3.02,323
1910,2018/04/23 12:00UTC,3.81,284,3.25,279,3.25,285,2.73,286,2.77,286,3.24,283,3.21,285,3.21,285
1911,2018/04/23 18:00UTC,2.9,333,1.98,283,1.91,284,1.92,258,1.93,258,1.92,278,1.92,281,1.92,281
1912,2018/04/24 00:00UTC,1.38,258,1.81,345,2.1,328,1.5,282,1.45,288,1.99,329,2.06,326,2.06,326
1913,2018/04/24 06:00UTC,2.87,232,1.19,236,1.41,262,1.3,253,1.26,253,1.32,259,1.36,264,1.36,263
1914,2018/04/24 12:00UTC,3.29,224,2.78,224,2.89,227,2.54,237,2.56,235,2.86,226,2.83,228,2.84,228
1915,2018/04/24 18:00UTC,3.12,218,2.53,221,2.74,228,2.53,228,2.52,228,2.65,226,2.71,228,2.71,228
1916,2018/04/25 00:00UTC,4.03,252,3.54,249,3.66,249,3.36,244,3.38,244,3.61,248,3.61,249,3.61,249
1917,2018/04/25 06:00UTC,4.12,243,3.88,247,4.09,251,4.3,250,4.27,250,4.07,249,4.06,250,4.06,250
1918,2018/04/25 12:00UTC,4.97,282,4.23,253,4.08,253,4.05,255,4.06,255,4.15,251,4.05,253,4.05,253
1919,2018/04/25 18:00UTC,3.45,286,3.12,293,2.88,296,3.2,301,3.17,300,2.94,296,2.91,296,2.91,296
1920,2018/04/26 00:00UTC,4.44,260,3.33,272,2.96,273,2.95,287,2.95,285,3.0,274,2.95,275,2.95,275
1921,2018/04/26 06:00UTC,4.58,250,3.77,256,4.0,257,3.47,252,3.49,252,3.91,257,3.92,257,3.92,257
1922,2018/04/26 12:00UTC,4.32,273,4.06,267,4.21,269,3.94,273,3.95,273,4.16,268,4.19,269,4.19,269
1923,2018/04/26 18:00UTC,1.52,295,1.86,237,2.0,248,1.93,234,1.94,234,1.99,242,2.0,246,2.0,246
1924,2018/04/27 00:00UTC,0.69,156,1.6,207,1.42,211,1.43,183,1.45,186,1.58,211,1.39,210,1.4,210
1925,2018/04/27 06:00UTC,3.04,155,3.1,148,3.23,151,3.14,147,3.13,147,3.2,150,3.19,150,3.19,150
1926,2018/04/27 12:00UTC,5.45,190,4.8,187,5.48,206,5.03,206,5.0,205,5.25,202,5.39,207,5.39,207
1927,2018/04/27 18:00UTC,6.7,226,6.65,235,6.65,233,6.23,238,6.27,238,6.65,234,6.64,234,6.64,234
1928,2018/04/28 00:00UTC,5.21,217,4.49,216,4.84,217,4.41,216,4.42,216,4.73,216,4.77,217,4.77,217
1929,2018/04/28 06:00UTC,4.24,223,4.56,217,4.53,218,4.56,215,4.57,215,4.61,217,4.51,217,4.52,217
1930,2018/04/28 12:00UTC,3.98,214,4.15,204,3.74,208,3.93,192,3.95,193,3.88,205,3.71,206,3.71,206
1931,2018/04/28 18:00UTC,1.06,211,2.57,144,1.32,159,2.41,133,2.43,134,1.74,150,1.41,155,1.41,155
1932,2018/04/29 00:00UTC,1.83,26,0.93,97,1.27,105,2.1,42,1.98,44,1.15,98,1.27,100,1.27,100
1933,2018/04/29 06:00UTC,3.79,36,3.94,30,4.04,28,4.28,37,4.25,36,4.01,28,4.05,28,4.05,28
1934,2018/04/29 12:00UTC,4.22,22,3.23,11,1.84,18,4.49,2,4.35,2,2.42,12,1.82,17,1.83,16
1935,2018/04/29 18:00UTC,5.91,7,4.05,20,4.07,343,2.59,343,2.63,346,3.64,352,3.88,343,3.88,343
1936,2018/04/30 00:00UTC,4.74,309,4.59,228,4.34,268,6.33,219,6.23,220,4.48,252,4.34,262,4.34,262
1937,2018/04/30 06:00UTC,6.78,276,6.03,229,6.51,266,6.74,236,6.7,236,6.31,255,6.44,263,6.43,263
1938,2018/04/30 12:00UTC,9.13,258,8.48,244,7.74,256,7.86,240,7.88,240,7.89,252,7.7,254,7.7,254
1939,2018/04/30 18:00UTC,5.59,280,5.79,263,5.34,272,5.48,265,5.49,265,5.49,269,5.33,271,5.33,271
1940,2018/05/01 00:00UTC,2.93,232,2.0,227,1.89,232,1.82,227,1.83,227,1.91,230,1.86,232,1.86,232
1941,2018/05/01 06:00UTC,3.58,225,3.44,216,3.32,222,3.14,215,3.17,215,3.37,220,3.28,221,3.28,221
1942,2018/05/01 12:00UTC,3.74,238,3.65,228,3.6,236,3.25,237,3.28,236,3.6,234,3.56,236,3.56,236
1943,2018/05/01 18:00UTC,1.69,203,1.64,214,1.6,229,1.08,227,1.12,225,1.53,225,1.57,231,1.56,231
1944,2018/05/02 00:00UTC,2.01,182,1.88,165,1.67,189,1.8,179,1.8,178,1.71,183,1.64,188,1.64,188
1945,2018/05/02 06:00UTC,3.89,185,2.96,190,3.13,192,2.73,200,2.75,199,3.07,194,3.06,193,3.06,193
1946,2018/05/02 12:00UTC,6.69,202,5.23,207,5.7,210,4.61,215,4.66,214,5.51,210,5.56,211,5.56,211
1947,2018/05/02 18:00UTC,3.02,231,2.65,237,2.54,252,2.29,241,2.32,240,2.51,248,2.51,252,2.51,252
1948,2018/05/03 00:00UTC,1.55,311,1.88,311,2.21,315,1.86,304,1.86,304,2.1,312,2.18,314,2.18,314
1949,2018/05/03 06:00UTC,2.66,340,3.66,352,4.12,348,4.11,353,4.08,353,4.0,349,4.09,349,4.09,349
1950,2018/05/03 12:00UTC,3.25,7,4.08,27,4.0,23,4.64,27,4.61,27,4.09,25,4.02,24,4.02,24
1951,2018/05/03 18:00UTC,3.97,346,3.27,15,3.23,354,3.27,19,3.26,19,3.14,3,3.15,357,3.15,357
1952,2018/05/04 00:00UTC,2.89,350,3.58,359,3.65,354,3.8,1,3.78,1,3.64,355,3.65,354,3.65,354
1953,2018/05/04 06:00UTC,3.14,359,4.44,5,4.67,1,5.06,7,5.02,6,4.67,2,4.67,2,4.67,2
1954,2018/05/04 12:00UTC,4.36,17,5.38,20,5.45,19,6.24,20,6.18,21,5.53,20,5.47,20,5.47,20
1955,2018/05/04 18:00UTC,4.0,8,3.99,11,3.49,10,3.72,10,3.73,10,3.62,11,3.47,10,3.47,10
1956,2018/05/05 00:00UTC,3.8,28,3.93,25,3.73,16,3.86,21,3.86,22,3.76,19,3.72,17,3.72,17
1957,2018/05/05 06:00UTC,3.66,31,3.98,23,4.2,21,4.41,23,4.38,23,4.15,21,4.19,21,4.19,21
1958,2018/05/05 12:00UTC,4.7,31,4.62,31,4.79,27,5.04,28,5.01,28,4.78,28,4.78,27,4.78,27
1959,2018/05/05 18:00UTC,3.29,22,2.95,23,2.73,28,3.06,30,3.04,30,2.78,28,2.73,30,2.73,30
1960,2018/05/06 00:00UTC,2.4,10,2.51,10,2.9,7,2.67,18,2.66,17,2.79,8,2.87,8,2.87,8
1961,2018/05/06 06:00UTC,2.2,49,2.75,48,3.04,39,3.06,46,3.04,46,2.95,41,3.04,40,3.04,40
1962,2018/05/06 12:00UTC,3.35,57,3.83,61,3.72,62,3.98,54,3.97,55,3.77,61,3.73,62,3.73,62
1963,2018/05/06 18:00UTC,3.19,39,2.59,57,2.43,70,2.69,51,2.68,52,2.51,66,2.45,69,2.46,69
1964,2018/05/07 00:00UTC,2.53,35,2.34,53,2.49,38,2.8,47,2.76,47,2.46,42,2.49,39,2.49,39
1965,2018/05/07 06:00UTC,1.68,78,2.9,71,2.79,60,3.15,57,3.13,58,2.86,62,2.82,60,2.82,60
1966,2018/05/07 12:00UTC,3.37,38,3.77,50,3.76,40,4.07,39,4.05,40,3.77,43,3.78,40,3.78,40
1967,2018/05/07 18:00UTC,2.99,30,2.35,52,2.05,58,2.29,42,2.28,43,2.14,57,2.07,60,2.07,60
1968,2018/05/08 00:00UTC,1.55,359,1.31,9,1.26,8,1.5,16,1.48,15,1.28,8,1.27,9,1.27,9
1969,2018/05/08 06:00UTC,1.15,338,1.22,18,1.97,345,1.73,358,1.7,359,1.78,349,1.94,346,1.93,346
1970,2018/05/08 12:00UTC,1.85,341,1.56,15,1.81,342,2.14,1,2.08,2,1.7,350,1.82,343,1.81,343
1971,2018/05/08 18:00UTC,5.86,323,1.83,343,4.77,320,1.77,311,1.76,312,3.77,319,4.46,319,4.45,319
1972,2018/05/09 00:00UTC,3.15,306,3.06,334,4.15,334,3.41,335,3.4,335,3.83,334,4.07,335,4.07,334
1973,2018/05/09 06:00UTC,2.89,321,3.02,341,3.49,337,3.01,334,3.02,335,3.4,337,3.42,336,3.43,336
1974,2018/05/09 12:00UTC,3.27,287,3.01,304,3.12,298,3.34,305,3.32,305,3.16,300,3.13,299,3.13,299
1975,2018/05/09 18:00UTC,2.43,326,2.49,293,2.21,279,2.75,279,2.74,279,2.36,281,2.27,279,2.27,279
1976,2018/05/10 00:00UTC,1.73,311,1.85,341,2.19,307,2.71,282,2.56,285,2.02,313,2.21,304,2.21,305
1977,2018/05/10 06:00UTC,4.13,272,2.64,295,3.03,301,2.39,298,2.4,298,2.9,300,2.93,302,2.93,302
1978,2018/05/10 12:00UTC,5.34,317,4.92,316,5.26,326,4.36,315,4.42,316,5.15,323,5.21,325,5.21,325
1979,2018/05/10 18:00UTC,2.3,318,2.11,326,2.37,326,2.05,327,2.04,327,2.28,323,2.36,325,2.36,325
1980,2018/05/11 00:00UTC,1.45,51,2.27,53,2.03,54,2.22,65,2.24,65,2.14,56,2.04,55,2.04,55
1981,2018/05/11 06:00UTC,3.0,122,2.95,117,3.93,118,3.4,113,3.37,113,3.65,118,3.85,118,3.84,118
1982,2018/05/11 12:00UTC,4.02,167,3.5,156,4.25,154,3.78,146,3.77,147,4.09,153,4.17,153,4.17,153
1983,2018/05/11 18:00UTC,2.02,181,2.27,138,1.56,175,1.85,148,1.88,147,1.7,157,1.54,173,1.54,173
1984,2018/05/12 00:00UTC,2.28,194,3.06,151,2.12,188,2.87,151,2.88,151,2.38,172,2.16,184,2.16,183
1985,2018/05/12 06:00UTC,1.13,290,1.17,156,1.2,302,1.09,190,1.07,188,0.64,275,1.07,300,1.06,299
1986,2018/05/12 12:00UTC,2.39,309,0.87,245,2.32,321,1.79,281,1.75,281,1.98,310,2.27,319,2.27,319
1987,2018/05/12 18:00UTC,5.03,291,6.02,286,4.38,286,5.82,278,5.84,278,5.14,285,4.5,285,4.51,285
1988,2018/05/13 00:00UTC,3.19,252,3.82,252,3.44,245,3.86,241,3.86,242,3.59,246,3.46,245,3.47,245
1989,2018/05/13 06:00UTC,2.38,256,2.45,253,2.94,255,3.0,250,2.97,250,2.84,254,2.91,255,2.91,255
1990,2018/05/13 12:00UTC,2.17,302,2.61,300,2.01,301,2.68,291,2.67,291,2.29,297,2.05,300,2.06,300
1991,2018/05/13 18:00UTC,3.58,339,2.45,357,2.73,323,1.81,337,1.82,338,2.46,328,2.66,324,2.66,324
1992,2018/05/14 00:00UTC,4.08,320,4.38,331,4.71,328,4.04,322,4.04,323,4.52,327,4.64,328,4.64,328
1993,2018/05/14 06:00UTC,6.57,345,5.87,349,6.49,347,5.63,342,5.64,342,6.2,347,6.35,347,6.35,347
1994,2018/05/14 12:00UTC,7.71,348,5.95,342,6.78,338,6.66,340,6.61,340,6.46,338,6.73,338,6.72,338
1995,2018/05/14 18:00UTC,5.05,354,3.52,357,3.51,353,2.66,346,2.7,348,3.32,354,3.31,354,3.31,354
1996,2018/05/15 00:00UTC,2.53,324,2.7,339,3.42,336,2.21,328,2.24,328,3.08,334,3.27,335,3.27,335
1997,2018/05/15 06:00UTC,3.46,340,3.45,351,4.02,346,3.1,343,3.12,344,3.82,346,3.88,346,3.88,346
1998,2018/05/15 12:00UTC,4.22,358,3.2,359,3.21,7,2.97,348,2.99,349,3.15,3,3.09,6,3.09,6
1999,2018/05/15 18:00UTC,4.08,351,3.19,349,3.87,349,1.7,352,1.81,352,3.43,349,3.7,348,3.7,348
2000,2018/05/16 00:00UTC,2.3,331,2.38,333,2.89,330,2.25,315,2.26,316,2.7,327,2.81,329,2.81,329
2001,2018/05/16 06:00UTC,4.19,347,4.04,346,4.32,346,3.21,334,3.27,335,4.17,345,4.17,346,4.18,346
2002,2018/05/16 12:00UTC,5.48,1,4.43,356,4.14,0,3.83,346,3.85,347,4.09,357,4.04,359,4.04,359
2003,2018/05/16 18:00UTC,6.12,10,4.6,15,4.2,12,3.71,25,3.76,24,4.16,15,4.08,14,4.08,14
2004,2018/05/17 00:00UTC,3.57,349,3.94,353,3.62,353,3.86,1,3.85,1,3.67,354,3.57,354,3.57,354
2005,2018/05/17 06:00UTC,4.23,28,4.08,17,4.07,22,3.98,19,3.99,19,4.05,20,4.01,22,4.02,22
2006,2018/05/17 12:00UTC,4.36,20,4.25,14,3.99,22,3.71,21,3.74,21,4.02,20,3.93,22,3.93,22
2007,2018/05/17 18:00UTC,3.85,16,2.87,19,2.34,14,2.41,23,2.43,24,2.42,18,2.29,16,2.29,16
2008,2018/05/18 00:00UTC,3.26,18,3.59,12,3.17,16,3.74,14,3.72,14,3.31,15,3.19,17,3.19,17
2009,2018/05/18 06:00UTC,3.77,35,3.84,23,3.98,27,3.95,25,3.95,25,3.94,25,3.95,27,3.95,27
2010,2018/05/18 12:00UTC,3.29,29,3.44,28,3.5,35,3.89,30,3.86,30,3.5,34,3.5,35,3.5,35
2011,2018/05/18 18:00UTC,3.8,10,3.34,25,2.97,20,3.01,28,3.03,28,3.06,23,2.93,22,2.94,22
2012,2018/05/19 00:00UTC,3.34,22,3.62,15,3.23,19,3.5,16,3.5,16,3.34,18,3.23,19,3.23,19
2013,2018/05/19 06:00UTC,3.14,23,3.62,17,3.82,16,3.79,19,3.79,18,3.78,16,3.81,17,3.8,17
2014,2018/05/19 12:00UTC,3.52,28,3.19,30,3.21,35,3.37,35,3.35,35,3.18,34,3.2,35,3.19,35
2015,2018/05/19 18:00UTC,3.66,26,3.09,37,2.37,29,2.63,39,2.65,40,2.54,35,2.36,32,2.37,32
2016,2018/05/20 00:00UTC,2.51,27,2.71,5,2.6,20,2.89,11,2.87,11,2.61,14,2.61,20,2.61,20
2017,2018/05/20 06:00UTC,3.28,33,3.04,25,3.43,25,3.12,26,3.12,25,3.31,24,3.4,25,3.39,25
2018,2018/05/20 12:00UTC,3.04,54,3.43,53,3.36,57,3.88,52,3.85,52,3.41,56,3.4,57,3.4,57
2019,2018/05/20 18:00UTC,3.62,37,2.96,64,2.75,70,2.87,63,2.88,64,2.82,70,2.79,71,2.79,71
2020,2018/05/21 00:00UTC,2.68,43,2.18,44,1.97,45,1.86,43,1.88,43,1.99,45,1.96,45,1.96,45
2021,2018/05/21 06:00UTC,2.24,46,1.67,64,1.67,54,1.34,72,1.37,71,1.6,58,1.64,56,1.64,56
2022,2018/05/21 12:00UTC,1.38,19,0.35,9,0.91,44,0.65,41,0.63,39,0.72,39,0.88,42,0.88,42
2023,2018/05/21 18:00UTC,2.66,345,1.27,225,1.35,296,0.37,244,0.48,235,1.21,268,1.24,290,1.24,290
2024,2018/05/22 00:00UTC,2.12,359,1.48,351,2.26,344,1.21,315,1.23,317,1.98,340,2.15,343,2.15,343
2025,2018/05/22 06:00UTC,2.08,319,1.85,324,2.6,330,1.66,293,1.67,296,2.35,325,2.49,329,2.49,329
2026,2018/05/22 12:00UTC,2.45,330,0.92,312,1.97,326,1.72,301,1.65,301,1.62,319,1.93,324,1.93,324
2027,2018/05/22 18:00UTC,4.14,358,2.41,5,2.87,345,2.42,347,2.39,348,2.6,347,2.79,345,2.79,345
2028,2018/05/23 00:00UTC,2.19,327,1.67,313,2.16,310,1.29,290,1.31,291,1.98,306,2.07,308,2.07,308
2029,2018/05/23 06:00UTC,3.29,16,3.45,7,3.2,9,2.5,7,2.58,7,3.22,8,3.12,9,3.12,9
2030,2018/05/23 12:00UTC,3.79,8,3.31,5,3.34,5,3.23,7,3.23,7,3.27,4,3.3,5,3.3,5
2031,2018/05/23 18:00UTC,3.05,355,1.65,12,2.01,14,1.94,44,1.9,43,1.81,20,1.9,17,1.9,17
2032,2018/05/24 00:00UTC,1.85,338,0.97,27,1.67,36,1.7,77,1.64,75,1.44,38,1.62,39,1.62,39
2033,2018/05/24 06:00UTC,1.02,336,0.36,25,1.04,34,1.06,102,0.99,100,0.77,39,0.98,40,0.98,40
2034,2018/05/24 12:00UTC,1.8,238,1.63,214,1.26,194,1.43,156,1.41,160,1.37,194,1.23,193,1.23,193
2035,2018/05/24 18:00UTC,2.31,335,0.47,244,1.45,302,0.29,319,0.27,302,1.02,285,1.4,301,1.39,301
2036,2018/05/25 00:00UTC,1.78,321,0.29,297,1.28,349,0.32,57,0.29,50,0.92,342,1.23,350,1.22,350
2037,2018/05/25 06:00UTC,1.28,350,1.41,20,2.33,16,1.57,38,1.56,36,2.03,17,2.28,17,2.27,17
2038,2018/05/25 12:00UTC,1.82,19,2.5,80,3.05,80,3.67,102,3.59,101,3.0,84,3.09,83,3.08,83
2039,2018/05/25 18:00UTC,3.03,5,2.18,72,1.45,33,1.73,81,1.76,81,1.47,54,1.35,41,1.35,42
2040,2018/05/26 00:00UTC,3.21,42,2.8,52,2.79,47,3.19,63,3.14,62,2.79,50,2.77,49,2.77,49
2041,2018/05/26 06:00UTC,3.17,71,3.21,86,3.32,89,3.14,98,3.14,97,3.29,90,3.28,90,3.28,90
2042,2018/05/26 12:00UTC,4.41,125,3.87,143,4.74,136,4.65,146,4.6,146,4.54,139,4.71,137,4.71,137
2043,2018/05/26 18:00UTC,3.82,103,3.81,100,4.04,98,4.0,101,3.98,100,3.99,98,4.0,97,4.0,97
2044,2018/05/27 00:00UTC,1.59,105,2.39,104,0.55,159,2.0,134,1.99,131,1.1,124,0.56,151,0.57,150
2045,2018/05/27 06:00UTC,1.58,289,0.78,185,1.58,335,1.25,170,1.17,171,0.94,325,1.41,335,1.41,335
2046,2018/05/27 12:00UTC,1.83,195,2.1,172,2.15,170,2.6,166,2.58,166,2.24,169,2.13,169,2.14,169
2047,2018/05/27 18:00UTC,3.07,284,1.55,200,2.4,267,2.74,182,2.65,182,1.85,244,2.24,262,2.23,262
2048,2018/05/28 00:00UTC,0.77,101,1.79,199,0.99,188,1.61,178,1.61,180,1.31,194,1.07,189,1.07,189
2049,2018/05/28 06:00UTC,0.7,202,1.13,204,0.71,196,0.42,153,0.44,164,0.84,205,0.66,196,0.67,196
2050,2018/05/28 12:00UTC,2.16,94,2.83,102,3.34,114,3.34,97,3.31,98,3.23,112,3.33,112,3.33,112
2051,2018/05/28 18:00UTC,1.06,55,1.87,209,2.35,189,1.66,264,1.65,259,2.39,200,2.22,190,2.23,190
2052,2018/05/29 00:00UTC,1.12,13,0.82,332,1.06,23,0.61,52,0.57,48,0.78,13,1.03,23,1.02,23
2053,2018/05/29 06:00UTC,0.94,89,1.38,149,1.71,131,2.57,144,2.48,145,1.71,138,1.76,133,1.75,133
2054,2018/05/29 12:00UTC,2.54,170,2.62,188,2.3,165,2.35,178,2.37,179,2.41,174,2.26,167,2.27,167
2055,2018/05/29 18:00UTC,1.24,326,0.4,163,0.3,220,0.32,134,0.33,141,0.35,199,0.31,215,0.31,215
2056,2018/05/30 00:00UTC,0.66,205,1.92,219,2.74,218,2.76,227,2.73,226,2.66,219,2.73,219,2.73,219
2057,2018/05/30 06:00UTC,3.07,208,2.65,215,2.98,205,2.52,203,2.53,204,2.86,208,2.91,205,2.91,205
2058,2018/05/30 12:00UTC,2.8,188,2.49,157,2.3,171,1.84,134,1.88,136,2.3,163,2.23,168,2.23,168
2059,2018/05/30 18:00UTC,0.7,247,1.73,124,1.66,130,1.76,113,1.75,114,1.73,126,1.71,128,1.71,128
2060,2018/05/31 00:00UTC,0.07,296,1.92,147,1.47,173,2.59,153,2.57,153,1.85,163,1.61,169,1.61,168
2061,2018/05/31 06:00UTC,1.55,151,2.49,170,1.9,200,2.78,195,2.74,194,2.1,190,1.97,199,1.97,199
2062,2018/05/31 12:00UTC,3.75,222,3.64,221,3.98,227,3.65,232,3.67,231,3.96,228,3.96,228,3.96,228
2063,2018/05/31 18:00UTC,1.52,237,1.42,230,1.58,242,1.18,247,1.2,246,1.46,241,1.58,243,1.57,243
2064,2018/06/01 00:00UTC,0.89,211,1.43,196,1.78,224,2.29,209,2.24,209,1.78,217,1.8,222,1.8,222
2065,2018/06/01 06:00UTC,2.99,278,3.02,265,3.26,270,3.26,264,3.25,264,3.29,268,3.23,270,3.23,270
2066,2018/06/01 12:00UTC,2.85,285,2.89,260,3.28,259,3.51,256,3.48,256,3.3,258,3.25,259,3.25,259
2067,2018/06/01 18:00UTC,2.06,336,1.4,345,1.81,333,1.71,321,1.67,322,1.69,333,1.78,331,1.78,331
2068,2018/06/02 00:00UTC,0.71,295,0.71,33,1.17,3,0.52,1,0.54,6,1.0,9,1.13,2,1.12,2
2069,2018/06/02 06:00UTC,1.08,286,0.76,27,1.15,33,0.95,52,0.96,52,1.07,36,1.13,34,1.13,34
2070,2018/06/02 12:00UTC,1.69,321,0.98,25,1.46,60,1.9,58,1.85,58,1.42,58,1.49,58,1.49,58
2071,2018/06/02 18:00UTC,2.86,6,1.71,68,0.97,35,2.12,60,2.07,62,1.05,59,1.02,43,1.02,43
2072,2018/06/03 00:00UTC,2.11,45,2.27,49,2.36,62,2.7,60,2.67,60,2.38,61,2.37,62,2.37,62
2073,2018/06/03 06:00UTC,2.24,73,2.51,68,3.57,81,3.56,76,3.5,76,3.32,78,3.55,80,3.54,80
2074,2018/06/03 12:00UTC,3.12,53,3.33,69,3.78,85,4.24,69,4.18,69,3.69,81,3.79,83,3.79,83
2075,2018/06/03 18:00UTC,3.86,37,2.89,53,2.29,72,2.61,63,2.62,63,2.39,68,2.35,72,2.35,72
2076,2018/06/04 00:00UTC,3.61,37,2.77,46,2.36,41,2.18,62,2.22,61,2.45,44,2.32,44,2.32,44
2077,2018/06/04 06:00UTC,3.47,42,1.4,42,1.84,52,0.6,130,0.57,119,1.5,51,1.7,54,1.7,53
2078,2018/06/04 12:00UTC,4.21,50,2.15,56,2.29,76,1.3,89,1.34,87,2.08,73,2.2,77,2.2,77
2079,2018/06/04 18:00UTC,4.07,39,1.93,30,0.42,337,0.62,5,0.66,9,0.57,6,0.39,334,0.4,335
2080,2018/06/05 00:00UTC,3.35,19,2.49,14,2.04,6,1.54,327,1.54,332,2.02,6,1.95,3,1.96,4
2081,2018/06/05 06:00UTC,3.15,33,2.89,14,2.6,23,2.22,16,2.27,16,2.64,20,2.54,22,2.54,22
2082,2018/06/05 12:00UTC,3.52,23,3.8,11,3.35,9,3.83,358,3.83,359,3.49,6,3.36,8,3.36,8
2083,2018/06/05 18:00UTC,4.47,16,3.63,10,2.96,20,3.07,15,3.09,15,3.09,17,2.91,21,2.91,21
2084,2018/06/06 00:00UTC,3.2,13,2.71,355,2.53,9,2.3,350,2.33,350,2.49,1,2.46,8,2.47,8
2085,2018/06/06 06:00UTC,3.23,18,3.16,20,3.54,18,2.59,29,2.66,28,3.43,18,3.45,18,3.45,18
2086,2018/06/06 12:00UTC,2.08,40,1.21,113,1.26,57,1.14,185,1.09,181,0.95,84,1.14,59,1.13,60
2087,2018/06/06 18:00UTC,1.49,316,0.81,243,1.78,263,2.31,254,2.22,254,1.74,260,1.83,261,1.83,261
2088,2018/06/07 00:00UTC,1.16,222,1.78,177,1.61,186,2.06,190,2.03,189,1.68,186,1.63,186,1.63,186
2089,2018/06/07 06:00UTC,1.73,202,2.29,212,2.75,217,2.94,219,2.9,219,2.71,217,2.75,217,2.75,217
2090,2018/06/07 12:00UTC,2.72,225,2.9,227,2.65,227,2.58,255,2.59,252,2.72,230,2.63,229,2.63,229
2091,2018/06/07 18:00UTC,1.41,265,1.65,243,1.29,272,0.98,321,0.92,311,1.36,261,1.28,275,1.29,275
2092,2018/06/08 00:00UTC,1.07,358,0.88,352,1.26,334,0.79,353,0.79,352,1.15,334,1.22,335,1.22,335
2093,2018/06/08 06:00UTC,2.08,26,2.14,355,1.85,343,1.86,339,1.87,339,1.91,342,1.85,343,1.85,343
2094,2018/06/08 12:00UTC,2.9,21,2.47,11,2.03,5,2.63,0,2.59,1,2.11,6,2.07,5,2.07,5
2095,2018/06/08 18:00UTC,3.56,19,2.84,39,2.33,12,2.57,38,2.57,39,2.33,24,2.28,15,2.28,15
2096,2018/06/09 00:00UTC,2.79,45,2.08,28,2.27,69,2.2,49,2.18,48,2.12,60,2.25,68,2.24,68
2097,2018/06/09 06:00UTC,2.96,50,2.8,43,3.17,56,2.81,52,2.81,51,3.02,53,3.14,56,3.14,56
2098,2018/06/09 12:00UTC,2.79,52,2.44,63,2.81,77,2.3,72,2.32,72,2.66,75,2.76,77,2.75,77
2099,2018/06/09 18:00UTC,3.55,39,1.73,54,0.56,77,1.45,21,1.4,24,0.71,67,0.59,71,0.59,71
2100,2018/06/10 00:00UTC,2.67,34,1.73,30,1.35,46,1.13,54,1.17,52,1.37,44,1.32,46,1.32,46
2101,2018/06/10 06:00UTC,3.02,44,2.66,43,2.84,50,2.83,48,2.82,48,2.8,49,2.83,50,2.83,50
2102,2018/06/10 12:00UTC,1.86,43,1.66,95,2.24,84,2.26,51,2.17,55,2.1,88,2.24,83,2.24,83
2103,2018/06/10 18:00UTC,3.03,46,1.83,50,1.15,15,2.56,29,2.46,30,1.25,30,1.21,17,1.21,17
2104,2018/06/11 00:00UTC,3.21,42,1.82,34,1.75,39,1.9,34,1.87,34,1.66,39,1.75,39,1.74,39
2105,2018/06/11 06:00UTC,3.48,48,3.03,50,3.38,55,3.11,65,3.11,64,3.26,55,3.34,56,3.33,56
2106,2018/06/11 12:00UTC,4.25,63,2.43,90,1.86,106,3.17,186,2.93,183,1.9,108,1.74,116,1.75,115
2107,2018/06/11 18:00UTC,4.34,44,2.39,253,4.05,249,4.11,257,4.09,257,4.07,249,4.09,249,4.09,249
2108,2018/06/12 00:00UTC,3.38,46,1.49,248,2.64,247,2.82,237,2.81,237,2.72,244,2.64,246,2.64,246
2109,2018/06/12 06:00UTC,4.79,37,2.45,273,2.9,263,3.46,251,3.48,252,3.21,260,2.96,261,2.97,261
2110,2018/06/12 12:00UTC,4.73,30,5.92,28,5.57,26,3.93,354,4.05,358,5.57,25,5.4,24,5.4,24
2111,2018/06/12 18:00UTC,3.55,359,3.17,12,3.07,5,4.05,11,3.98,12,3.15,8,3.1,7,3.1,7
2112,2018/06/13 00:00UTC,3.26,348,3.45,350,3.16,350,3.49,354,3.47,354,3.21,351,3.14,351,3.15,351
2113,2018/06/13 06:00UTC,3.88,354,4.15,356,4.38,357,4.59,2,4.56,1,4.35,357,4.36,357,4.36,357
2114,2018/06/13 12:00UTC,3.05,354,3.42,4,3.71,357,3.63,1,3.62,1,3.63,358,3.67,357,3.67,357
2115,2018/06/13 18:00UTC,1.68,287,0.88,325,1.04,327,1.05,351,1.02,350,0.94,330,0.99,330,0.99,330
2116,2018/06/14 00:00UTC,1.82,229,1.98,239,1.84,236,1.84,252,1.87,251,1.99,239,1.83,238,1.83,238
2117,2018/06/14 06:00UTC,2.83,195,2.13,200,2.54,200,1.87,203,1.89,203,2.39,201,2.45,200,2.45,200
2118,2018/06/14 12:00UTC,4.2,217,3.29,209,3.73,224,2.71,239,2.74,237,3.53,221,3.65,224,3.64,224
2119,2018/06/14 18:00UTC,2.75,250,2.59,271,2.55,272,2.55,287,2.56,286,2.58,273,2.55,274,2.55,274
2120,2018/06/15 00:00UTC,1.2,325,1.43,283,1.77,287,1.31,269,1.34,270,1.71,283,1.75,286,1.75,286
2121,2018/06/15 06:00UTC,1.29,297,2.24,1,2.09,2,1.35,346,1.45,349,2.14,1,2.06,2,2.06,2
2122,2018/06/15 12:00UTC,2.2,269,1.02,232,0.9,286,0.79,60,0.66,64,0.75,262,0.72,287,0.72,286
2123,2018/06/15 18:00UTC,2.7,323,0.98,316,2.17,329,0.68,3,0.66,357,1.68,325,2.04,328,2.03,328
2124,2018/06/16 00:00UTC,2.05,348,2.74,7,2.79,356,1.65,357,1.76,358,2.71,358,2.73,356,2.73,356
2125,2018/06/16 06:00UTC,1.49,295,2.68,355,2.57,342,2.4,349,2.45,350,2.63,347,2.59,344,2.59,344
2126,2018/06/16 12:00UTC,3.11,260,2.86,254,3.22,260,2.72,273,2.73,271,3.14,259,3.2,260,3.2,260
2127,2018/06/16 18:00UTC,2.59,280,3.19,285,3.1,281,3.35,291,3.33,290,3.16,282,3.11,282,3.11,282
2128,2018/06/17 00:00UTC,2.02,280,1.92,256,2.38,264,2.33,254,2.33,254,2.37,260,2.38,263,2.38,263
2129,2018/06/17 06:00UTC,3.2,274,2.62,308,2.47,297,2.45,277,2.42,280,2.51,300,2.46,296,2.46,296
2130,2018/06/17 12:00UTC,3.78,261,3.98,259,4.0,259,3.89,267,3.9,266,4.01,259,3.95,260,3.96,260
2131,2018/06/17 18:00UTC,2.68,257,2.46,248,2.49,261,2.35,253,2.36,252,2.46,255,2.43,259,2.43,259
2132,2018/06/18 00:00UTC,3.17,237,2.54,243,2.55,242,2.26,245,2.28,245,2.53,243,2.5,243,2.5,243
2133,2018/06/18 06:00UTC,3.8,241,2.84,233,3.08,234,2.9,236,2.89,235,3.01,233,3.02,233,3.02,233
2134,2018/06/18 12:00UTC,3.82,273,3.23,261,3.86,269,3.29,258,3.29,258,3.67,266,3.81,268,3.81,268
2135,2018/06/18 18:00UTC,2.7,266,2.28,266,2.24,284,2.02,283,2.03,281,2.22,280,2.24,284,2.24,284
2136,2018/06/19 00:00UTC,2.19,289,2.15,324,2.29,323,1.92,308,1.93,310,2.23,324,2.25,321,2.25,321
2137,2018/06/19 06:00UTC,1.93,265,1.43,327,1.69,343,2.31,2,2.26,1,1.71,342,1.76,345,1.76,345
2138,2018/06/19 12:00UTC,1.5,274,0.82,345,0.94,1,1.56,43,1.5,41,0.94,6,0.98,7,0.98,6
2139,2018/06/19 18:00UTC,1.73,338,2.23,41,2.37,13,3.21,46,3.13,46,2.25,24,2.39,16,2.39,16
2140,2018/06/20 00:00UTC,1.23,31,1.94,49,2.28,42,2.4,62,2.37,61,2.2,46,2.25,44,2.25,44
2141,2018/06/20 06:00UTC,1.48,146,1.68,102,2.04,103,2.4,84,2.34,85,1.99,101,2.05,101,2.05,101
2142,2018/06/20 12:00UTC,1.31,297,1.38,36,1.67,61,2.35,46,2.3,46,1.69,56,1.74,59,1.74,59
2143,2018/06/20 18:00UTC,2.09,333,0.48,75,1.05,339,1.57,58,1.46,61,0.54,348,0.96,344,0.96,343
2144,2018/06/21 00:00UTC,3.02,337,1.59,38,2.29,351,0.8,33,0.86,35,1.76,2,2.11,352,2.11,352
2145,2018/06/21 06:00UTC,4.4,335,3.91,338,4.8,345,4.26,355,4.23,354,4.52,344,4.73,345,4.73,345
2146,2018/06/21 12:00UTC,5.36,359,4.74,7,4.78,0,4.64,11,4.64,10,4.7,3,4.71,1,4.71,1
2147,2018/06/21 18:00UTC,4.25,4,3.65,16,3.51,2,3.64,26,3.62,26,3.45,9,3.42,4,3.42,4
2148,2018/06/22 00:00UTC,2.38,40,3.06,35,3.15,43,3.64,35,3.6,35,3.19,41,3.21,43,3.21,43
2149,2018/06/22 06:00UTC,1.69,350,2.5,28,3.1,36,3.76,41,3.68,40,3.03,36,3.14,37,3.14,37
2150,2018/06/22 12:00UTC,4.41,357,4.3,14,4.28,21,4.93,30,4.87,29,4.31,21,4.29,23,4.29,23
2151,2018/06/22 18:00UTC,4.13,11,3.44,29,2.79,22,3.47,37,3.45,37,2.94,28,2.79,26,2.79,26
2152,2018/06/23 00:00UTC,3.02,27,3.12,29,3.2,36,3.57,34,3.54,34,3.2,34,3.23,36,3.23,36
2153,2018/06/23 06:00UTC,2.52,32,3.19,36,3.43,40,3.71,39,3.68,39,3.4,39,3.44,40,3.44,40
2154,2018/06/23 12:00UTC,3.75,33,4.31,39,4.42,42,5.09,37,5.04,38,4.46,41,4.46,41,4.46,41
2155,2018/06/23 18:00UTC,3.07,11,2.85,44,2.46,45,3.11,43,3.1,44,2.65,47,2.5,48,2.5,48
2156,2018/06/24 00:00UTC,1.83,6,2.3,22,2.36,34,2.93,38,2.87,38,2.37,32,2.38,35,2.38,35
2157,2018/06/24 06:00UTC,1.45,6,2.16,30,2.45,31,2.59,43,2.56,42,2.37,32,2.45,32,2.45,32
2158,2018/06/24 12:00UTC,3.34,7,3.4,18,3.12,12,3.81,19,3.77,20,3.19,15,3.14,13,3.14,13
2159,2018/06/24 18:00UTC,3.49,14,3.25,32,2.91,21,3.27,38,3.27,38,3.01,28,2.89,24,2.89,24
2160,2018/06/25 00:00UTC,3.04,28,2.88,22,2.56,23,2.79,22,2.78,22,2.64,23,2.55,24,2.55,24
2161,2018/06/25 06:00UTC,3.34,39,3.61,35,3.91,39,4.04,38,4.01,38,3.86,38,3.91,40,3.91,40
2162,2018/06/25 12:00UTC,4.11,39,4.1,46,4.33,45,4.77,43,4.72,44,4.3,46,4.34,45,4.34,45
2163,2018/06/25 18:00UTC,3.38,31,3.18,41,2.76,51,3.74,42,3.69,43,2.94,49,2.83,52,2.83,52
2164,2018/06/26 00:00UTC,2.47,33,2.17,39,2.35,50,2.48,45,2.45,45,2.29,47,2.36,50,2.36,50
2165,2018/06/26 06:00UTC,2.91,47,2.54,49,2.87,55,2.89,59,2.85,59,2.79,55,2.86,56,2.86,56
2166,2018/06/26 12:00UTC,4.04,31,4.0,39,3.91,44,4.59,43,4.54,43,3.97,44,3.95,45,3.95,45
2167,2018/06/26 18:00UTC,3.84,27,3.35,33,3.11,45,3.7,33,3.67,33,3.21,42,3.16,45,3.16,45
2168,2018/06/27 00:00UTC,3.11,39,2.54,30,2.58,40,2.66,31,2.65,31,2.53,36,2.57,39,2.57,39
2169,2018/06/27 06:00UTC,3.27,55,2.82,58,3.11,52,2.91,58,2.9,58,3.0,54,3.08,52,3.08,52
2170,2018/06/27 12:00UTC,3.87,45,4.19,55,4.23,55,5.08,50,5.02,51,4.3,55,4.3,55,4.29,55
2171,2018/06/27 18:00UTC,4.46,23,3.41,40,3.23,52,3.66,40,3.64,40,3.29,50,3.27,52,3.27,52
2172,2018/06/28 00:00UTC,4.3,30,3.29,27,3.32,25,2.9,29,2.92,29,3.23,26,3.26,26,3.26,26
2173,2018/06/28 06:00UTC,3.95,52,3.8,56,4.02,51,4.08,57,4.06,57,3.97,53,4.0,51,4.0,51
2174,2018/06/28 12:00UTC,5.82,50,6.06,58,6.08,59,6.65,55,6.61,55,6.16,59,6.12,59,6.12,59
2175,2018/06/28 18:00UTC,3.51,37,2.55,58,2.45,67,3.08,52,3.02,52,2.48,66,2.5,66,2.5,66
2176,2018/06/29 00:00UTC,3.53,34,3.14,33,3.08,37,3.2,34,3.19,34,3.07,37,3.08,38,3.08,38
2177,2018/06/29 06:00UTC,3.91,50,3.25,42,3.75,45,3.6,48,3.57,47,3.55,44,3.73,45,3.72,45
2178,2018/06/29 12:00UTC,5.45,50,5.72,60,5.52,63,5.75,58,5.75,59,5.63,63,5.54,63,5.54,63
2179,2018/06/29 18:00UTC,5.06,31,4.25,35,3.85,48,3.6,46,3.64,46,3.91,45,3.83,48,3.83,48
2180,2018/06/30 00:00UTC,5.03,36,4.04,31,4.0,38,3.42,39,3.46,39,3.92,37,3.94,38,3.94,38
2181,2018/06/30 06:00UTC,4.17,59,3.26,56,3.67,59,2.95,64,2.97,64,3.49,59,3.61,59,3.61,59
2182,2018/06/30 12:00UTC,4.37,65,3.87,84,3.64,92,3.4,90,3.44,90,3.72,92,3.59,91,3.59,91
2183,2018/06/30 18:00UTC,2.62,53,2.25,61,2.05,71,1.87,70,1.9,69,2.0,70,2.08,69,2.07,70
2184,2018/07/01 00:00UTC,3.31,44,2.9,67,2.96,60,2.88,71,2.88,70,2.92,64,2.93,61,2.93,61
2185,2018/07/01 06:00UTC,2.71,76,3.11,88,2.49,72,2.41,82,2.45,82,2.61,77,2.48,73,2.48,73
2186,2018/07/01 12:00UTC,2.87,80,3.59,95,3.03,87,3.66,88,3.64,89,3.21,90,3.08,87,3.08,87
2187,2018/07/01 18:00UTC,4.31,64,4.07,73,3.08,76,4.14,66,4.13,67,3.45,75,3.16,74,3.16,74
2188,2018/07/02 00:00UTC,2.71,86,3.32,80,2.98,75,3.41,68,3.38,68,3.04,77,2.99,74,2.99,74
2189,2018/07/02 06:00UTC,2.7,37,2.49,41,2.32,27,2.5,25,2.48,26,2.3,29,2.32,28,2.32,28
2190,2018/07/02 12:00UTC,3.34,41,1.91,37,0.36,339,1.92,301,1.77,305,0.69,2,0.43,321,0.43,322
2191,2018/07/02 18:00UTC,1.83,188,2.45,226,4.59,237,2.9,253,2.94,251,4.23,238,4.47,238,4.47,238
2192,2018/07/03 00:00UTC,1.52,241,1.42,248,2.07,242,1.84,259,1.83,259,1.98,246,2.06,244,2.06,244
2193,2018/07/03 06:00UTC,1.63,245,1.97,235,1.75,239,1.97,236,1.97,235,1.83,238,1.75,239,1.75,239
2194,2018/07/03 12:00UTC,1.78,226,2.61,226,2.92,229,2.9,247,2.9,246,2.94,230,2.92,231,2.92,231
2195,2018/07/03 18:00UTC,1.98,292,1.3,261,1.97,286,1.89,283,1.9,281,1.92,281,1.96,284,1.96,284
2196,2018/07/04 00:00UTC,1.01,293,1.63,242,1.73,274,1.73,250,1.75,249,1.76,262,1.7,272,1.7,272
2197,2018/07/04 06:00UTC,1.67,258,2.11,240,1.96,249,2.33,242,2.33,241,2.1,246,1.98,248,1.99,248
2198,2018/07/04 12:00UTC,2.3,238,2.6,219,2.8,228,2.51,228,2.55,227,2.83,225,2.78,229,2.78,229
2199,2018/07/04 18:00UTC,2.95,321,1.2,297,2.15,303,2.63,327,2.49,324,2.01,297,2.13,303,2.13,303
2200,2018/07/05 00:00UTC,2.24,342,1.24,356,2.79,310,1.46,248,1.35,252,2.22,310,2.66,309,2.65,309
2201,2018/07/05 06:00UTC,2.81,346,2.21,337,3.41,323,2.73,279,2.63,282,3.01,321,3.31,321,3.31,321
2202,2018/07/05 12:00UTC,3.18,325,1.63,285,2.43,282,3.27,253,3.14,253,2.26,277,2.46,277,2.45,277
2203,2018/07/05 18:00UTC,2.71,336,1.76,301,2.33,289,2.42,282,2.38,282,2.31,286,2.35,288,2.35,288
2204,2018/07/06 00:00UTC,2.17,325,2.7,345,2.42,325,2.26,305,2.24,309,2.42,331,2.37,323,2.37,323
2205,2018/07/06 06:00UTC,1.74,338,2.07,1,2.0,346,1.63,346,1.65,347,1.99,349,1.96,346,1.96,346
2206,2018/07/06 12:00UTC,1.66,349,1.98,19,1.75,344,2.23,3,2.19,4,1.75,353,1.74,346,1.74,346
2207,2018/07/06 18:00UTC,3.18,341,1.2,52,1.9,303,1.12,11,1.07,14,1.19,314,1.75,304,1.74,304
2208,2018/07/07 00:00UTC,1.98,10,1.63,47,2.24,27,1.41,69,1.42,69,1.91,38,2.13,30,2.12,30
2209,2018/07/07 06:00UTC,1.49,12,1.75,23,2.17,24,1.73,33,1.73,32,2.02,24,2.11,25,2.11,25
2210,2018/07/07 12:00UTC,2.09,343,2.1,13,1.99,351,2.56,13,2.51,13,1.98,357,2.01,354,2.0,353
2211,2018/07/07 18:00UTC,3.47,6,2.33,71,1.3,32,2.43,57,2.42,59,1.55,55,1.35,40,1.35,40
2212,2018/07/08 00:00UTC,2.02,4,1.67,93,1.51,58,2.67,82,2.6,83,1.59,73,1.54,63,1.54,63
2213,2018/07/08 06:00UTC,1.7,337,0.8,14,1.75,356,1.22,13,1.19,13,1.44,358,1.66,357,1.66,357
2214,2018/07/08 12:00UTC,3.43,317,1.75,348,2.92,326,2.18,4,2.12,3,2.49,330,2.82,328,2.82,328
2215,2018/07/08 18:00UTC,3.72,8,2.63,32,2.33,349,1.87,24,1.9,25,2.1,6,2.18,352,2.18,353
2216,2018/07/09 00:00UTC,3.91,37,3.5,29,3.32,37,3.47,33,3.46,33,3.33,35,3.31,38,3.31,38
2217,2018/07/09 06:00UTC,3.65,28,4.0,21,3.84,19,4.21,21,4.19,21,3.87,19,3.84,20,3.84,20
2218,2018/07/09 12:00UTC,5.06,15,5.1,23,4.98,21,5.38,21,5.36,22,5.06,22,4.97,21,4.97,21
2219,2018/07/09 18:00UTC,3.47,9,2.85,23,2.36,12,3.1,21,3.06,22,2.48,18,2.36,14,2.36,14
2220,2018/07/10 00:00UTC,3.04,10,2.72,10,2.69,6,2.65,13,2.64,13,2.67,8,2.64,7,2.64,7
2221,2018/07/10 06:00UTC,3.66,25,3.81,14,3.76,21,3.77,19,3.78,19,3.78,19,3.73,21,3.73,21
2222,2018/07/10 12:00UTC,4.51,351,4.47,351,4.85,337,4.14,344,4.16,344,4.7,340,4.76,338,4.76,338
2223,2018/07/10 18:00UTC,2.92,1,2.53,12,2.85,5,3.25,20,3.19,20,2.76,11,2.82,6,2.82,6
2224,2018/07/11 00:00UTC,2.79,348,2.18,347,2.07,359,1.82,15,1.82,13,2.02,359,1.99,0,1.99,360
2225,2018/07/11 06:00UTC,3.36,359,3.11,4,3.2,7,2.48,12,2.53,12,3.13,7,3.1,7,3.1,7
2226,2018/07/11 12:00UTC,3.76,356,3.49,8,3.09,14,3.4,14,3.41,14,3.26,13,3.09,14,3.09,14
2227,2018/07/11 18:00UTC,3.12,346,2.07,341,1.93,332,2.27,349,2.23,349,1.92,335,1.91,332,1.91,332
2228,2018/07/12 00:00UTC,2.93,15,2.49,10,2.36,4,2.18,15,2.19,15,2.31,5,2.31,5,2.31,5
2229,2018/07/12 06:00UTC,2.66,22,2.65,32,3.1,29,2.49,42,2.51,41,2.93,31,3.04,30,3.04,30
2230,2018/07/12 12:00UTC,3.05,13,3.13,20,3.03,24,3.39,34,3.37,33,3.08,24,3.03,24,3.03,24
2231,2018/07/12 18:00UTC,2.81,5,1.62,41,0.48,324,1.28,14,1.25,16,0.55,4,0.46,334,0.46,335
2232,2018/07/13 00:00UTC,2.89,25,2.47,9,2.12,19,1.86,14,1.89,14,2.14,17,2.07,19,2.07,19
2233,2018/07/13 06:00UTC,3.06,28,2.02,35,2.31,30,1.6,46,1.62,45,2.13,32,2.23,31,2.23,31
2234,2018/07/13 12:00UTC,2.91,34,2.16,32,1.57,33,1.78,24,1.79,24,1.66,33,1.57,30,1.57,30
2235,2018/07/13 18:00UTC,3.32,9,3.05,15,3.22,351,2.91,358,2.92,359,3.08,356,3.15,351,3.14,351
2236,2018/07/14 00:00UTC,2.71,16,2.14,44,2.16,30,2.76,49,2.7,49,2.11,38,2.16,33,2.16,33
2237,2018/07/14 06:00UTC,2.78,35,2.67,30,2.99,29,2.76,38,2.75,37,2.88,30,2.95,30,2.95,30
2238,2018/07/14 12:00UTC,2.12,44,1.39,39,1.96,37,2.85,43,2.71,43,1.74,39,1.99,37,1.99,37
2239,2018/07/14 18:00UTC,2.75,2,0.99,46,0.82,18,1.25,25,1.19,27,0.76,27,0.82,27,0.81,26
2240,2018/07/15 00:00UTC,2.2,8,1.84,50,1.91,29,1.57,63,1.59,62,1.74,39,1.83,32,1.83,32
2241,2018/07/15 06:00UTC,1.8,357,1.5,29,1.98,13,0.65,22,0.72,22,1.72,14,1.86,14,1.86,14
2242,2018/07/15 12:00UTC,1.65,29,1.46,49,1.27,80,1.26,50,1.26,51,1.23,73,1.24,79,1.24,79
2243,2018/07/15 18:00UTC,2.24,314,1.74,340,1.6,326,0.94,266,0.93,276,1.61,326,1.46,326,1.46,326
2244,2018/07/16 00:00UTC,1.66,338,1.12,264,2.24,324,2.42,208,2.32,210,1.65,302,2.05,319,2.04,318
2245,2018/07/16 06:00UTC,2.13,344,0.9,20,2.17,343,0.39,175,0.3,172,1.55,345,1.97,342,1.97,342
2246,2018/07/16 12:00UTC,2.88,341,2.4,6,2.95,351,2.68,348,2.66,348,2.76,353,2.87,351,2.87,351
2247,2018/07/16 18:00UTC,3.96,336,3.02,323,3.24,326,3.57,315,3.52,315,3.24,323,3.23,325,3.23,325
2248,2018/07/17 00:00UTC,2.38,326,1.43,356,2.37,301,1.44,314,1.4,316,1.88,311,2.3,301,2.29,301
2249,2018/07/17 06:00UTC,2.91,312,2.41,341,3.15,335,1.9,304,1.9,309,2.88,335,3.06,334,3.06,335
2250,2018/07/17 12:00UTC,2.66,285,3.14,301,3.19,295,3.38,283,3.36,285,3.25,296,3.21,294,3.21,294
2251,2018/07/17 18:00UTC,2.38,323,2.02,322,2.39,312,2.45,309,2.41,309,2.33,311,2.38,310,2.38,310
2252,2018/07/18 00:00UTC,2.17,33,2.66,37,2.67,45,2.68,40,2.69,41,2.75,45,2.66,45,2.66,45
2253,2018/07/18 06:00UTC,1.86,55,2.14,62,2.11,81,2.07,64,2.08,65,2.11,76,2.1,79,2.1,79
2254,2018/07/18 12:00UTC,2.07,43,1.14,41,0.58,88,1.11,26,1.09,27,0.63,68,0.57,78,0.57,78
2255,2018/07/18 18:00UTC,3.07,30,2.15,22,1.48,22,1.91,12,1.91,13,1.65,21,1.51,21,1.51,21
2256,2018/07/19 00:00UTC,2.67,55,3.14,55,2.8,70,2.9,62,2.92,61,2.94,66,2.82,70,2.82,70
2257,2018/07/19 06:00UTC,1.91,58,2.56,83,2.19,87,2.71,88,2.7,88,2.3,88,2.21,87,2.21,87
2258,2018/07/19 12:00UTC,2.4,53,3.13,82,3.14,107,3.4,77,3.38,77,3.19,99,3.15,103,3.15,103
2259,2018/07/19 18:00UTC,2.19,345,2.67,46,2.48,324,2.81,38,2.79,39,1.89,353,2.33,329,2.32,329
2260,2018/07/20 00:00UTC,1.54,314,0.26,157,3.33,301,2.48,271,2.37,270,2.55,290,3.23,300,3.22,300
2261,2018/07/20 06:00UTC,1.12,103,0.45,75,0.93,237,0.38,305,0.33,308,0.5,221,0.87,238,0.86,238
2262,2018/07/20 12:00UTC,1.56,263,1.95,200,3.54,259,2.78,245,2.74,244,3.05,250,3.48,258,3.47,258
2263,2018/07/20 18:00UTC,4.32,308,3.86,311,4.16,322,4.26,300,4.23,301,4.17,318,4.11,320,4.11,320
2264,2018/07/21 00:00UTC,3.76,289,2.85,284,2.86,296,2.56,286,2.57,286,2.86,291,2.81,296,2.81,296
2265,2018/07/21 06:00UTC,2.05,284,2.93,285,2.32,287,2.34,284,2.4,284,2.59,285,2.34,287,2.35,287
2266,2018/07/21 12:00UTC,1.83,257,2.61,277,2.79,265,2.82,278,2.83,278,2.81,268,2.79,267,2.79,267
2267,2018/07/21 18:00UTC,1.87,327,1.79,300,2.08,286,2.38,284,2.34,284,2.09,285,2.08,284,2.08,284
2268,2018/07/22 00:00UTC,1.79,333,0.81,325,2.18,314,1.75,295,1.68,296,1.83,310,2.1,313,2.1,313
2269,2018/07/22 06:00UTC,1.68,338,2.0,3,2.49,342,1.81,330,1.81,333,2.3,346,2.43,342,2.43,342
2270,2018/07/22 12:00UTC,0.83,350,2.13,36,1.47,14,2.26,18,2.25,20,1.72,25,1.53,14,1.53,14
2271,2018/07/22 18:00UTC,2.63,326,0.64,9,1.52,308,1.04,344,0.97,346,1.11,314,1.41,307,1.41,307
2272,2018/07/23 00:00UTC,1.88,357,2.65,15,2.89,356,2.28,348,2.3,350,2.78,360,2.85,356,2.85,356
2273,2018/07/23 06:00UTC,1.49,2,2.47,25,2.58,25,2.5,28,2.51,28,2.58,26,2.57,26,2.57,26
2274,2018/07/23 12:00UTC,1.98,265,0.81,354,0.35,37,2.0,31,1.91,31,0.61,30,0.51,34,0.51,34
2275,2018/07/23 18:00UTC,2.57,317,0.76,60,0.6,348,1.73,34,1.62,36,0.45,19,0.61,0,0.61,0
2276,2018/07/24 00:00UTC,2.5,36,1.08,61,1.52,56,2.0,98,1.92,98,1.33,66,1.46,61,1.46,61
2277,2018/07/24 06:00UTC,1.72,43,1.44,73,1.61,84,1.64,79,1.63,79,1.58,82,1.59,83,1.59,83
2278,2018/07/24 12:00UTC,1.19,50,1.89,70,1.38,49,1.97,62,1.96,63,1.53,58,1.42,51,1.43,52
2279,2018/07/24 18:00UTC,2.16,344,1.88,331,2.3,323,1.89,315,1.9,316,2.26,323,2.32,322,2.32,322
2280,2018/07/25 00:00UTC,3.1,0,3.1,13,3.27,354,1.8,350,1.9,353,3.15,358,3.12,354,3.12,354
2281,2018/07/25 06:00UTC,3.09,3,2.93,13,3.46,1,2.83,8,2.85,8,3.28,3,3.39,2,3.39,2
2282,2018/07/25 12:00UTC,1.97,353,1.95,357,1.53,339,2.15,347,2.13,347,1.62,344,1.57,339,1.57,340
2283,2018/07/25 18:00UTC,3.49,334,1.82,348,3.0,320,1.89,339,1.89,338,2.66,323,2.94,320,2.93,321
2284,2018/07/26 00:00UTC,2.54,11,1.77,7,2.52,351,1.04,19,1.09,17,2.15,353,2.38,352,2.37,352
2285,2018/07/26 06:00UTC,0.94,62,0.98,58,1.27,74,1.16,67,1.14,67,1.17,69,1.23,73,1.23,73
2286,2018/07/26 12:00UTC,1.22,150,1.12,109,1.72,142,2.16,90,2.08,90,1.58,129,1.62,137,1.62,137
2287,2018/07/26 18:00UTC,0.45,256,0.34,337,0.5,287,1.4,4,1.32,4,0.44,318,0.52,303,0.51,303
2288,2018/07/27 00:00UTC,1.98,293,0.84,213,1.79,292,1.06,217,1.05,218,1.43,276,1.65,289,1.65,288
2289,2018/07/27 06:00UTC,1.88,309,1.13,186,1.52,282,1.83,193,1.79,194,1.11,258,1.42,275,1.41,274
2290,2018/07/27 12:00UTC,2.72,218,2.71,188,3.05,214,2.48,198,2.51,198,2.94,205,2.99,213,2.99,213
2291,2018/07/27 18:00UTC,3.09,286,2.88,250,4.41,251,4.01,267,3.99,266,4.2,253,4.39,252,4.39,252
2292,2018/07/28 00:00UTC,1.51,246,2.74,275,2.57,281,3.91,264,3.84,265,2.88,277,2.66,279,2.66,279
2293,2018/07/28 06:00UTC,5.39,232,4.93,239,5.73,242,5.16,245,5.16,245,5.53,242,5.64,242,5.64,242
2294,2018/07/28 12:00UTC,5.35,256,5.44,251,5.73,256,5.78,257,5.78,257,5.79,255,5.72,256,5.73,256
2295,2018/07/28 18:00UTC,4.02,239,3.74,239,3.45,240,3.61,246,3.61,245,3.53,239,3.44,240,3.45,240
2296,2018/07/29 00:00UTC,1.3,203,1.03,230,1.12,233,1.21,223,1.2,223,1.11,232,1.1,233,1.1,233
2297,2018/07/29 06:00UTC,4.64,195,4.32,201,4.44,204,4.14,202,4.16,202,4.42,204,4.36,204,4.36,204
2298,2018/07/29 12:00UTC,6.35,214,6.06,215,6.62,218,5.61,218,5.66,218,6.47,217,6.48,218,6.49,218
2299,2018/07/29 18:00UTC,4.4,219,3.39,252,3.77,247,3.75,264,3.72,263,3.67,251,3.7,249,3.7,249
2300,2018/07/30 00:00UTC,3.17,214,2.4,237,2.55,228,2.27,244,2.27,244,2.43,231,2.48,229,2.48,229
2301,2018/07/30 06:00UTC,4.6,196,4.24,203,4.69,200,4.22,209,4.23,209,4.58,202,4.62,201,4.62,201
2302,2018/07/30 12:00UTC,4.84,207,4.31,215,5.06,217,4.2,227,4.22,226,4.81,217,4.94,217,4.94,217
2303,2018/07/30 18:00UTC,2.98,230,2.26,235,2.7,238,2.69,258,2.65,257,2.61,240,2.66,239,2.66,239
2304,2018/07/31 00:00UTC,2.87,241,2.59,252,2.84,255,2.49,256,2.5,256,2.8,255,2.81,256,2.81,256
2305,2018/07/31 06:00UTC,3.22,239,3.16,261,3.12,258,3.12,273,3.13,272,3.19,261,3.09,260,3.09,260
2306,2018/07/31 12:00UTC,3.22,254,3.75,248,4.29,248,3.86,264,3.86,262,4.14,248,4.25,249,4.25,249
2307,2018/07/31 18:00UTC,2.4,269,2.09,252,2.29,272,1.89,275,1.9,272,2.18,266,2.27,271,2.26,271
2308,2018/08/01 00:00UTC,3.47,23,2.93,4,2.59,338,2.58,332,2.56,334,2.55,343,2.57,337,2.57,338
2309,2018/08/01 06:00UTC,3.15,10,2.68,355,2.73,351,1.94,334,1.99,336,2.66,350,2.64,349,2.65,349
2310,2018/08/01 12:00UTC,1.78,49,0.71,6,0.48,267,1.39,350,1.32,350,0.42,306,0.48,278,0.48,278
2311,2018/08/01 18:00UTC,3.5,7,1.14,11,1.15,303,1.91,5,1.82,4,1.0,318,1.17,308,1.17,308
2312,2018/08/02 00:00UTC,2.95,344,2.26,354,3.07,343,1.96,348,1.99,348,2.75,344,2.95,343,2.95,343
2313,2018/08/02 06:00UTC,3.26,25,2.88,21,3.24,21,2.7,32,2.72,31,3.09,22,3.18,21,3.18,21
2314,2018/08/02 12:00UTC,1.59,41,2.21,55,2.18,59,3.36,57,3.28,57,2.31,58,2.28,59,2.27,59
2315,2018/08/02 18:00UTC,3.35,348,2.27,22,2.19,357,3.05,19,2.98,19,2.17,6,2.19,0,2.19,1
2316,2018/08/03 00:00UTC,2.78,26,3.07,25,2.88,24,3.4,32,3.37,31,2.94,25,2.88,25,2.88,25
2317,2018/08/03 06:00UTC,2.78,25,3.21,21,3.31,20,3.5,26,3.47,25,3.29,20,3.31,21,3.31,21
2318,2018/08/03 12:00UTC,2.25,24,2.59,41,2.68,39,3.26,43,3.22,43,2.72,41,2.7,40,2.7,40
2319,2018/08/03 18:00UTC,4.37,348,2.49,19,2.88,341,3.24,11,3.16,12,2.61,354,2.78,344,2.77,344
2320,2018/08/04 00:00UTC,3.23,349,3.6,357,3.89,355,3.5,359,3.51,359,3.76,355,3.83,355,3.83,355
2321,2018/08/04 06:00UTC,2.74,332,3.94,352,4.33,348,4.26,355,4.25,355,4.26,349,4.31,349,4.31,349
2322,2018/08/04 12:00UTC,3.42,352,3.14,345,3.4,337,3.76,342,3.71,342,3.35,339,3.39,337,3.39,337
2323,2018/08/04 18:00UTC,4.7,342,3.05,356,3.68,329,2.96,349,2.94,350,3.32,336,3.56,329,3.56,329
2324,2018/08/05 00:00UTC,3.43,13,4.05,11,3.58,11,4.03,14,4.03,14,3.71,11,3.58,12,3.59,12
2325,2018/08/05 06:00UTC,3.61,40,3.84,29,3.71,33,3.91,30,3.9,30,3.76,31,3.71,33,3.71,33
2326,2018/08/05 12:00UTC,2.87,35,3.04,20,2.91,27,3.51,21,3.47,21,3.01,25,2.93,27,2.93,27
2327,2018/08/05 18:00UTC,2.65,12,2.08,27,1.95,6,2.87,14,2.8,15,1.98,13,1.98,8,1.98,8
2328,2018/08/06 00:00UTC,1.52,49,2.17,42,2.13,46,2.54,47,2.51,46,2.18,45,2.17,47,2.17,47
2329,2018/08/06 06:00UTC,0.88,33,0.78,50,1.09,48,1.1,25,1.07,26,0.98,44,1.08,46,1.08,46
2330,2018/08/06 12:00UTC,2.2,314,2.01,311,2.05,326,2.29,318,2.28,318,2.07,322,2.07,325,2.07,325
2331,2018/08/06 18:00UTC,1.83,2,0.96,322,1.05,333,2.29,344,2.15,343,1.1,329,1.14,331,1.14,331
2332,2018/08/07 00:00UTC,2.03,97,1.88,67,2.14,89,2.16,87,2.13,85,2.04,85,2.11,88,2.11,88
2333,2018/08/07 06:00UTC,2.35,152,2.53,128,2.7,131,3.12,146,3.06,144,2.73,131,2.71,131,2.71,131
2334,2018/08/07 12:00UTC,4.13,191,3.56,185,4.57,203,4.23,206,4.16,206,4.25,200,4.49,204,4.49,204
2335,2018/08/07 18:00UTC,2.46,205,2.17,263,4.33,232,4.27,245,4.12,246,3.7,240,4.29,234,4.28,234
2336,2018/08/08 00:00UTC,5.3,270,3.98,235,5.48,251,3.68,230,3.72,230,4.9,245,5.34,249,5.34,249
2337,2018/08/08 06:00UTC,2.98,254,2.9,276,3.0,284,2.66,256,2.67,258,2.98,280,3.01,283,3.01,283
2338,2018/08/08 12:00UTC,3.12,244,3.05,227,2.45,211,3.13,240,3.11,238,2.65,218,2.46,211,2.46,211
2339,2018/08/08 18:00UTC,2.66,0,0.37,121,0.79,312,0.6,274,0.55,266,0.46,298,0.71,298,0.71,299
2340,2018/08/09 00:00UTC,3.34,21,1.0,66,1.53,5,0.78,54,0.76,56,1.02,16,1.37,5,1.37,6
2341,2018/08/09 06:00UTC,2.96,25,2.42,96,1.58,44,2.4,127,2.39,124,1.6,73,1.49,53,1.49,54
2342,2018/08/09 12:00UTC,6.24,314,6.77,264,6.26,291,8.24,256,8.15,257,6.51,280,6.34,287,6.34,287
2343,2018/08/09 18:00UTC,4.19,277,3.96,267,3.64,270,4.24,263,4.21,263,3.8,269,3.65,269,3.65,269
2344,2018/08/10 00:00UTC,2.0,255,1.64,260,2.05,272,1.84,257,1.83,258,1.94,268,2.03,272,2.02,272
2345,2018/08/10 06:00UTC,2.78,221,2.19,222,2.28,217,2.32,224,2.32,224,2.3,219,2.25,217,2.25,217
2346,2018/08/10 12:00UTC,4.99,235,4.86,239,4.88,241,4.77,251,4.79,251,4.91,242,4.85,242,4.85,242
2347,2018/08/10 18:00UTC,4.28,239,3.56,234,3.63,241,3.55,250,3.53,249,3.57,240,3.56,241,3.56,241
2348,2018/08/11 00:00UTC,2.94,273,2.76,274,2.44,278,2.49,267,2.5,267,2.52,275,2.42,277,2.43,277
2349,2018/08/11 06:00UTC,2.12,252,1.89,261,1.63,262,1.68,262,1.7,262,1.73,262,1.61,263,1.61,263
2350,2018/08/11 12:00UTC,2.17,280,1.97,287,1.64,278,1.69,304,1.7,302,1.71,282,1.65,281,1.66,281
2351,2018/08/11 18:00UTC,0.25,165,1.21,68,1.01,61,2.41,41,2.31,42,1.23,63,1.12,55,1.12,56
2352,2018/08/12 00:00UTC,2.14,142,2.53,127,2.69,134,2.8,120,2.78,121,2.67,132,2.67,132,2.67,132
2353,2018/08/12 06:00UTC,3.16,157,3.2,151,3.08,153,3.47,150,3.44,150,3.14,152,3.05,152,3.05,152
2354,2018/08/12 12:00UTC,4.7,176,4.37,165,4.33,189,4.05,178,4.07,177,4.29,181,4.26,189,4.26,189
2355,2018/08/12 18:00UTC,2.44,310,1.9,245,2.41,271,2.36,230,2.33,230,2.16,260,2.34,266,2.34,266
2356,2018/08/13 00:00UTC,2.86,227,2.41,265,2.97,250,3.36,252,3.31,253,2.99,254,2.99,251,2.99,251
2357,2018/08/13 06:00UTC,4.79,240,4.7,236,5.21,243,4.97,238,4.97,238,5.15,241,5.15,243,5.15,243
2358,2018/08/13 12:00UTC,6.25,261,6.48,250,5.53,251,6.1,240,6.13,240,5.95,250,5.51,250,5.52,250
2359,2018/08/13 18:00UTC,4.17,303,2.79,292,2.66,292,3.33,253,3.22,255,2.63,288,2.56,289,2.56,289
2360,2018/08/14 00:00UTC,2.64,262,1.69,296,1.94,300,1.98,304,1.95,304,1.88,300,1.91,301,1.91,301
2361,2018/08/14 06:00UTC,3.35,287,2.48,275,2.82,293,2.55,279,2.55,278,2.73,288,2.75,292,2.75,292
2362,2018/08/14 12:00UTC,4.28,290,3.5,298,3.85,299,3.65,301,3.63,301,3.77,299,3.81,299,3.81,299
2363,2018/08/14 18:00UTC,3.49,301,3.38,304,3.47,307,3.38,302,3.38,302,3.46,306,3.43,306,3.43,306
2364,2018/08/15 00:00UTC,1.25,278,1.59,349,1.9,333,1.86,340,1.85,341,1.85,337,1.9,334,1.9,334
2365,2018/08/15 06:00UTC,2.08,259,1.26,278,1.53,308,1.04,303,1.05,301,1.41,300,1.47,308,1.47,308
2366,2018/08/15 12:00UTC,2.74,282,1.75,290,2.15,304,2.19,323,2.14,322,2.03,304,2.12,305,2.12,305
2367,2018/08/15 18:00UTC,1.76,319,0.62,114,0.25,38,1.79,32,1.64,35,0.42,75,0.33,42,0.33,43
2368,2018/08/16 00:00UTC,1.37,307,1.32,179,0.85,238,1.35,140,1.34,144,0.93,208,0.87,225,0.87,225
2369,2018/08/16 06:00UTC,0.38,130,1.5,164,0.8,152,1.28,126,1.28,130,1.04,160,0.86,152,0.86,152
2370,2018/08/16 12:00UTC,2.4,235,1.57,213,1.94,223,0.47,158,0.5,169,1.67,219,1.8,223,1.8,223
2371,2018/08/16 18:00UTC,6.14,353,2.01,350,4.03,322,1.56,327,1.55,327,3.2,324,3.75,320,3.75,320
2372,2018/08/17 00:00UTC,3.23,342,3.93,4,4.05,352,4.39,3,4.35,3,4.0,356,4.01,353,4.01,353
2373,2018/08/17 06:00UTC,3.13,326,3.72,348,4.06,339,3.77,347,3.76,347,3.94,342,3.99,340,4.0,340
2374,2018/08/17 12:00UTC,3.37,325,3.29,332,3.68,333,3.42,329,3.41,330,3.57,332,3.63,332,3.63,332
2375,2018/08/17 18:00UTC,3.86,329,2.77,339,3.27,332,2.77,336,2.75,336,3.07,332,3.19,332,3.19,332
2376,2018/08/18 00:00UTC,1.67,318,2.58,358,2.82,352,2.94,8,2.91,7,2.77,355,2.83,353,2.82,353
2377,2018/08/18 06:00UTC,1.46,268,1.09,356,1.32,338,1.48,32,1.44,31,1.22,347,1.29,343,1.29,343
2378,2018/08/18 12:00UTC,2.59,292,2.2,302,2.36,302,2.68,327,2.64,326,2.35,305,2.36,304,2.36,304
2379,2018/08/18 18:00UTC,3.08,326,2.19,331,2.43,333,1.98,339,1.97,338,2.3,333,2.35,332,2.35,332
2380,2018/08/19 00:00UTC,0.8,42,2.3,55,2.1,37,2.6,49,2.58,49,2.19,43,2.14,38,2.14,38
2381,2018/08/19 06:00UTC,1.63,248,0.45,118,0.46,303,1.05,53,1.0,55,0.19,334,0.39,320,0.38,320
2382,2018/08/19 12:00UTC,2.84,259,2.27,261,2.38,273,2.24,298,2.21,295,2.31,272,2.33,274,2.33,274
2383,2018/08/19 18:00UTC,3.34,314,2.09,306,2.48,305,2.31,314,2.27,313,2.34,306,2.45,305,2.45,305
2384,2018/08/20 00:00UTC,3.71,287,2.31,324,2.67,327,2.55,334,2.53,334,2.58,327,2.65,328,2.65,328
2385,2018/08/20 06:00UTC,2.9,285,1.98,294,2.47,313,2.07,311,2.07,310,2.34,308,2.42,313,2.42,313
2386,2018/08/20 12:00UTC,2.65,312,2.46,317,2.81,332,2.81,322,2.79,322,2.75,327,2.78,331,2.78,331
2387,2018/08/20 18:00UTC,1.57,2,1.59,6,1.74,358,2.14,343,2.09,344,1.73,356,1.76,356,1.76,356
2388,2018/08/21 00:00UTC,2.04,17,2.15,46,1.92,11,1.93,41,1.93,42,1.84,24,1.85,13,1.86,14
2389,2018/08/21 06:00UTC,1.28,355,1.46,11,1.61,22,1.44,22,1.45,21,1.55,19,1.58,22,1.58,22
2390,2018/08/21 12:00UTC,1.93,284,2.29,327,2.13,331,2.76,7,2.7,4,2.25,335,2.17,335,2.17,335
2391,2018/08/21 18:00UTC,1.79,348,2.16,2,2.31,347,3.19,6,3.11,6,2.29,352,2.37,348,2.36,348
2392,2018/08/22 00:00UTC,1.19,3,1.16,50,1.52,46,2.02,55,1.96,56,1.45,50,1.54,48,1.54,48
2393,2018/08/22 06:00UTC,1.39,27,1.55,51,1.75,46,2.05,62,2.0,61,1.68,50,1.76,48,1.75,48
2394,2018/08/22 12:00UTC,1.89,260,1.28,300,0.75,267,0.91,2,0.9,357,0.74,288,0.69,277,0.69,277
2395,2018/08/22 18:00UTC,3.58,352,2.38,16,2.86,341,2.83,19,2.77,19,2.58,352,2.76,342,2.76,342
2396,2018/08/23 00:00UTC,2.45,349,2.35,25,3.03,1,2.08,46,2.09,44,2.64,10,2.9,3,2.89,4
2397,2018/08/23 06:00UTC,1.72,319,2.4,10,2.85,358,2.45,19,2.46,19,2.72,3,2.81,360,2.81,360
2398,2018/08/23 12:00UTC,4.17,290,3.23,289,3.73,282,3.91,295,3.86,294,3.6,285,3.71,282,3.71,282
2399,2018/08/23 18:00UTC,2.88,300,2.64,314,2.76,307,3.57,306,3.5,307,2.79,310,2.82,307,2.82,307
2400,2018/08/24 00:00UTC,3.08,286,2.79,307,3.59,313,2.45,302,2.47,303,3.29,310,3.5,312,3.5,312
2401,2018/08/24 06:00UTC,3.76,288,3.52,285,3.88,289,3.74,282,3.72,282,3.81,287,3.83,288,3.83,288
2402,2018/08/24 12:00UTC,4.33,290,3.85,285,4.03,290,4.23,288,4.2,288,3.97,289,4.01,289,4.01,289
2403,2018/08/24 18:00UTC,3.82,273,2.92,272,3.55,275,3.21,278,3.18,277,3.36,274,3.5,276,3.49,275
2404,2018/08/25 00:00UTC,4.98,252,4.04,251,3.94,257,3.43,241,3.46,242,3.89,255,3.86,256,3.87,256
2405,2018/08/25 06:00UTC,3.18,284,3.39,283,3.59,284,3.77,265,3.72,266,3.53,282,3.56,282,3.56,282
2406,2018/08/25 12:00UTC,3.99,315,4.27,314,4.32,319,4.62,313,4.6,313,4.37,317,4.34,318,4.34,318
2407,2018/08/25 18:00UTC,3.27,328,2.98,318,2.31,322,3.21,316,3.19,316,2.58,319,2.39,320,2.39,320
2408,2018/08/26 00:00UTC,0.17,287,1.21,53,1.3,28,0.58,74,0.63,70,1.22,35,1.22,30,1.22,30
2409,2018/08/26 06:00UTC,1.43,171,2.18,162,2.23,171,2.4,181,2.39,180,2.28,170,2.22,171,2.22,171
2410,2018/08/26 12:00UTC,5.76,198,4.89,200,5.38,202,4.18,202,4.25,202,5.17,202,5.24,203,5.24,203
2411,2018/08/26 18:00UTC,4.4,197,4.33,189,4.35,196,3.76,199,3.8,199,4.33,194,4.32,195,4.32,195
2412,2018/08/27 00:00UTC,4.58,233,3.6,226,4.21,235,3.55,222,3.54,222,3.93,232,4.08,235,4.08,235
2413,2018/08/27 06:00UTC,3.03,256,3.53,228,3.82,233,4.12,224,4.09,224,3.82,231,3.82,232,3.82,232
2414,2018/08/27 12:00UTC,4.97,283,3.52,276,4.15,280,3.83,260,3.78,261,3.89,278,4.06,279,4.06,279
2415,2018/08/27 18:00UTC,2.73,337,2.8,347,2.44,340,1.99,307,1.98,311,2.5,342,2.33,337,2.33,337
2416,2018/08/28 00:00UTC,0.84,335,1.52,43,1.97,47,2.9,52,2.81,52,1.93,48,2.04,49,2.03,49
2417,2018/08/28 06:00UTC,1.18,105,2.01,97,2.55,93,2.82,86,2.77,87,2.44,94,2.56,92,2.55,92
2418,2018/08/28 12:00UTC,2.1,137,1.6,120,2.1,125,1.39,113,1.43,113,1.98,122,1.99,124,1.99,124
2419,2018/08/28 18:00UTC,1.23,57,1.4,45,1.94,40,2.33,50,2.27,49,1.85,43,2.0,38,2.0,38
2420,2018/08/29 00:00UTC,1.66,106,1.53,113,1.77,108,1.78,130,1.75,128,1.73,110,1.74,109,1.74,109
2421,2018/08/29 06:00UTC,1.35,133,3.24,158,3.87,189,3.82,189,3.79,187,3.73,182,3.9,189,3.9,189
2422,2018/08/29 12:00UTC,6.36,298,4.47,283,5.94,301,5.06,251,4.94,254,5.38,295,5.74,299,5.74,299
2423,2018/08/29 18:00UTC,4.07,305,3.73,299,4.17,307,3.6,298,3.6,298,4.01,304,4.15,307,4.15,307
2424,2018/08/30 00:00UTC,2.97,294,2.63,298,2.98,299,2.64,291,2.63,292,2.88,297,2.94,299,2.94,299
2425,2018/08/30 06:00UTC,1.28,336,1.83,339,1.98,326,1.72,320,1.72,321,1.92,328,1.96,326,1.96,326
2426,2018/08/30 12:00UTC,0.99,211,1.06,344,1.03,252,1.96,327,1.89,327,0.89,276,0.98,263,0.97,263
2427,2018/08/30 18:00UTC,1.21,299,1.57,271,0.8,285,1.28,300,1.29,297,1.17,275,0.82,287,0.82,286
2428,2018/08/31 00:00UTC,2.43,45,2.44,35,1.13,319,1.5,10,1.55,13,1.22,359,1.2,323,1.2,324
2429,2018/08/31 06:00UTC,1.81,62,1.87,70,1.32,77,1.56,57,1.57,58,1.41,71,1.34,76,1.34,76
2430,2018/08/31 12:00UTC,1.54,82,2.31,44,2.47,80,2.83,55,2.79,55,2.41,70,2.45,78,2.45,78
2431,2018/08/31 18:00UTC,2.78,37,2.38,33,2.51,52,2.76,34,2.72,34,2.46,47,2.51,51,2.51,51
2432,2018/09/01 00:00UTC,2.14,65,2.21,53,2.38,68,2.35,58,2.34,58,2.33,64,2.38,67,2.38,67
2433,2018/09/01 06:00UTC,1.93,75,1.99,48,1.88,64,1.96,42,1.96,43,1.87,58,1.87,62,1.87,62
2434,2018/09/01 12:00UTC,2.88,40,3.51,34,3.66,34,4.16,30,4.12,31,3.68,34,3.69,34,3.69,34
2435,2018/09/01 18:00UTC,2.41,35,1.91,35,1.69,47,2.02,21,2.0,23,1.73,43,1.69,47,1.69,47
2436,2018/09/02 00:00UTC,2.17,52,2.39,46,2.26,40,2.45,41,2.44,41,2.3,40,2.27,40,2.27,40
2437,2018/09/02 06:00UTC,2.0,49,1.7,46,2.02,53,1.85,56,1.84,55,1.88,52,1.99,53,1.99,53
2438,2018/09/02 12:00UTC,2.71,35,3.51,37,3.81,43,4.53,40,4.46,40,3.83,41,3.86,42,3.86,42
2439,2018/09/02 18:00UTC,2.64,8,2.32,11,2.35,14,2.64,10,2.62,10,2.35,12,2.35,14,2.35,13
2440,2018/09/03 00:00UTC,2.99,25,1.76,55,2.6,27,1.89,65,1.87,64,2.21,36,2.49,29,2.49,30
2441,2018/09/03 06:00UTC,1.75,5,1.62,14,1.74,19,1.88,25,1.86,24,1.69,17,1.72,20,1.72,20
2442,2018/09/03 12:00UTC,3.75,17,4.0,15,4.02,20,4.55,19,4.51,19,4.1,19,4.03,21,4.04,21
2443,2018/09/03 18:00UTC,3.3,21,2.76,35,2.29,26,2.48,36,2.49,36,2.4,31,2.29,27,2.29,27
2444,2018/09/04 00:00UTC,2.6,0,2.52,7,2.2,9,2.3,20,2.31,19,2.29,10,2.16,10,2.17,10
2445,2018/09/04 06:00UTC,3.38,349,2.34,8,3.27,2,2.22,29,2.23,27,2.91,5,3.12,4,3.12,4
2446,2018/09/04 12:00UTC,3.44,353,2.6,345,3.1,7,2.8,7,2.79,5,2.97,3,3.03,6,3.03,6
2447,2018/09/04 18:00UTC,3.92,359,2.72,358,3.47,356,3.17,2,3.14,2,3.22,357,3.38,356,3.38,356
2448,2018/09/05 00:00UTC,3.15,17,2.71,5,2.99,10,2.73,13,2.71,13,2.85,7,2.94,10,2.93,10
2449,2018/09/05 06:00UTC,1.84,17,2.2,7,2.33,16,2.39,10,2.37,10,2.26,13,2.32,16,2.32,16
2450,2018/09/05 12:00UTC,2.89,9,2.24,343,2.13,0,2.25,348,2.24,347,2.14,354,2.08,358,2.08,358
2451,2018/09/05 18:00UTC,4.96,346,3.58,354,4.33,355,2.76,4,2.82,4,4.01,356,4.1,355,4.11,355
2452,2018/09/06 00:00UTC,2.86,336,3.05,343,3.38,346,2.82,351,2.83,351,3.22,346,3.3,346,3.3,346
2453,2018/09/06 06:00UTC,2.63,349,2.69,347,2.76,345,2.11,348,2.15,348,2.65,345,2.69,345,2.69,345
2454,2018/09/06 12:00UTC,4.3,330,4.0,349,4.46,351,4.51,360,4.47,359,4.35,351,4.43,352,4.43,352
2455,2018/09/06 18:00UTC,3.17,326,2.85,333,3.25,329,2.73,332,2.74,332,3.08,329,3.2,329,3.2,329
2456,2018/09/07 00:00UTC,2.35,261,1.82,306,2.1,307,2.04,320,2.03,320,2.05,308,2.09,309,2.09,309
2457,2018/09/07 06:00UTC,3.8,261,3.16,243,3.38,254,3.02,241,3.04,241,3.32,251,3.32,253,3.32,253
2458,2018/09/07 12:00UTC,4.27,307,4.13,301,4.13,303,4.46,295,4.43,295,4.23,301,4.11,302,4.11,302
2459,2018/09/07 18:00UTC,2.82,326,2.04,308,2.08,315,1.61,292,1.61,293,1.99,311,2.02,312,2.02,312
2460,2018/09/08 00:00UTC,0.64,280,1.29,61,1.07,39,0.79,64,0.85,64,1.11,49,1.05,42,1.05,42
2461,2018/09/08 06:00UTC,0.58,247,0.73,145,0.43,123,0.76,186,0.73,183,0.49,139,0.43,129,0.44,129
2462,2018/09/08 12:00UTC,2.2,264,1.98,286,1.73,275,1.65,310,1.68,308,1.81,282,1.71,278,1.71,278
2463,2018/09/08 18:00UTC,2.18,343,0.54,17,0.9,7,2.26,25,2.12,25,0.85,13,0.98,7,0.97,7
2464,2018/09/09 00:00UTC,0.95,156,1.36,137,1.67,133,1.93,115,1.89,116,1.65,134,1.68,130,1.68,131
2465,2018/09/09 06:00UTC,2.23,159,2.33,141,2.2,137,2.23,134,2.23,135,2.26,139,2.17,137,2.18,137
2466,2018/09/09 12:00UTC,2.26,206,2.24,182,2.19,196,1.98,191,1.99,190,2.17,190,2.14,196,2.14,196
2467,2018/09/09 18:00UTC,1.94,302,0.98,260,1.89,254,1.7,282,1.66,282,1.7,258,1.86,254,1.86,254
2468,2018/09/10 00:00UTC,2.34,328,3.58,349,3.54,349,2.6,326,2.68,329,3.51,347,3.49,349,3.49,349
2469,2018/09/10 06:00UTC,1.68,294,1.83,344,2.26,340,2.11,2,2.09,1,2.13,343,2.22,342,2.22,342
2470,2018/09/10 12:00UTC,2.83,274,2.48,285,2.5,289,2.43,308,2.43,306,2.5,290,2.48,290,2.49,290
2471,2018/09/10 18:00UTC,2.1,341,1.39,341,1.72,321,1.96,335,1.89,335,1.59,327,1.7,322,1.7,322
2472,2018/09/11 00:00UTC,0.17,207,1.29,62,1.34,6,0.53,35,0.59,39,1.16,21,1.3,7,1.3,7
2473,2018/09/11 06:00UTC,2.41,209,1.99,201,2.23,215,2.01,217,2.01,217,2.18,214,2.18,215,2.18,215
2474,2018/09/11 12:00UTC,4.1,240,3.66,239,3.98,237,3.49,248,3.51,247,3.9,238,3.91,238,3.92,238
2475,2018/09/11 18:00UTC,1.18,285,0.98,261,1.58,273,1.45,292,1.41,290,1.44,271,1.55,274,1.55,273
2476,2018/09/12 00:00UTC,1.22,59,0.38,27,0.25,356,0.46,189,0.42,192,0.2,324,0.2,358,0.2,357
2477,2018/09/12 06:00UTC,1.56,332,1.07,291,1.71,283,1.28,267,1.29,268,1.61,279,1.65,282,1.65,282
2478,2018/09/12 12:00UTC,1.57,313,1.67,304,1.95,292,2.52,292,2.47,293,1.96,296,1.99,292,1.99,292
2479,2018/09/12 18:00UTC,4.27,3,3.18,2,3.08,348,2.63,344,2.64,345,3.01,350,2.99,346,2.99,347
2480,2018/09/13 00:00UTC,3.42,33,3.42,30,3.42,30,3.33,28,3.34,28,3.4,30,3.39,30,3.39,30
2481,2018/09/13 06:00UTC,3.75,4,3.63,0,3.88,357,3.23,5,3.26,5,3.77,357,3.79,357,3.79,357
2482,2018/09/13 12:00UTC,2.74,7,3.92,352,3.87,351,4.03,351,4.05,350,3.98,350,3.9,350,3.9,350
2483,2018/09/13 18:00UTC,2.42,3,2.53,10,2.86,354,2.54,1,2.53,2,2.71,358,2.82,354,2.82,354
2484,2018/09/14 00:00UTC,3.55,337,2.57,358,3.15,348,2.16,357,2.19,357,2.88,350,3.03,348,3.03,348
2485,2018/09/14 06:00UTC,2.06,332,2.54,4,3.27,348,2.14,12,2.18,11,2.94,352,3.19,349,3.19,349
2486,2018/09/14 12:00UTC,3.57,279,2.82,302,2.83,299,2.67,312,2.69,311,2.86,301,2.78,300,2.79,300
2487,2018/09/14 18:00UTC,3.07,311,3.14,323,3.7,332,2.81,333,2.83,332,3.51,330,3.62,331,3.62,331
2488,2018/09/15 00:00UTC,2.04,295,2.46,342,2.78,342,2.38,0,2.39,359,2.7,344,2.75,343,2.75,343
2489,2018/09/15 06:00UTC,1.43,252,0.57,211,0.6,341,0.59,88,0.54,92,0.28,326,0.52,347,0.52,346
2490,2018/09/15 12:00UTC,0.49,234,1.88,42,2.46,60,3.33,53,3.26,52,2.53,56,2.54,59,2.53,59
2491,2018/09/15 18:00UTC,0.48,29,1.46,55,1.65,59,2.0,54,1.97,54,1.62,57,1.67,57,1.67,58
2492,2018/09/16 00:00UTC,0.55,99,1.48,110,1.87,109,2.21,98,2.15,98,1.81,110,1.87,108,1.87,108
2493,2018/09/16 06:00UTC,1.82,143,1.89,120,2.03,117,2.09,108,2.07,109,1.99,117,2.0,115,2.0,115
2494,2018/09/16 12:00UTC,1.69,152,1.45,101,1.51,102,1.53,82,1.54,82,1.55,98,1.48,99,1.48,99
2495,2018/09/16 18:00UTC,0.53,325,0.96,345,0.95,323,2.08,359,1.99,358,1.0,335,1.02,329,1.02,329
2496,2018/09/17 00:00UTC,0.67,233,1.19,122,0.28,116,1.23,92,1.21,95,0.57,119,0.37,113,0.38,113
2497,2018/09/17 06:00UTC,1.62,149,1.6,136,1.53,138,1.57,143,1.56,142,1.53,140,1.5,138,1.5,138
2498,2018/09/17 12:00UTC,3.83,169,2.8,175,3.23,180,2.88,188,2.87,187,3.06,179,3.14,181,3.14,181
2499,2018/09/17 18:00UTC,1.26,150,1.07,138,1.38,222,1.36,189,1.3,188,1.14,213,1.36,225,1.36,225
2500,2018/09/18 00:00UTC,3.44,189,3.06,191,3.8,202,3.59,199,3.55,199,3.61,200,3.76,202,3.76,202
2501,2018/09/18 06:00UTC,3.07,225,3.04,217,3.23,219,3.33,214,3.31,214,3.21,218,3.2,219,3.2,219
2502,2018/09/18 12:00UTC,4.88,226,4.38,233,4.38,231,4.19,244,4.21,243,4.39,233,4.32,232,4.32,232
2503,2018/09/18 18:00UTC,2.15,202,1.55,226,1.97,200,1.98,248,1.93,246,1.78,210,1.95,201,1.95,201
2504,2018/09/19 00:00UTC,2.54,225,2.56,211,2.44,230,2.66,215,2.66,214,2.51,224,2.44,229,2.44,229
2505,2018/09/19 06:00UTC,3.76,208,2.88,223,2.93,217,2.61,230,2.63,229,2.9,220,2.87,218,2.87,218
2506,2018/09/19 12:00UTC,5.39,228,5.0,239,5.38,238,5.07,244,5.07,244,5.3,239,5.31,239,5.31,239
2507,2018/09/19 18:00UTC,2.84,223,1.94,241,2.08,241,1.91,253,1.89,252,1.98,243,2.05,242,2.05,242
2508,2018/09/20 00:00UTC,2.85,224,2.45,217,2.64,230,2.68,223,2.67,223,2.62,227,2.6,230,2.61,230
2509,2018/09/20 06:00UTC,2.94,202,2.45,209,2.42,207,2.38,213,2.39,213,2.43,208,2.38,207,2.39,207
2510,2018/09/20 12:00UTC,4.0,205,3.53,207,3.84,208,3.68,218,3.67,217,3.77,209,3.79,209,3.79,209
2511,2018/09/20 18:00UTC,3.52,196,2.83,201,2.9,202,2.72,215,2.71,214,2.85,202,2.87,202,2.87,202
2512,2018/09/21 00:00UTC,5.31,220,3.41,209,4.2,224,3.47,216,3.46,215,3.9,220,4.07,223,4.07,223
2513,2018/09/21 06:00UTC,7.58,270,6.71,218,7.34,233,6.72,220,6.72,219,7.1,227,7.24,231,7.24,231
2514,2018/09/21 12:00UTC,7.76,285,6.79,286,6.68,288,6.61,286,6.62,286,6.73,288,6.64,288,6.64,288
2515,2018/09/21 18:00UTC,5.26,274,4.24,276,4.12,277,3.65,273,3.68,273,4.05,276,4.08,277,4.08,277
2516,2018/09/22 00:00UTC,3.23,251,2.4,264,1.87,265,1.68,271,1.71,271,1.95,265,1.83,266,1.84,266
2517,2018/09/22 06:00UTC,3.5,220,2.8,216,2.57,208,2.57,202,2.57,203,2.63,210,2.55,208,2.55,208
2518,2018/09/22 12:00UTC,3.48,233,4.48,222,3.8,223,4.18,220,4.23,221,4.2,223,3.83,223,3.84,223
2519,2018/09/22 18:00UTC,4.96,166,4.02,176,5.66,202,4.7,200,4.61,198,4.99,195,5.52,201,5.51,201
2520,2018/09/23 00:00UTC,5.48,238,5.56,225,5.86,231,5.74,228,5.78,228,5.98,229,5.82,230,5.82,230
2521,2018/09/23 06:00UTC,7.1,239,6.61,236,7.42,236,7.21,230,7.17,231,7.27,235,7.34,235,7.34,235
2522,2018/09/23 12:00UTC,8.45,270,8.95,241,9.26,243,8.87,235,8.86,236,9.17,241,9.14,242,9.14,242
2523,2018/09/23 18:00UTC,5.92,346,5.81,349,6.88,345,5.62,340,5.62,340,6.48,345,6.73,344,6.73,344
2524,2018/09/24 00:00UTC,2.69,336,3.25,346,2.75,346,2.82,351,2.84,351,2.85,346,2.76,346,2.76,346
2525,2018/09/24 06:00UTC,2.93,3,2.69,5,3.07,355,2.73,7,2.71,7,2.86,357,3.02,356,3.01,356
2526,2018/09/24 12:00UTC,3.05,1,3.56,17,3.71,26,4.17,31,4.12,30,3.74,25,3.73,27,3.73,27
2527,2018/09/24 18:00UTC,3.5,3,3.07,26,3.0,22,3.46,29,3.43,29,3.06,25,3.0,24,3.0,24
2528,2018/09/25 00:00UTC,4.17,45,4.53,43,4.49,41,4.75,41,4.74,41,4.55,41,4.51,41,4.51,41
2529,2018/09/25 06:00UTC,2.78,67,2.97,61,3.2,60,3.2,55,3.18,56,3.13,60,3.21,60,3.21,60
2530,2018/09/25 12:00UTC,4.28,70,5.12,62,5.63,63,6.23,59,6.16,59,5.59,62,5.65,62,5.65,62
2531,2018/09/25 18:00UTC,3.21,54,3.1,49,3.1,51,3.16,43,3.16,44,3.1,50,3.11,50,3.11,50
2532,2018/09/26 00:00UTC,2.51,89,2.78,88,2.98,82,2.9,81,2.9,81,2.92,84,2.97,82,2.97,82
2533,2018/09/26 06:00UTC,1.18,60,1.49,66,1.89,66,2.0,72,1.96,71,1.77,67,1.9,66,1.89,66
2534,2018/09/26 12:00UTC,1.77,108,1.55,102,2.41,97,2.4,89,2.34,89,2.2,97,2.38,95,2.38,96
2535,2018/09/26 18:00UTC,1.53,35,1.31,47,1.76,55,1.95,52,1.9,52,1.61,55,1.78,54,1.77,54
2536,2018/09/27 00:00UTC,0.87,114,1.36,130,1.64,124,1.67,121,1.65,122,1.58,128,1.62,124,1.62,124
2537,2018/09/27 06:00UTC,1.03,132,1.12,124,1.1,127,1.01,141,1.01,139,1.08,128,1.07,126,1.07,126
2538,2018/09/27 12:00UTC,1.49,239,1.6,250,1.34,238,1.08,238,1.11,240,1.34,242,1.31,240,1.31,240
2539,2018/09/27 18:00UTC,1.74,16,1.25,349,1.23,268,1.74,317,1.7,317,1.11,289,1.24,273,1.24,273
2540,2018/09/28 00:00UTC,1.14,356,0.96,53,1.19,49,1.24,71,1.22,70,1.15,57,1.16,52,1.16,52
2541,2018/09/28 06:00UTC,2.47,5,2.33,15,2.78,24,2.64,31,2.61,30,2.66,23,2.73,24,2.73,24
2542,2018/09/28 12:00UTC,5.4,28,4.65,7,4.51,14,4.48,7,4.49,7,4.52,11,4.47,14,4.47,14
2543,2018/09/28 18:00UTC,5.37,32,5.34,27,4.93,28,5.43,20,5.42,21,5.07,27,4.92,28,4.93,28
2544,2018/09/29 00:00UTC,4.47,46,4.52,40,4.51,43,4.71,35,4.68,35,4.48,41,4.52,42,4.52,42
2545,2018/09/29 06:00UTC,4.59,50,4.34,42,4.37,40,4.23,36,4.22,36,4.29,39,4.34,40,4.34,40
2546,2018/09/29 12:00UTC,4.67,60,5.09,54,5.4,54,5.71,51,5.67,51,5.4,54,5.39,54,5.4,54
2547,2018/09/29 18:00UTC,2.91,35,2.49,38,2.57,38,2.72,32,2.7,32,2.54,38,2.57,38,2.57,38
2548,2018/09/30 00:00UTC,1.53,18,1.61,21,1.97,21,1.91,37,1.89,36,1.87,22,1.95,23,1.95,23
2549,2018/09/30 06:00UTC,1.81,343,1.51,17,2.12,8,1.74,35,1.72,34,1.9,11,2.05,10,2.05,10
2550,2018/09/30 12:00UTC,2.86,352,3.05,349,3.16,352,3.19,352,3.18,352,3.18,351,3.13,351,3.13,351
2551,2018/09/30 18:00UTC,4.57,319,2.9,326,3.9,320,2.32,322,2.34,322,3.47,320,3.71,320,3.71,320
2552,2018/10/01 00:00UTC,3.35,333,2.55,328,2.96,312,2.8,319,2.78,319,2.81,315,2.91,313,2.91,313
2553,2018/10/01 06:00UTC,3.44,338,3.96,346,4.15,345,3.89,347,3.87,347,4.0,346,4.09,345,4.09,345
2554,2018/10/01 12:00UTC,5.2,342,5.03,347,5.18,351,5.45,354,5.41,353,5.13,350,5.16,352,5.16,352
2555,2018/10/01 18:00UTC,2.89,342,3.21,344,3.19,341,3.17,340,3.16,340,3.17,341,3.19,341,3.19,341
2556,2018/10/02 00:00UTC,2.66,248,1.37,270,1.85,296,1.21,322,1.19,318,1.66,291,1.78,297,1.78,297
2557,2018/10/02 06:00UTC,4.49,256,3.67,245,3.77,261,3.05,238,3.09,239,3.68,255,3.67,260,3.68,259
2558,2018/10/02 12:00UTC,4.38,258,4.87,241,4.89,250,5.06,251,5.05,250,4.92,247,4.84,249,4.84,249
2559,2018/10/02 18:00UTC,3.74,276,3.56,245,3.92,254,3.97,246,3.95,245,3.88,250,3.89,253,3.89,253
2560,2018/10/03 00:00UTC,3.61,290,3.04,282,3.34,280,3.3,264,3.27,265,3.27,279,3.32,279,3.32,279
2561,2018/10/03 06:00UTC,2.56,301,2.42,301,3.04,304,2.71,297,2.69,297,2.86,302,3.0,304,3.0,304
2562,2018/10/03 12:00UTC,2.65,328,2.96,331,2.87,341,3.04,337,3.04,336,2.95,338,2.84,341,2.85,341
2563,2018/10/03 18:00UTC,2.32,337,2.36,12,2.66,359,2.5,15,2.48,15,2.55,2,2.62,360,2.62,360
2564,2018/10/04 00:00UTC,1.03,342,1.04,100,0.9,57,1.51,81,1.47,82,0.94,75,0.93,64,0.93,64
2565,2018/10/04 06:00UTC,0.59,112,1.46,95,1.63,82,2.15,71,2.09,72,1.62,84,1.67,81,1.67,81
2566,2018/10/04 12:00UTC,1.99,107,2.45,76,2.99,81,3.37,70,3.32,70,2.94,78,3.0,80,3.0,80
2567,2018/10/04 18:00UTC,1.61,76,1.95,75,2.28,75,2.47,69,2.43,69,2.21,75,2.28,75,2.28,75
2568,2018/10/05 00:00UTC,2.24,126,2.3,122,2.72,117,2.48,123,2.47,122,2.59,119,2.66,117,2.66,117
2569,2018/10/05 06:00UTC,1.7,143,2.05,144,2.33,143,2.38,148,2.36,148,2.29,144,2.29,143,2.29,143
2570,2018/10/05 12:00UTC,2.89,180,2.85,205,3.46,200,3.08,199,3.08,199,3.31,202,3.41,201,3.41,201
2571,2018/10/05 18:00UTC,1.67,172,0.67,140,0.82,199,0.82,152,0.77,153,0.68,193,0.74,201,0.74,201
2572,2018/10/06 00:00UTC,1.78,206,2.28,199,2.64,206,2.93,203,2.88,203,2.61,205,2.62,206,2.62,206
2573,2018/10/06 06:00UTC,3.33,189,3.59,190,3.64,195,3.85,194,3.83,194,3.67,194,3.65,195,3.65,195
2574,2018/10/06 12:00UTC,4.02,211,4.97,213,5.61,212,5.7,216,5.66,216,5.52,213,5.59,213,5.59,213
2575,2018/10/06 18:00UTC,1.63,211,1.97,236,3.11,217,2.89,240,2.85,239,2.81,223,3.07,219,3.07,219
2576,2018/10/07 00:00UTC,3.8,61,2.15,160,2.78,146,3.33,170,3.29,170,2.77,156,2.82,149,2.81,149
2577,2018/10/07 06:00UTC,4.91,38,1.4,85,2.27,76,2.78,112,2.66,112,1.99,86,2.27,80,2.26,80
2578,2018/10/07 12:00UTC,4.98,25,4.23,14,4.43,22,2.93,27,3.03,25,4.27,19,4.26,22,4.26,22
2579,2018/10/07 18:00UTC,2.63,8,2.69,359,2.61,1,2.87,0,2.85,0,2.62,360,2.62,1,2.62,1
2580,2018/10/08 00:00UTC,2.37,347,2.96,351,3.0,352,3.08,355,3.07,355,3.01,351,2.99,352,2.99,352
2581,2018/10/08 06:00UTC,1.47,349,2.33,2,2.6,3,2.58,9,2.57,8,2.55,3,2.59,4,2.58,4
2582,2018/10/08 12:00UTC,2.58,1,3.27,7,3.35,16,3.64,17,3.62,17,3.4,14,3.36,16,3.36,16
2583,2018/10/08 18:00UTC,0.85,16,1.8,13,1.95,21,2.42,18,2.38,18,1.95,17,1.98,21,1.98,21
2584,2018/10/09 00:00UTC,0.51,81,1.14,60,1.6,61,1.77,62,1.73,62,1.49,61,1.62,60,1.61,60
2585,2018/10/09 06:00UTC,1.57,124,1.57,105,1.97,100,2.1,105,2.06,105,1.87,102,1.96,100,1.96,100
2586,2018/10/09 12:00UTC,2.94,131,2.92,114,3.69,115,3.52,104,3.5,105,3.53,113,3.64,113,3.64,114
2587,2018/10/09 18:00UTC,1.87,91,2.27,90,2.78,84,2.8,80,2.77,80,2.67,85,2.76,84,2.76,84
2588,2018/10/10 00:00UTC,1.97,108,2.1,118,2.45,116,2.38,130,2.36,129,2.36,119,2.41,117,2.41,117
2589,2018/10/10 06:00UTC,1.76,107,1.61,101,1.71,117,1.64,100,1.63,100,1.65,113,1.67,115,1.67,115
2590,2018/10/10 12:00UTC,3.67,115,3.97,119,4.65,108,4.81,114,4.76,114,4.49,111,4.63,108,4.62,108
2591,2018/10/10 18:00UTC,2.83,114,2.75,124,3.22,131,3.48,118,3.43,119,3.18,128,3.24,130,3.24,130
2592,2018/10/11 00:00UTC,3.94,174,4.4,182,4.56,182,5.24,181,5.18,181,4.6,183,4.54,182,4.54,182
2593,2018/10/11 06:00UTC,5.02,150,4.84,152,5.15,150,5.48,153,5.43,153,5.11,151,5.1,150,5.1,150
2594,2018/10/11 12:00UTC,7.06,176,6.19,178,7.19,184,6.61,182,6.6,182,6.97,183,7.07,184,7.07,184
2595,2018/10/11 18:00UTC,4.35,192,3.3,170,4.03,197,2.49,188,2.52,187,3.51,190,3.92,197,3.91,197
2596,2018/10/12 00:00UTC,2.99,182,2.66,182,2.8,176,2.72,180,2.71,180,2.75,177,2.8,177,2.8,176
2597,2018/10/12 06:00UTC,3.87,169,3.36,170,3.59,166,3.17,160,3.17,161,3.52,167,3.5,165,3.5,165
2598,2018/10/12 12:00UTC,7.04,191,6.24,194,7.73,202,6.51,203,6.51,202,7.3,200,7.58,202,7.58,202
2599,2018/10/12 18:00UTC,3.39,183,2.8,181,2.93,185,2.05,195,2.1,194,2.83,185,2.86,185,2.86,185
2600,2018/10/13 00:00UTC,3.18,162,3.05,160,3.18,162,3.11,168,3.1,167,3.14,162,3.15,162,3.15,162
2601,2018/10/13 06:00UTC,4.11,171,3.32,171,3.61,171,3.42,168,3.41,169,3.52,172,3.53,171,3.53,171
2602,2018/10/13 12:00UTC,4.95,170,4.1,163,4.39,175,3.83,170,3.85,170,4.26,172,4.28,175,4.28,175
2603,2018/10/13 18:00UTC,3.16,163,3.14,154,2.73,164,3.24,153,3.23,153,2.88,160,2.7,163,2.71,163
2604,2018/10/14 00:00UTC,2.33,155,2.31,170,2.5,172,2.62,183,2.58,183,2.44,174,2.48,174,2.48,174
2605,2018/10/14 06:00UTC,4.0,155,4.25,151,4.28,149,4.9,151,4.84,151,4.34,150,4.24,149,4.24,149
2606,2018/10/14 12:00UTC,5.13,182,5.37,174,5.24,185,5.82,178,5.78,178,5.34,182,5.21,185,5.22,185
2607,2018/10/15 00:00UTC,4.2,183,4.21,177,4.35,176,4.97,173,4.9,173,4.37,176,4.27,175,4.27,175
2608,2018/10/15 06:00UTC,3.34,163,2.92,157,2.84,160,2.88,152,2.87,152,2.85,158,2.78,159,2.78,159
2609,2018/10/15 12:00UTC,3.96,172,5.92,174,5.22,166,6.97,166,6.92,167,5.69,168,5.33,166,5.34,166
2610,2018/10/15 18:00UTC,1.12,125,2.43,138,2.55,178,2.65,181,2.61,179,2.37,174,2.58,178,2.57,178
2611,2018/10/16 00:00UTC,1.09,174,0.81,59,1.99,166,0.11,215,0.07,192,1.17,158,1.82,165,1.81,165
2612,2018/10/16 06:00UTC,1.85,128,1.3,96,1.81,143,1.21,114,1.23,114,1.61,131,1.75,140,1.75,140
2613,2018/10/16 12:00UTC,2.75,208,2.05,233,2.62,220,2.06,232,2.09,231,2.48,223,2.54,222,2.54,222
2614,2018/10/16 18:00UTC,2.64,265,1.49,284,2.95,278,1.92,302,1.94,301,2.64,281,2.92,279,2.91,279
2615,2018/10/17 00:00UTC,1.08,306,1.57,313,1.32,314,1.43,309,1.44,309,1.42,312,1.31,313,1.32,313
2616,2018/10/17 06:00UTC,0.74,332,1.82,13,1.71,11,2.0,10,1.99,10,1.77,11,1.74,12,1.74,12
2617,2018/10/17 12:00UTC,1.65,45,2.55,35,2.76,49,3.43,42,3.37,41,2.81,45,2.81,48,2.81,48
2618,2018/10/17 18:00UTC,2.91,17,3.23,12,3.05,10,3.06,22,3.07,21,3.07,11,3.03,11,3.03,10
2619,2018/10/18 00:00UTC,3.71,28,3.74,16,3.62,22,3.53,20,3.54,19,3.59,20,3.59,22,3.59,22
2620,2018/10/18 06:00UTC,4.25,32,4.7,20,4.98,24,4.6,19,4.61,19,4.86,22,4.93,24,4.93,24
2621,2018/10/18 12:00UTC,4.55,29,4.04,28,4.41,32,4.6,40,4.55,39,4.33,32,4.39,33,4.39,33
2622,2018/10/18 18:00UTC,4.67,33,5.36,20,5.33,23,5.89,16,5.86,16,5.39,21,5.36,23,5.36,23
2623,2018/10/19 00:00UTC,3.79,28,3.4,20,3.7,24,3.47,24,3.46,23,3.57,22,3.66,24,3.66,24
2624,2018/10/19 06:00UTC,2.53,30,2.34,22,2.63,21,2.56,19,2.55,19,2.53,20,2.61,21,2.61,21
2625,2018/10/19 12:00UTC,3.27,20,3.36,21,3.96,24,4.16,30,4.1,29,3.86,23,3.95,24,3.95,24
2626,2018/10/19 18:00UTC,3.75,12,3.99,8,3.9,11,4.01,12,4.01,12,3.9,10,3.89,11,3.89,11
2627,2018/10/20 00:00UTC,3.56,22,3.92,14,3.87,19,3.77,15,3.79,15,3.85,17,3.85,19,3.85,19
2628,2018/10/20 06:00UTC,2.83,39,2.98,25,3.11,30,2.93,26,2.93,26,3.04,28,3.09,30,3.09,30
2629,2018/10/20 12:00UTC,3.43,39,4.14,32,4.48,40,4.71,38,4.68,37,4.45,38,4.49,40,4.48,40
2630,2018/10/20 18:00UTC,2.55,33,2.61,25,2.61,31,2.84,26,2.81,26,2.61,29,2.61,31,2.61,31
2631,2018/10/21 00:00UTC,1.95,27,2.31,19,2.62,30,2.67,28,2.65,28,2.55,27,2.62,30,2.61,30
2632,2018/10/21 06:00UTC,1.47,47,1.97,48,2.33,43,2.48,47,2.44,47,2.24,43,2.33,43,2.33,43
2633,2018/10/21 12:00UTC,2.13,43,2.7,44,3.05,44,3.56,45,3.5,44,3.04,43,3.08,44,3.08,44
2634,2018/10/21 18:00UTC,2.58,25,3.01,21,3.14,20,3.19,23,3.18,23,3.12,20,3.12,20,3.12,20
2635,2018/10/22 00:00UTC,2.98,353,3.11,8,3.45,7,3.44,14,3.42,14,3.36,7,3.4,8,3.4,8
2636,2018/10/22 06:00UTC,4.29,11,3.62,8,4.02,6,3.71,11,3.7,10,3.85,6,3.95,6,3.95,6
2637,2018/10/22 12:00UTC,6.08,17,6.41,11,6.7,18,6.99,19,6.97,18,6.7,16,6.69,18,6.69,18
2638,2018/10/22 18:00UTC,4.2,16,5.22,12,5.02,15,6.19,15,6.12,14,5.18,14,5.1,15,5.1,15
2639,2018/10/23 00:00UTC,3.76,13,4.26,19,4.46,20,4.5,23,4.49,23,4.41,20,4.45,20,4.45,20
2640,2018/10/23 06:00UTC,1.92,296,1.68,336,2.24,344,2.01,0,1.99,359,2.1,344,2.19,346,2.19,346
2641,2018/10/23 12:00UTC,4.57,293,3.37,293,3.18,309,2.86,313,2.88,311,3.18,306,3.11,310,3.11,309
2642,2018/10/23 18:00UTC,4.15,292,3.08,284,3.21,290,2.89,270,2.9,271,3.16,287,3.15,289,3.15,289
2643,2018/10/24 00:00UTC,3.27,294,2.78,303,3.04,316,2.7,301,2.7,301,2.97,312,2.96,315,2.96,315
2644,2018/10/24 06:00UTC,2.73,296,2.42,310,2.74,326,1.88,309,1.93,310,2.63,322,2.64,325,2.64,325
2645,2018/10/24 12:00UTC,3.29,345,3.29,357,3.56,358,3.55,2,3.54,2,3.57,359,3.53,358,3.53,358
2646,2018/10/24 18:00UTC,0.22,246,0.59,39,1.06,54,1.61,40,1.54,41,0.99,53,1.1,55,1.1,55
2647,2018/10/25 00:00UTC,2.16,307,0.81,232,0.93,269,0.44,178,0.45,185,0.85,256,0.85,263,0.85,263
2648,2018/10/25 06:00UTC,1.76,271,1.74,286,1.46,301,1.37,266,1.4,268,1.55,294,1.44,298,1.45,298
2649,2018/10/25 12:00UTC,1.94,313,1.95,339,2.09,348,2.08,346,2.09,346,2.15,348,2.08,347,2.08,347
2650,2018/10/25 18:00UTC,1.48,325,1.72,12,2.07,27,2.32,30,2.31,29,2.1,25,2.1,27,2.09,27
2651,2018/10/26 00:00UTC,1.23,299,0.77,353,1.49,351,0.26,159,0.17,152,1.15,348,1.37,353,1.37,353
2652,2018/10/26 06:00UTC,2.52,243,1.59,268,1.76,295,1.44,267,1.45,268,1.7,288,1.7,295,1.7,295
2653,2018/10/26 12:00UTC,3.82,266,3.22,264,3.63,273,3.27,277,3.28,277,3.54,271,3.57,273,3.57,273
2654,2018/10/26 18:00UTC,3.89,310,4.1,307,4.87,315,2.94,276,2.99,279,4.48,311,4.66,313,4.66,313
2655,2018/10/27 00:00UTC,2.31,312,2.5,327,2.86,320,2.81,321,2.79,321,2.77,321,2.83,320,2.83,320
2656,2018/10/27 06:00UTC,2.09,297,2.04,325,2.73,327,2.18,337,2.18,337,2.52,328,2.67,328,2.67,328
2657,2018/10/27 12:00UTC,2.4,348,2.53,358,2.81,358,3.02,5,2.99,5,2.77,359,2.8,359,2.8,359
2658,2018/10/27 18:00UTC,3.51,8,2.82,359,2.74,354,2.63,357,2.63,357,2.71,355,2.68,355,2.68,355
2659,2018/10/28 00:00UTC,3.01,9,3.56,6,3.54,1,3.67,3,3.66,3,3.54,2,3.54,1,3.54,1
2660,2018/10/28 06:00UTC,5.1,30,5.47,27,5.65,26,5.7,25,5.67,25,5.58,26,5.63,26,5.63,26
2661,2018/10/28 12:00UTC,8.89,38,8.63,37,8.95,35,9.06,40,9.04,40,8.95,36,8.89,35,8.89,35
2662,2018/10/28 18:00UTC,7.99,33,7.37,34,7.96,34,7.5,35,7.48,35,7.78,34,7.87,34,7.87,34
2663,2018/10/29 00:00UTC,6.99,36,6.3,36,6.57,36,5.67,40,5.72,39,6.41,36,6.47,37,6.47,37
2664,2018/10/29 06:00UTC,5.6,32,4.78,31,5.45,32,4.88,35,4.86,35,5.15,32,5.38,33,5.37,33
2665,2018/10/29 12:00UTC,5.36,23,5.39,22,5.59,18,5.61,25,5.59,24,5.57,20,5.55,19,5.55,19
2666,2018/10/29 18:00UTC,5.89,10,7.06,357,6.77,355,7.0,351,7.01,352,6.92,355,6.76,354,6.76,354
2667,2018/10/30 00:00UTC,5.12,1,4.6,340,4.46,339,3.97,323,3.99,324,4.42,337,4.37,338,4.38,338
2668,2018/10/30 06:00UTC,5.17,293,4.36,241,4.82,265,5.66,242,5.57,242,4.67,256,4.8,261,4.8,261
2669,2018/10/30 12:00UTC,7.56,262,7.91,243,7.91,250,8.31,237,8.29,237,8.05,247,7.89,248,7.9,248
2670,2018/10/30 18:00UTC,2.45,240,4.47,203,4.37,207,4.92,196,4.92,196,4.61,205,4.4,206,4.41,206
2671,2018/10/31 00:00UTC,2.37,198,2.94,185,2.95,174,3.09,167,3.08,168,3.0,176,2.93,173,2.93,173
2672,2018/10/31 06:00UTC,1.93,112,2.0,93,2.41,100,2.22,92,2.2,91,2.25,97,2.37,99,2.37,99
2673,2018/10/31 12:00UTC,3.71,111,3.41,135,3.91,121,4.17,153,4.08,151,3.75,126,3.82,123,3.82,123
2674,2018/10/31 18:00UTC,4.6,112,4.51,111,4.45,110,4.12,115,4.15,114,4.48,110,4.35,109,4.35,109
2675,2018/11/01 00:00UTC,4.97,156,5.07,156,5.89,163,5.31,162,5.29,161,5.67,162,5.79,163,5.79,163
2676,2018/11/01 06:00UTC,3.87,178,4.33,170,4.17,177,4.63,169,4.61,169,4.29,175,4.16,176,4.16,176
2677,2018/11/01 12:00UTC,3.6,220,4.79,208,4.29,218,5.38,212,5.33,211,4.57,214,4.33,217,4.33,217
2678,2018/11/01 18:00UTC,2.58,246,3.57,210,3.57,223,3.73,209,3.73,209,3.62,218,3.58,222,3.58,222
2679,2018/11/02 00:00UTC,1.83,260,2.15,222,1.91,232,2.44,220,2.42,220,2.05,228,1.94,229,1.94,229
2680,2018/11/02 06:00UTC,1.79,336,1.49,348,2.21,338,1.73,341,1.72,342,2.01,339,2.14,339,2.14,339
2681,2018/11/02 12:00UTC,2.69,360,3.83,7,3.75,12,3.8,4,3.82,4,3.84,10,3.73,11,3.73,11
2682,2018/11/02 18:00UTC,1.61,354,2.31,9,2.39,5,2.99,11,2.94,11,2.43,6,2.42,5,2.42,5
2683,2018/11/03 00:00UTC,0.63,109,1.3,44,1.4,54,2.0,46,1.95,46,1.42,51,1.44,53,1.44,53
2684,2018/11/03 06:00UTC,1.4,155,1.3,73,1.29,86,1.85,49,1.81,50,1.31,77,1.32,81,1.32,81
2685,2018/11/03 12:00UTC,2.13,145,2.04,72,2.32,82,2.93,55,2.87,56,2.33,76,2.35,79,2.35,79
2686,2018/11/03 18:00UTC,1.68,126,1.56,87,1.87,93,1.86,70,1.84,71,1.76,90,1.84,90,1.84,90
2687,2018/11/04 00:00UTC,1.72,168,1.26,144,1.74,138,1.59,125,1.56,126,1.59,139,1.69,136,1.68,136
2688,2018/11/04 06:00UTC,2.36,135,2.12,128,2.43,129,2.09,132,2.09,131,2.33,129,2.37,128,2.37,128
2689,2018/11/04 12:00UTC,3.37,150,2.89,155,2.83,159,2.74,158,2.75,158,2.88,158,2.78,159,2.78,159
2690,2018/11/04 18:00UTC,2.63,115,2.81,109,3.06,110,3.08,105,3.06,105,3.02,109,3.04,109,3.04,109
2691,2018/11/05 00:00UTC,3.22,118,2.85,112,2.89,121,2.64,124,2.65,123,2.85,119,2.83,120,2.83,120
2692,2018/11/05 06:00UTC,2.87,104,2.75,104,3.2,105,3.05,105,3.04,105,3.12,104,3.14,104,3.14,104
2693,2018/11/05 12:00UTC,3.74,139,4.14,151,3.63,143,4.66,160,4.63,159,3.95,148,3.6,145,3.61,145
2694,2018/11/05 18:00UTC,2.0,108,2.99,121,2.56,111,3.66,125,3.59,125,2.76,116,2.58,112,2.59,112
2695,2018/11/06 00:00UTC,3.0,150,3.18,141,2.52,143,4.48,138,4.37,138,2.89,142,2.58,142,2.59,142
2696,2018/11/06 06:00UTC,1.24,134,1.85,146,1.95,140,2.16,123,2.12,125,1.95,142,1.97,139,1.97,139
2697,2018/11/06 12:00UTC,6.84,185,7.44,191,7.83,185,8.41,188,8.36,189,7.94,187,7.79,185,7.8,185
2698,2018/11/06 18:00UTC,4.93,179,3.75,179,3.71,174,3.12,172,3.17,173,3.64,176,3.62,174,3.62,174
2699,2018/11/07 00:00UTC,5.61,171,4.48,167,5.31,174,4.54,172,4.54,172,5.02,172,5.17,173,5.17,173
2700,2018/11/07 06:00UTC,7.72,183,5.8,179,6.36,186,5.65,174,5.65,174,6.18,183,6.13,185,6.14,185
2701,2018/11/07 12:00UTC,7.36,189,7.26,193,8.11,200,7.75,200,7.73,199,7.98,199,8.0,200,8.01,200
2702,2018/11/07 18:00UTC,5.21,189,4.13,192,5.4,196,4.36,199,4.35,198,5.01,196,5.31,196,5.31,196
2703,2018/11/08 00:00UTC,3.65,238,3.46,245,3.65,239,3.8,241,3.78,241,3.67,241,3.65,239,3.65,239
2704,2018/11/08 06:00UTC,2.98,179,2.49,172,2.72,165,2.52,163,2.52,163,2.65,166,2.67,164,2.67,164
2705,2018/11/08 12:00UTC,3.36,159,2.55,138,3.23,138,3.09,125,3.06,126,3.06,136,3.17,136,3.17,136
2706,2018/11/08 18:00UTC,4.02,113,3.75,105,4.21,107,3.87,103,3.87,103,4.09,106,4.13,106,4.13,106
2707,2018/11/09 00:00UTC,2.7,133,2.67,141,2.85,144,2.8,150,2.79,149,2.81,144,2.8,145,2.8,145
2708,2018/11/09 06:00UTC,2.73,173,1.93,171,2.35,183,2.08,173,2.07,173,2.19,179,2.27,182,2.27,182
2709,2018/11/09 12:00UTC,4.89,187,4.14,182,4.45,191,4.25,190,4.23,190,4.35,189,4.35,191,4.36,191
2710,2018/11/09 18:00UTC,5.39,167,4.14,171,5.02,174,3.91,172,3.93,172,4.7,173,4.86,174,4.86,174
2711,2018/11/10 00:00UTC,8.86,186,7.47,185,8.76,190,7.56,187,7.55,187,8.38,188,8.54,189,8.54,189
2712,2018/11/10 06:00UTC,6.9,202,6.54,199,7.06,207,6.62,201,6.61,201,6.93,205,6.95,207,6.95,207
2713,2018/11/10 12:00UTC,5.87,204,5.54,206,6.52,208,7.06,208,6.96,208,6.41,208,6.5,208,6.5,208
2714,2018/11/10 18:00UTC,5.33,184,5.6,194,6.18,192,5.87,199,5.86,199,6.1,193,6.15,192,6.15,192
2715,2018/11/11 00:00UTC,5.94,189,5.91,190,7.01,194,6.3,193,6.29,193,6.76,193,6.91,194,6.91,194
2716,2018/11/11 06:00UTC,6.84,205,6.43,205,6.92,207,6.3,204,6.31,204,6.84,206,6.82,207,6.82,207
2717,2018/11/11 12:00UTC,6.48,207,5.88,201,6.5,204,4.5,217,4.56,216,6.26,204,6.19,205,6.2,205
2718,2018/11/11 18:00UTC,2.71,207,1.89,204,2.27,202,2.35,213,2.3,212,2.16,203,2.26,202,2.25,202
2719,2018/11/12 00:00UTC,1.81,172,1.27,153,1.31,169,1.02,160,1.04,160,1.27,165,1.27,167,1.27,167
2720,2018/11/12 06:00UTC,1.77,212,1.55,360,1.89,331,0.44,177,0.25,171,1.6,339,1.82,334,1.82,334
2721,2018/11/12 12:00UTC,3.65,203,1.45,262,2.49,219,2.11,273,2.03,273,2.03,232,2.3,223,2.3,223
2722,2018/11/12 18:00UTC,2.96,191,1.85,188,2.44,196,1.31,212,1.34,209,2.18,196,2.33,197,2.33,197
2723,2018/11/13 00:00UTC,4.16,218,3.53,202,3.71,204,3.5,205,3.51,204,3.69,203,3.67,203,3.67,203
2724,2018/11/13 06:00UTC,3.71,220,3.29,218,3.72,224,3.7,216,3.67,217,3.68,223,3.71,224,3.71,224
2725,2018/11/13 12:00UTC,4.52,246,4.27,240,4.46,246,3.78,241,3.82,241,4.39,244,4.38,246,4.38,246
2726,2018/11/13 18:00UTC,2.61,198,2.3,185,2.15,192,2.46,179,2.45,180,2.21,190,2.14,191,2.14,191
2727,2018/11/14 00:00UTC,1.72,175,1.71,159,1.66,160,1.85,144,1.83,145,1.69,159,1.64,158,1.64,158
2728,2018/11/14 06:00UTC,2.16,157,2.1,137,2.42,131,2.35,125,2.33,126,2.32,132,2.38,130,2.38,130
2729,2018/11/14 12:00UTC,2.9,141,2.49,139,2.59,142,2.58,148,2.56,147,2.57,142,2.54,143,2.54,142
2730,2018/11/14 18:00UTC,2.1,133,2.11,126,2.22,130,2.08,126,2.08,126,2.19,128,2.18,129,2.18,129
2731,2018/11/15 00:00UTC,1.62,132,1.68,135,1.76,144,1.72,146,1.72,145,1.73,144,1.73,144,1.73,144
2732,2018/11/15 06:00UTC,1.33,132,1.45,135,1.68,132,1.74,137,1.72,137,1.64,134,1.64,132,1.65,132
2733,2018/11/15 12:00UTC,2.86,135,2.59,142,2.65,132,2.6,148,2.6,147,2.62,137,2.6,133,2.6,133
2734,2018/11/15 18:00UTC,2.01,113,2.1,100,2.25,105,2.14,103,2.14,103,2.22,103,2.23,104,2.23,104
2735,2018/11/16 00:00UTC,1.56,116,1.58,104,1.76,111,1.63,106,1.63,106,1.69,109,1.72,109,1.72,109
2736,2018/11/16 06:00UTC,1.55,91,1.72,83,1.85,87,1.66,91,1.67,90,1.8,86,1.83,87,1.83,87
2737,2018/11/16 12:00UTC,2.69,99,2.75,84,2.99,86,2.85,76,2.84,76,2.91,84,2.96,85,2.96,85
2738,2018/11/16 18:00UTC,2.45,78,2.39,72,2.62,69,2.66,64,2.64,64,2.55,69,2.62,68,2.62,68
2739,2018/11/17 00:00UTC,3.01,84,2.67,77,2.92,76,2.75,71,2.74,72,2.82,76,2.9,76,2.9,76
2740,2018/11/17 06:00UTC,2.9,82,2.5,73,2.57,74,2.3,66,2.3,67,2.49,73,2.55,74,2.55,74
2741,2018/11/17 12:00UTC,3.84,78,3.54,70,3.75,66,3.57,60,3.56,61,3.68,66,3.72,65,3.72,65
2742,2018/11/17 18:00UTC,4.52,79,4.28,77,4.38,77,3.86,72,3.89,73,4.33,76,4.35,76,4.35,76
2743,2018/11/18 00:00UTC,3.78,71,3.63,73,4.25,72,4.14,71,4.11,71,4.08,72,4.22,72,4.22,72
2744,2018/11/18 06:00UTC,4.85,70,4.6,69,4.68,65,4.17,65,4.2,66,4.62,66,4.63,65,4.63,65
2745,2018/11/18 12:00UTC,4.36,70,4.07,69,4.42,69,4.21,66,4.2,66,4.33,69,4.37,69,4.37,69
2746,2018/11/18 18:00UTC,4.78,49,3.75,50,4.01,54,3.39,51,3.41,51,3.86,54,3.96,55,3.96,55
2747,2018/11/19 00:00UTC,5.07,56,4.29,49,4.72,55,4.31,51,4.3,50,4.55,53,4.67,55,4.67,54
2748,2018/11/19 06:00UTC,5.26,56,4.33,45,4.81,50,4.41,44,4.4,44,4.61,48,4.78,49,4.78,49
2749,2018/11/19 12:00UTC,6.41,56,6.42,55,6.82,58,7.08,57,7.03,57,6.76,57,6.81,58,6.8,58
2750,2018/11/19 18:00UTC,5.23,38,4.31,29,4.42,35,4.47,32,4.44,32,4.32,33,4.41,35,4.41,35
2751,2018/11/20 00:00UTC,5.4,38,4.47,37,4.37,35,3.9,32,3.93,33,4.33,36,4.33,35,4.33,35
2752,2018/11/20 06:00UTC,5.24,54,3.75,66,2.99,55,2.31,60,2.4,61,3.07,59,2.91,56,2.92,56
2753,2018/11/20 12:00UTC,4.23,69,2.89,110,1.99,104,2.2,137,2.22,135,2.16,111,1.97,107,1.97,107
2754,2018/11/20 18:00UTC,1.37,166,2.25,199,2.41,193,2.55,204,2.55,204,2.43,197,2.41,194,2.41,194
2755,2018/11/21 00:00UTC,1.65,176,1.87,171,1.96,174,1.97,174,1.97,173,1.98,172,1.95,173,1.96,173
2756,2018/11/21 06:00UTC,2.44,180,1.56,193,2.01,177,1.17,179,1.2,181,1.82,183,1.91,178,1.91,178
2757,2018/11/21 12:00UTC,2.31,124,2.38,94,2.79,94,3.18,79,3.12,80,2.75,92,2.79,92,2.79,92
2758,2018/11/21 18:00UTC,1.48,68,1.57,57,1.86,64,1.94,51,1.91,52,1.76,61,1.85,63,1.84,63
2759,2018/11/22 00:00UTC,1.61,72,1.36,86,1.77,82,1.3,94,1.3,93,1.6,83,1.72,82,1.72,82
2760,2018/11/22 06:00UTC,1.2,90,1.0,102,1.67,98,1.54,114,1.5,114,1.48,102,1.63,99,1.63,99
2761,2018/11/22 12:00UTC,3.37,128,2.7,132,3.25,135,2.73,144,2.73,143,3.07,135,3.15,135,3.15,135
2762,2018/11/22 18:00UTC,1.84,114,2.15,117,2.37,128,2.52,132,2.49,131,2.34,126,2.34,128,2.35,128
2763,2018/11/23 00:00UTC,2.18,111,2.36,127,2.38,135,2.6,138,2.57,138,2.39,134,2.35,135,2.35,135
2764,2018/11/23 06:00UTC,1.98,109,1.85,110,2.12,119,2.0,126,1.98,124,2.03,118,2.08,119,2.08,119
2765,2018/11/23 12:00UTC,2.55,112,2.34,108,3.24,106,2.93,106,2.89,106,2.98,106,3.18,105,3.17,105
2766,2018/11/23 18:00UTC,2.48,82,2.58,94,2.31,98,2.75,124,2.71,122,2.4,99,2.3,100,2.31,100
2767,2018/11/24 00:00UTC,1.78,115,1.98,149,2.26,199,2.84,196,2.73,194,2.1,189,2.3,199,2.3,199
2768,2018/11/24 06:00UTC,4.15,210,4.35,203,4.86,209,4.61,202,4.6,202,4.76,207,4.83,209,4.83,209
2769,2018/11/24 12:00UTC,3.62,199,3.52,208,4.13,211,4.57,216,4.49,216,4.04,212,4.13,212,4.13,212
2770,2018/11/24 18:00UTC,2.31,149,1.94,156,2.27,170,2.17,173,2.14,172,2.14,167,2.2,171,2.2,171
2771,2018/11/25 00:00UTC,1.07,161,1.61,172,1.95,160,1.84,159,1.84,161,1.9,165,1.93,160,1.93,160
2772,2018/11/25 06:00UTC,3.22,87,3.36,103,3.86,110,3.16,108,3.19,108,3.74,108,3.78,110,3.78,110
2773,2018/11/25 12:00UTC,4.86,69,4.81,86,4.85,82,4.6,95,4.63,94,4.87,84,4.78,83,4.79,83
2774,2018/11/25 18:00UTC,4.75,49,4.03,52,4.25,52,3.12,54,3.2,54,4.14,53,4.15,53,4.16,53
2775,2018/11/26 00:00UTC,3.75,29,3.34,27,3.71,29,2.72,31,2.78,30,3.51,29,3.62,30,3.62,30
2776,2018/11/26 06:00UTC,3.11,12,2.71,19,3.14,9,2.3,17,2.33,17,2.92,11,3.04,10,3.04,10
2777,2018/11/26 12:00UTC,2.71,346,3.29,347,3.81,342,3.75,339,3.73,339,3.76,342,3.78,342,3.78,342
2778,2018/11/26 18:00UTC,1.82,332,2.71,327,2.9,326,3.19,323,3.16,323,2.92,325,2.92,326,2.92,326
2779,2018/11/27 00:00UTC,1.65,288,1.94,311,2.23,302,2.32,301,2.29,302,2.18,304,2.2,302,2.2,302
2780,2018/11/27 06:00UTC,0.79,236,0.19,251,1.29,280,1.0,253,0.95,254,1.02,277,1.24,279,1.24,279
2781,2018/11/27 12:00UTC,2.99,179,2.1,194,2.63,199,2.01,215,2.02,213,2.45,199,2.55,200,2.55,200
2782,2018/11/27 18:00UTC,5.56,166,4.21,161,4.79,172,3.95,165,3.97,165,4.57,169,4.67,171,4.67,171
2783,2018/11/28 00:00UTC,4.78,187,6.18,173,6.65,194,6.44,179,6.44,178,6.53,187,6.58,192,6.58,192
2784,2018/11/28 06:00UTC,3.14,202,3.93,189,4.29,216,4.64,201,4.59,201,4.17,210,4.26,215,4.26,215
2785,2018/11/28 12:00UTC,5.5,215,5.07,217,5.27,217,5.14,218,5.15,218,5.26,218,5.23,217,5.23,217
2786,2018/11/28 18:00UTC,6.51,199,4.54,195,4.82,196,3.98,191,4.02,192,4.69,196,4.68,196,4.69,196
2787,2018/11/29 00:00UTC,5.13,186,4.05,173,4.26,172,4.01,166,4.01,166,4.22,172,4.18,171,4.18,171
2788,2018/11/29 06:00UTC,5.87,176,3.73,167,4.36,180,3.72,172,3.7,171,4.14,177,4.18,180,4.18,180
2789,2018/11/29 12:00UTC,7.41,206,6.94,210,7.91,215,7.46,218,7.44,218,7.74,215,7.83,215,7.84,215
2790,2018/11/29 18:00UTC,4.83,198,4.13,195,4.89,203,4.56,200,4.53,200,4.65,201,4.84,203,4.83,203
2791,2018/11/30 00:00UTC,4.43,209,4.31,217,4.63,214,4.47,218,4.47,218,4.58,215,4.59,214,4.59,214
2792,2018/11/30 06:00UTC,3.95,199,3.61,198,4.53,213,3.53,206,3.55,206,4.29,210,4.4,213,4.4,213
2793,2018/11/30 12:00UTC,5.06,248,5.02,253,5.84,254,5.36,252,5.35,252,5.69,254,5.79,254,5.79,254
2794,2018/11/30 18:00UTC,3.42,229,2.92,221,3.27,228,3.08,218,3.07,218,3.18,226,3.22,227,3.22,227
2795,2018/12/01 00:00UTC,2.75,213,2.56,211,2.74,223,2.84,216,2.82,216,2.72,220,2.72,222,2.72,222
2796,2018/12/01 06:00UTC,4.55,191,3.96,194,4.59,196,4.2,197,4.2,197,4.46,196,4.52,196,4.52,196
2797,2018/12/01 12:00UTC,8.7,190,7.85,194,8.91,199,7.7,200,7.73,200,8.61,198,8.72,199,8.73,199
2798,2018/12/01 18:00UTC,6.86,204,7.33,206,8.54,208,8.32,207,8.28,207,8.42,208,8.47,208,8.47,208
2799,2018/12/02 00:00UTC,4.79,204,5.02,206,6.12,212,6.01,212,5.95,212,5.9,211,6.1,212,6.09,212
2800,2018/12/02 06:00UTC,6.26,236,6.0,231,6.81,241,6.89,228,6.82,229,6.63,238,6.75,240,6.75,240
2801,2018/12/02 12:00UTC,6.93,240,6.42,234,7.14,236,6.93,234,6.89,234,6.99,235,7.06,236,7.06,236
2802,2018/12/02 18:00UTC,6.21,229,5.87,234,6.67,236,6.7,234,6.66,234,6.6,235,6.64,236,6.64,236
2803,2018/12/03 00:00UTC,5.27,236,5.99,237,6.68,239,6.85,235,6.8,235,6.64,239,6.64,239,6.64,239
2804,2018/12/03 06:00UTC,4.87,229,4.85,225,5.74,229,5.61,227,5.57,227,5.56,228,5.71,228,5.7,228
2805,2018/12/03 12:00UTC,8.09,240,7.38,233,8.58,237,7.94,233,7.92,233,8.31,236,8.47,236,8.47,236
2806,2018/12/03 18:00UTC,5.05,256,4.29,246,5.07,252,4.47,244,4.45,244,4.81,250,4.99,251,4.99,251
2807,2018/12/04 00:00UTC,3.85,251,3.88,253,4.03,253,4.01,254,4.0,254,3.98,252,4.0,253,4.0,253
2808,2018/12/04 06:00UTC,1.76,288,2.53,251,3.38,256,3.09,248,3.07,248,3.21,254,3.34,256,3.34,255
2809,2018/12/04 12:00UTC,1.7,38,2.01,357,1.9,336,2.33,314,2.27,317,1.97,338,1.92,334,1.93,334
2810,2018/12/04 18:00UTC,1.83,97,1.66,91,1.26,119,1.18,112,1.21,109,1.34,107,1.23,118,1.23,118
2811,2018/12/05 00:00UTC,2.53,140,2.49,144,2.41,157,2.16,154,2.18,153,2.4,153,2.37,156,2.37,156
2812,2018/12/05 06:00UTC,2.75,171,2.07,172,2.78,179,2.05,172,2.06,172,2.55,178,2.67,178,2.67,178
2813,2018/12/05 12:00UTC,4.15,183,3.31,177,3.48,185,3.17,181,3.17,181,3.44,183,3.39,185,3.4,185
2814,2018/12/05 18:00UTC,4.18,193,3.6,188,4.12,197,3.72,193,3.72,193,4.04,196,4.04,197,4.04,197
2815,2018/12/06 00:00UTC,4.23,233,4.63,231,4.96,233,5.27,234,5.24,233,5.0,233,4.95,233,4.95,233
2816,2018/12/06 06:00UTC,1.7,232,1.53,210,2.54,236,2.31,229,2.27,228,2.34,231,2.5,235,2.5,235
2817,2018/12/06 12:00UTC,3.7,240,3.17,248,3.87,252,3.55,251,3.53,251,3.73,252,3.83,253,3.83,253
2818,2018/12/06 18:00UTC,3.22,225,3.06,223,3.68,234,3.65,233,3.61,232,3.51,231,3.66,234,3.66,234
2819,2018/12/07 00:00UTC,4.74,225,4.34,233,5.03,234,4.58,236,4.58,236,4.92,235,4.94,234,4.94,234
2820,2018/12/07 06:00UTC,5.42,209,5.29,210,6.4,216,5.68,214,5.66,214,6.09,215,6.29,216,6.29,216
2821,2018/12/07 12:00UTC,9.81,213,9.11,208,10.27,213,9.59,213,9.57,212,10.02,212,10.15,213,10.15,213
2822,2018/12/07 18:00UTC,6.71,267,7.14,273,7.14,270,7.37,270,7.34,270,7.21,271,7.13,270,7.13,270
2823,2018/12/08 00:00UTC,7.18,246,5.89,248,6.57,250,5.88,246,5.88,246,6.4,249,6.47,250,6.47,250
2824,2018/12/08 06:00UTC,7.81,245,7.0,245,7.34,248,7.15,245,7.13,245,7.25,247,7.28,248,7.29,248
2825,2018/12/08 12:00UTC,6.99,243,6.42,248,6.9,249,6.91,252,6.87,252,6.81,249,6.84,250,6.84,250
2826,2018/12/08 18:00UTC,8.79,237,9.22,230,9.84,235,10.06,230,10.02,230,9.77,234,9.8,235,9.8,235
2827,2018/12/09 00:00UTC,8.63,264,8.58,258,9.14,257,9.33,255,9.28,255,9.05,256,9.1,257,9.1,257
2828,2018/12/09 06:00UTC,7.58,259,6.64,258,7.54,261,7.36,261,7.29,261,7.29,260,7.49,261,7.49,261
2829,2018/12/09 12:00UTC,10.15,284,9.2,269,9.88,269,9.87,264,9.82,264,9.74,268,9.83,269,9.83,269
2830,2018/12/09 18:00UTC,4.79,293,4.05,292,4.43,290,4.19,284,4.17,285,4.32,290,4.39,289,4.39,289
2831,2018/12/10 00:00UTC,3.95,273,3.81,271,4.65,272,4.77,270,4.71,270,4.49,272,4.62,272,4.62,272
2832,2018/12/10 06:00UTC,2.89,279,2.67,280,3.47,282,2.96,273,2.94,274,3.25,281,3.41,282,3.41,282
2833,2018/12/10 12:00UTC,4.48,305,4.03,304,4.56,307,4.23,299,4.22,300,4.45,306,4.5,306,4.5,306
2834,2018/12/10 18:00UTC,2.66,307,2.43,307,2.72,305,2.58,297,2.57,298,2.66,304,2.71,305,2.71,305
2835,2018/12/11 00:00UTC,1.72,290,2.01,303,2.3,308,2.25,305,2.24,305,2.29,305,2.28,308,2.28,308
2836,2018/12/11 06:00UTC,1.37,266,0.97,281,0.92,298,0.73,297,0.75,296,0.96,294,0.9,299,0.9,298
2837,2018/12/11 12:00UTC,0.74,141,1.01,107,1.0,110,1.47,90,1.43,91,1.04,104,1.02,107,1.02,107
2838,2018/12/11 18:00UTC,1.48,148,1.74,143,1.96,139,2.14,140,2.12,141,1.95,142,1.96,139,1.96,139
2839,2018/12/12 00:00UTC,2.29,124,2.36,109,2.75,106,2.73,98,2.7,99,2.68,106,2.73,105,2.73,105
2840,2018/12/12 06:00UTC,1.78,113,1.54,95,2.31,97,2.08,87,2.04,88,2.07,95,2.26,95,2.26,95
2841,2018/12/12 12:00UTC,3.73,111,3.5,94,4.22,97,4.12,88,4.08,88,4.06,95,4.18,96,4.18,96
2842,2018/12/12 18:00UTC,3.36,87,2.94,73,3.33,79,2.97,69,2.97,69,3.19,77,3.31,78,3.31,78
2843,2018/12/13 00:00UTC,4.78,104,4.3,94,4.83,96,4.36,89,4.35,89,4.65,94,4.76,95,4.76,95
2844,2018/12/13 06:00UTC,3.94,96,3.64,88,4.55,90,4.21,84,4.16,85,4.25,89,4.49,90,4.49,90
2845,2018/12/13 12:00UTC,5.22,92,5.43,86,5.99,86,6.13,83,6.09,83,5.9,85,5.96,85,5.96,85
2846,2018/12/13 18:00UTC,3.51,65,3.6,60,3.99,58,3.81,49,3.78,49,3.83,57,3.98,58,3.98,58
2847,2018/12/14 00:00UTC,3.44,61,3.98,58,4.13,59,4.12,53,4.11,54,4.08,58,4.13,59,4.12,59
2848,2018/12/14 06:00UTC,2.77,41,3.02,34,3.35,38,3.3,35,3.28,35,3.25,36,3.33,38,3.33,38
2849,2018/12/14 12:00UTC,2.33,72,3.21,62,2.91,64,3.53,59,3.51,60,3.08,63,2.95,63,2.95,63
2850,2018/12/14 18:00UTC,1.85,86,1.84,60,1.91,69,2.04,54,2.02,54,1.89,65,1.91,68,1.91,68
2851,2018/12/15 00:00UTC,1.82,124,1.32,104,1.82,123,1.33,98,1.33,99,1.62,118,1.75,121,1.75,121
2852,2018/12/15 06:00UTC,4.57,141,3.53,129,3.9,136,3.12,128,3.14,128,3.71,134,3.77,135,3.78,135
2853,2018/12/15 12:00UTC,6.6,157,5.29,158,5.68,155,4.7,157,4.75,157,5.52,156,5.53,155,5.53,155
2854,2018/12/15 18:00UTC,8.61,145,8.3,145,8.49,150,7.79,149,7.83,149,8.43,149,8.35,150,8.36,150
2855,2018/12/16 06:00UTC,3.25,215,2.86,215,3.31,218,3.1,217,3.09,217,3.25,219,3.26,218,3.26,218
2856,2018/12/16 12:00UTC,3.01,177,2.67,182,3.05,184,3.22,185,3.18,185,2.99,184,3.02,185,3.02,185
2857,2018/12/16 18:00UTC,3.33,160,2.64,166,3.11,164,3.0,168,2.97,168,2.99,165,3.05,164,3.05,164
2858,2018/12/17 00:00UTC,3.95,230,3.69,220,4.47,249,4.06,230,4.05,230,4.22,241,4.4,248,4.4,248
2859,2018/12/17 06:00UTC,3.38,238,2.8,237,3.44,245,2.95,236,2.95,236,3.29,243,3.37,245,3.37,245
2860,2018/12/17 12:00UTC,3.08,228,2.87,233,3.24,234,3.26,235,3.24,235,3.21,234,3.2,234,3.21,234
2861,2018/12/17 18:00UTC,2.96,172,2.43,174,2.85,175,2.65,177,2.64,177,2.75,175,2.8,175,2.8,175
2862,2018/12/18 00:00UTC,3.1,182,2.52,189,3.01,191,2.66,189,2.65,189,2.88,191,2.93,191,2.93,191
2863,2018/12/18 06:00UTC,4.8,170,3.11,164,3.85,163,3.36,157,3.33,158,3.61,163,3.73,162,3.73,162
2864,2018/12/18 12:00UTC,6.39,160,5.64,158,6.09,162,5.81,159,5.8,159,6.0,161,5.98,162,5.98,162
2865,2018/12/18 18:00UTC,5.35,167,3.76,159,4.46,170,3.55,169,3.56,168,4.19,167,4.32,169,4.32,169
2866,2018/12/19 00:00UTC,6.08,215,6.65,217,7.06,217,7.24,221,7.22,221,7.15,218,7.06,218,7.06,218
2867,2018/12/19 06:00UTC,5.19,189,4.31,192,5.66,194,4.59,194,4.57,194,5.28,194,5.53,194,5.53,194
2868,2018/12/19 12:00UTC,5.05,214,5.07,219,5.3,216,5.8,227,5.76,227,5.34,218,5.26,217,5.26,217
2869,2018/12/19 18:00UTC,3.9,180,4.1,173,4.6,186,4.22,187,4.21,186,4.54,182,4.58,185,4.58,185
2870,2018/12/20 00:00UTC,4.76,211,4.24,214,4.75,210,4.77,213,4.73,213,4.64,211,4.7,210,4.7,210
2871,2018/12/20 06:00UTC,4.01,215,4.11,214,4.65,217,4.57,214,4.54,214,4.61,217,4.61,217,4.61,217
2872,2018/12/20 12:00UTC,5.76,235,5.95,230,6.43,234,6.29,229,6.28,230,6.39,233,6.36,234,6.37,234
2873,2018/12/20 18:00UTC,3.85,208,3.28,205,3.79,213,3.77,207,3.74,207,3.68,210,3.75,213,3.75,213
2874,2018/12/21 00:00UTC,7.12,198,6.03,197,7.0,197,6.28,197,6.28,197,6.79,197,6.89,197,6.89,197
2875,2018/12/21 06:00UTC,10.31,221,10.16,219,11.28,221,10.91,223,10.88,223,11.11,221,11.19,221,11.19,221
2876,2018/12/21 12:00UTC,6.59,245,6.71,232,7.19,237,8.06,227,7.96,228,7.23,235,7.18,236,7.19,236
2877,2018/12/21 18:00UTC,3.73,237,4.32,231,5.22,239,5.33,238,5.26,238,5.05,237,5.2,239,5.19,239
2878,2018/12/22 00:00UTC,5.51,236,6.07,243,6.96,246,7.25,247,7.19,247,6.88,246,6.94,246,6.94,246
2879,2018/12/22 06:00UTC,4.79,248,4.82,249,5.26,250,5.29,248,5.25,248,5.21,249,5.22,250,5.22,250
2880,2018/12/22 12:00UTC,6.38,256,5.92,251,6.09,252,6.33,252,6.31,252,6.17,252,6.08,252,6.08,252
2881,2018/12/22 18:00UTC,3.79,250,3.66,251,3.86,251,3.8,251,3.79,251,3.84,251,3.85,251,3.85,251
2882,2018/12/23 00:00UTC,2.0,215,1.71,224,1.75,226,1.78,222,1.78,222,1.77,225,1.73,225,1.73,225
2883,2018/12/23 06:00UTC,4.37,177,3.73,192,4.53,187,3.92,197,3.9,196,4.25,187,4.43,187,4.43,187
2884,2018/12/23 12:00UTC,7.72,245,7.35,244,8.29,244,7.89,242,7.88,242,8.14,244,8.21,244,8.21,244
2885,2018/12/23 18:00UTC,6.08,252,5.96,246,6.51,246,6.56,245,6.52,245,6.44,246,6.47,246,6.47,246
2886,2018/12/24 00:00UTC,5.87,273,6.87,259,7.3,256,7.16,253,7.16,253,7.33,256,7.25,256,7.25,256
2887,2018/12/24 06:00UTC,2.94,39,4.43,35,4.03,28,4.08,6,4.08,9,4.38,32,3.93,26,3.94,26
2888,2018/12/24 12:00UTC,2.03,66,2.54,42,2.73,57,3.12,43,3.08,43,2.73,52,2.75,56,2.74,55
2889,2018/12/24 18:00UTC,2.3,77,2.3,60,2.69,71,2.54,61,2.52,61,2.54,67,2.67,70,2.66,70
2890,2018/12/25 00:00UTC,0.92,95,1.39,78,1.79,86,1.91,78,1.88,78,1.7,84,1.79,85,1.79,85
2891,2018/12/25 06:00UTC,1.85,117,1.95,99,2.3,97,2.25,89,2.23,89,2.21,97,2.28,95,2.28,96
2892,2018/12/25 12:00UTC,1.93,171,1.4,145,1.64,129,1.51,102,1.49,105,1.56,130,1.6,127,1.6,127
2893,2018/12/25 18:00UTC,2.18,119,2.23,106,2.45,101,2.38,94,2.37,95,2.39,102,2.43,100,2.43,100
2894,2018/12/26 00:00UTC,1.03,110,1.33,92,1.78,85,1.85,79,1.81,80,1.66,85,1.77,83,1.77,83
2895,2018/12/26 06:00UTC,1.52,119,1.58,111,1.94,101,1.85,98,1.83,99,1.85,103,1.92,100,1.92,101
2896,2018/12/26 12:00UTC,2.18,130,2.2,121,2.38,108,2.25,107,2.25,107,2.33,111,2.36,108,2.36,108
2897,2018/12/26 18:00UTC,2.16,126,2.32,114,2.35,110,2.26,103,2.26,104,2.33,111,2.32,109,2.32,109
2898,2018/12/27 00:00UTC,1.41,129,1.38,120,1.43,127,1.23,135,1.24,134,1.37,126,1.39,127,1.39,127
2899,2018/12/27 06:00UTC,1.02,161,0.75,156,0.96,160,0.79,151,0.78,151,0.91,160,0.92,159,0.92,159
2900,2018/12/27 12:00UTC,1.96,194,2.35,195,2.42,205,2.6,202,2.59,202,2.46,202,2.41,205,2.41,205
2901,2018/12/27 18:00UTC,0.35,194,0.94,210,1.33,246,1.43,237,1.41,236,1.26,239,1.32,245,1.31,245
2902,2018/12/28 00:00UTC,0.66,309,1.07,233,1.37,274,1.62,238,1.59,239,1.33,263,1.36,271,1.36,271
2903,2018/12/28 06:00UTC,0.79,2,0.31,346,0.94,336,0.86,263,0.8,265,0.76,330,0.87,331,0.87,331
2904,2018/12/28 12:00UTC,1.52,325,1.69,332,1.84,343,1.86,317,1.85,319,1.83,339,1.81,341,1.82,341
2905,2018/12/28 18:00UTC,0.85,287,0.81,336,1.15,351,1.12,346,1.1,346,1.07,346,1.13,351,1.13,351
2906,2018/12/29 00:00UTC,0.93,280,0.15,42,0.88,23,0.83,31,0.79,32,0.71,26,0.86,26,0.85,26
2907,2018/12/29 06:00UTC,1.05,214,1.06,165,0.6,154,0.76,112,0.76,116,0.73,154,0.64,149,0.64,149
2908,2018/12/29 12:00UTC,3.07,231,2.3,222,2.06,236,1.19,262,1.25,257,2.04,233,1.96,236,1.96,236
2909,2018/12/29 18:00UTC,3.78,236,3.35,223,3.14,230,2.7,223,2.76,223,3.23,228,3.09,229,3.09,229
2910,2018/12/30 00:00UTC,1.54,279,1.98,238,2.29,262,2.52,237,2.49,238,2.25,255,2.26,260,2.27,260
2911,2018/12/30 06:00UTC,1.41,305,0.68,255,1.43,303,1.27,239,1.23,240,1.12,291,1.32,298,1.31,298
2912,2018/12/30 12:00UTC,1.63,248,2.0,189,1.55,198,1.56,197,1.6,196,1.7,194,1.6,196,1.6,196
2913,2018/12/30 18:00UTC,2.05,275,1.7,226,1.87,256,0.99,263,1.03,258,1.74,248,1.8,254,1.8,254
2914,2018/12/31 00:00UTC,1.78,269,1.37,217,1.05,280,1.79,191,1.76,192,0.96,251,0.97,270,0.97,270
2915,2018/12/31 06:00UTC,1.89,295,1.67,308,2.13,315,1.52,287,1.53,289,1.99,312,2.06,314,2.06,314
2916,2018/12/31 12:00UTC,1.41,340,1.69,351,2.25,0,1.45,335,1.47,337,2.07,357,2.15,360,2.15,360
2917,2018/12/31 18:00UTC,0.65,280,1.68,344,1.53,1,1.59,357,1.61,356,1.63,356,1.56,0,1.56,0
2918,2019/01/01 00:00UTC,1.76,287,1.36,310,0.88,314,1.33,321,1.33,320,1.06,314,0.88,316,0.88,315
2919,2019/01/01 06:00UTC,2.12,277,1.51,277,1.66,289,1.46,292,1.46,291,1.6,286,1.62,288,1.62,288
2920,2019/01/01 12:00UTC,2.95,324,2.44,325,2.38,336,2.13,329,2.17,329,2.42,332,2.32,336,2.33,336
2921,2019/01/01 18:00UTC,2.53,309,2.28,301,2.43,314,2.3,295,2.29,295,2.4,308,2.37,312,2.38,312
2922,2019/01/02 00:00UTC,4.05,19,3.45,12,3.06,16,2.83,4,2.86,5,3.1,15,2.99,15,2.99,15
2923,2019/01/02 06:00UTC,2.86,15,2.91,15,3.2,21,3.29,23,3.27,22,3.15,20,3.19,21,3.19,21
2924,2019/01/02 12:00UTC,3.64,29,3.77,19,4.33,34,4.25,28,4.22,28,4.19,30,4.31,34,4.3,34
2925,2019/01/02 18:00UTC,2.11,352,2.37,349,2.33,356,2.45,354,2.44,354,2.35,353,2.32,355,2.32,355
2926,2019/01/03 00:00UTC,1.88,1,2.25,12,2.6,15,2.78,22,2.75,21,2.54,15,2.6,16,2.59,16
2927,2019/01/03 06:00UTC,1.92,12,2.06,22,2.46,27,2.48,38,2.44,37,2.36,27,2.43,28,2.43,28
2928,2019/01/03 12:00UTC,2.6,18,2.21,7,2.78,27,2.38,23,2.35,22,2.58,22,2.71,27,2.71,27
2929,2019/01/03 18:00UTC,2.62,12,2.38,7,2.52,22,2.43,22,2.42,21,2.46,18,2.5,22,2.5,22
2930,2019/01/04 00:00UTC,2.55,23,2.48,28,2.76,25,2.71,33,2.69,33,2.68,26,2.73,26,2.73,26
2931,2019/01/04 06:00UTC,2.13,15,2.53,13,2.73,24,2.79,25,2.77,25,2.68,21,2.72,24,2.72,24
2932,2019/01/04 12:00UTC,2.03,15,2.46,7,2.82,23,2.81,22,2.78,21,2.74,19,2.8,23,2.8,23
2933,2019/01/04 18:00UTC,1.98,331,2.09,334,2.23,345,2.24,348,2.22,347,2.18,342,2.21,345,2.21,345
2934,2019/01/05 00:00UTC,2.27,341,2.02,357,1.95,338,1.89,358,1.89,358,1.92,343,1.9,340,1.91,340
2935,2019/01/05 06:00UTC,2.25,309,2.74,314,2.62,326,2.43,321,2.46,321,2.67,322,2.62,325,2.62,325
2936,2019/01/05 12:00UTC,2.94,327,2.55,324,2.96,343,2.23,333,2.26,332,2.8,338,2.88,343,2.88,343
2937,2019/01/05 18:00UTC,2.6,323,2.35,330,2.32,328,2.28,320,2.27,321,2.31,327,2.31,327,2.31,327
2938,2019/01/06 00:00UTC,2.25,341,2.44,356,2.32,341,1.98,346,2.02,347,2.33,347,2.29,342,2.29,342
2939,2019/01/06 06:00UTC,1.46,309,1.32,339,1.72,334,1.43,345,1.42,346,1.58,338,1.69,334,1.69,334
2940,2019/01/06 12:00UTC,2.56,281,1.96,294,2.0,299,2.25,345,2.16,342,1.91,302,1.92,302,1.92,302
2941,2019/01/06 18:00UTC,1.99,290,1.55,269,1.75,292,1.9,268,1.88,268,1.67,284,1.68,289,1.68,289
2942,2019/01/07 00:00UTC,2.05,346,0.86,289,1.53,332,0.95,247,0.93,250,1.17,320,1.37,329,1.37,328
2943,2019/01/07 06:00UTC,0.68,327,1.45,5,2.04,22,0.98,7,1.03,7,1.83,18,1.97,23,1.97,23
2944,2019/01/07 12:00UTC,1.94,255,1.8,301,1.54,307,1.89,336,1.88,334,1.65,310,1.56,311,1.56,311
2945,2019/01/07 18:00UTC,3.02,240,2.45,228,2.58,239,2.1,242,2.12,241,2.52,237,2.52,239,2.52,239
2946,2019/01/08 00:00UTC,6.26,270,5.54,256,5.38,259,5.39,247,5.39,248,5.45,257,5.35,258,5.35,258
2947,2019/01/08 06:00UTC,2.74,306,2.88,278,3.52,275,4.49,258,4.36,258,3.4,273,3.54,273,3.54,273
2948,2019/01/08 12:00UTC,5.58,328,4.93,326,5.59,332,5.23,329,5.21,329,5.41,330,5.5,332,5.5,331
2949,2019/01/08 18:00UTC,2.77,314,2.78,321,3.14,323,3.02,316,2.99,316,3.02,322,3.11,323,3.11,323
2950,2019/01/09 00:00UTC,3.57,307,3.7,310,3.58,314,3.55,311,3.55,311,3.59,313,3.57,314,3.57,314
2951,2019/01/09 06:00UTC,3.28,322,3.25,328,3.79,335,3.45,328,3.42,329,3.58,333,3.72,334,3.72,334
2952,2019/01/09 12:00UTC,6.66,351,6.31,351,6.49,353,6.5,352,6.49,352,6.49,352,6.44,353,6.44,353
2953,2019/01/09 18:00UTC,4.59,354,3.54,345,3.79,350,3.19,340,3.2,341,3.57,348,3.7,350,3.69,350
2954,2019/01/10 00:00UTC,3.79,358,4.01,359,3.99,356,4.02,356,4.01,356,3.98,357,3.97,356,3.97,356
2955,2019/01/10 06:00UTC,2.66,17,3.1,18,2.97,11,3.19,14,3.18,15,3.01,14,2.97,11,2.97,11
2956,2019/01/10 12:00UTC,3.06,354,4.1,11,4.48,13,4.47,16,4.45,16,4.43,13,4.46,13,4.46,13
2957,2019/01/10 18:00UTC,1.9,355,2.24,4,2.32,3,2.57,3,2.55,3,2.32,3,2.33,3,2.33,3
2958,2019/01/11 00:00UTC,1.66,319,0.9,10,1.45,355,1.36,21,1.33,21,1.28,0,1.38,358,1.37,358
2959,2019/01/11 06:00UTC,2.36,271,1.54,243,1.63,291,1.17,259,1.19,257,1.47,277,1.54,288,1.54,288
2960,2019/01/11 12:00UTC,3.29,342,2.15,276,2.48,294,2.63,249,2.6,250,2.36,285,2.43,290,2.43,290
2961,2019/01/11 18:00UTC,2.03,318,1.71,321,2.3,330,1.54,319,1.56,320,2.1,328,2.22,329,2.22,329
2962,2019/01/12 00:00UTC,2.52,272,2.47,290,2.52,305,2.44,292,2.44,293,2.57,300,2.47,304,2.48,304
2963,2019/01/12 06:00UTC,3.01,268,2.49,271,2.53,275,2.42,265,2.41,266,2.49,273,2.49,274,2.49,274
2964,2019/01/12 12:00UTC,5.17,260,4.15,255,4.65,262,4.13,259,4.13,259,4.49,260,4.55,262,4.55,262
2965,2019/01/12 18:00UTC,5.27,276,5.43,256,5.74,257,5.73,252,5.73,253,5.74,256,5.71,257,5.71,257
2966,2019/01/13 00:00UTC,5.71,289,3.75,276,5.29,286,4.65,269,4.58,270,4.85,282,5.16,284,5.15,284
2967,2019/01/13 06:00UTC,6.46,280,5.41,282,5.49,284,5.55,271,5.51,272,5.45,283,5.42,282,5.42,282
2968,2019/01/13 12:00UTC,8.22,278,7.34,279,7.63,281,6.97,269,6.97,270,7.49,280,7.5,280,7.5,280
2969,2019/01/13 18:00UTC,7.97,285,6.57,281,7.07,282,6.77,277,6.75,277,6.94,281,6.98,282,6.98,282
2970,2019/01/14 00:00UTC,5.62,301,5.31,288,5.53,287,6.04,280,5.98,281,5.55,286,5.52,286,5.53,286
2971,2019/01/14 06:00UTC,3.15,297,3.56,320,4.1,320,3.72,323,3.71,323,3.93,320,4.07,320,4.07,320
2972,2019/01/14 12:00UTC,4.22,326,4.09,323,4.63,329,4.34,323,4.32,323,4.51,327,4.58,328,4.58,328
2973,2019/01/14 18:00UTC,2.22,290,2.08,296,2.18,298,2.18,292,2.17,293,2.17,297,2.15,298,2.15,298
2974,2019/01/15 00:00UTC,1.82,259,1.31,259,1.55,277,1.34,272,1.34,271,1.49,273,1.5,276,1.5,276
2975,2019/01/15 06:00UTC,2.37,260,1.62,261,2.06,281,1.71,262,1.69,262,1.9,276,2.0,280,2.0,280
2976,2019/01/15 12:00UTC,3.07,258,3.07,276,2.63,272,3.0,286,3.01,286,2.76,276,2.62,274,2.62,274
2977,2019/01/15 18:00UTC,2.32,223,1.41,230,1.35,237,0.96,237,0.99,237,1.33,237,1.3,237,1.31,237
2978,2019/01/16 00:00UTC,1.83,206,1.92,184,1.89,182,2.03,172,2.03,173,1.96,182,1.88,181,1.88,181
2979,2019/01/16 06:00UTC,2.88,178,2.16,161,2.33,163,2.19,152,2.19,153,2.28,162,2.29,162,2.29,162
2980,2019/01/16 12:00UTC,4.03,211,2.99,209,3.53,220,3.51,221,3.46,221,3.37,218,3.48,220,3.48,220
2981,2019/01/16 18:00UTC,4.76,210,3.74,210,4.33,211,4.04,210,4.02,210,4.15,210,4.27,211,4.27,211
2982,2019/01/17 00:00UTC,4.34,247,6.0,226,6.36,229,6.79,215,6.76,215,6.43,226,6.42,228,6.42,228
2983,2019/01/17 06:00UTC,5.1,244,4.67,234,5.24,244,5.06,237,5.03,237,5.14,241,5.18,243,5.18,243
2984,2019/01/17 12:00UTC,6.55,294,6.64,282,6.72,280,6.98,275,6.96,275,6.8,280,6.7,279,6.7,279
2985,2019/01/17 18:00UTC,3.4,327,3.83,339,4.01,335,3.8,325,3.8,327,3.95,335,4.0,335,4.0,335
2986,2019/01/18 00:00UTC,1.46,302,1.37,320,1.61,337,1.31,352,1.3,350,1.49,334,1.58,338,1.58,338
2987,2019/01/18 06:00UTC,1.03,190,0.3,253,0.21,175,0.39,351,0.36,348,0.15,226,0.15,178,0.15,179
2988,2019/01/18 12:00UTC,2.94,173,2.05,176,2.72,165,1.94,157,1.95,159,2.5,167,2.62,164,2.62,164
2989,2019/01/18 18:00UTC,2.9,143,2.41,136,2.95,132,2.6,126,2.59,126,2.81,132,2.89,131,2.89,131
2990,2019/01/19 00:00UTC,3.94,137,3.28,129,3.69,134,3.17,130,3.17,130,3.54,133,3.6,134,3.6,134
2991,2019/01/19 06:00UTC,4.34,141,3.68,142,3.95,145,3.64,147,3.64,147,3.89,145,3.86,145,3.87,145
2992,2019/01/19 12:00UTC,4.25,141,4.18,145,4.33,157,4.35,157,4.33,156,4.27,154,4.28,157,4.28,157
2993,2019/01/19 18:00UTC,3.1,129,3.01,134,3.18,142,3.01,146,3.0,145,3.1,139,3.13,142,3.13,142
2994,2019/01/20 00:00UTC,1.27,91,1.41,137,1.52,192,1.61,195,1.54,192,1.38,179,1.51,191,1.51,190
2995,2019/01/20 06:00UTC,2.19,42,1.93,71,1.24,63,0.92,136,0.94,127,1.38,69,1.13,69,1.14,69
2996,2019/01/20 12:00UTC,2.56,22,2.53,18,2.86,15,2.58,23,2.58,23,2.76,16,2.81,16,2.81,16
2997,2019/01/20 18:00UTC,2.93,10,2.74,10,2.93,6,2.45,16,2.48,15,2.84,8,2.87,7,2.87,7
2998,2019/01/21 00:00UTC,2.47,5,2.32,7,2.6,3,2.53,15,2.51,14,2.52,4,2.56,4,2.56,4
2999,2019/01/21 06:00UTC,2.28,22,2.33,29,2.73,16,2.58,24,2.56,24,2.61,19,2.69,17,2.69,17
3000,2019/01/21 12:00UTC,1.4,29,2.19,15,2.45,23,2.87,17,2.83,17,2.47,20,2.46,22,2.46,22
3001,2019/01/21 18:00UTC,1.33,201,0.51,238,0.71,214,0.34,266,0.35,263,0.6,224,0.65,216,0.65,216
3002,2019/01/22 00:00UTC,4.01,192,3.3,189,3.49,196,3.11,192,3.13,192,3.43,194,3.43,196,3.44,196
3003,2019/01/22 06:00UTC,5.58,177,4.56,168,4.78,180,4.26,178,4.28,177,4.68,177,4.68,179,4.68,179
3004,2019/01/22 12:00UTC,2.86,214,3.71,204,3.7,219,4.18,206,4.14,206,3.77,214,3.72,217,3.72,217
3005,2019/01/22 18:00UTC,3.02,166,2.03,174,2.82,175,1.88,197,1.89,195,2.54,178,2.73,176,2.73,176
3006,2019/01/23 00:00UTC,3.2,239,4.39,221,4.26,232,5.09,217,5.05,218,4.45,228,4.3,230,4.3,230
3007,2019/01/23 06:00UTC,2.03,262,1.15,262,2.21,298,1.55,272,1.53,273,1.84,292,2.14,298,2.13,298
3008,2019/01/23 12:00UTC,5.02,349,4.88,339,6.47,320,5.72,306,5.66,309,6.11,323,6.38,320,6.37,320
3009,2019/01/23 18:00UTC,4.01,356,4.61,356,5.18,352,4.94,351,4.94,351,5.08,352,5.14,352,5.14,352
3010,2019/01/24 00:00UTC,2.43,339,3.3,336,3.55,333,3.42,339,3.42,339,3.51,334,3.54,333,3.54,333
3011,2019/01/24 06:00UTC,0.29,335,1.28,349,1.79,352,1.61,345,1.59,345,1.66,350,1.77,352,1.77,352
3012,2019/01/24 12:00UTC,0.98,228,0.49,252,0.33,292,0.86,6,0.78,4,0.34,290,0.3,305,0.3,305
3013,2019/01/24 18:00UTC,2.17,198,1.69,201,2.08,215,1.19,230,1.23,227,1.92,213,2.01,214,2.01,214
3014,2019/01/25 00:00UTC,1.27,221,2.02,197,2.44,216,2.37,201,2.36,201,2.35,211,2.43,214,2.42,214
3015,2019/01/25 06:00UTC,1.14,53,1.16,127,0.78,29,1.22,165,1.19,163,0.55,70,0.61,38,0.61,38
3016,2019/01/25 12:00UTC,2.45,197,1.84,215,1.4,232,1.59,254,1.58,252,1.51,230,1.37,234,1.38,234
3017,2019/01/25 18:00UTC,2.99,232,3.39,201,3.5,223,3.46,207,3.47,206,3.46,216,3.48,220,3.48,220
3018,2019/01/26 00:00UTC,4.18,261,3.39,243,4.0,261,4.0,240,3.96,240,3.86,255,3.95,259,3.95,259
3019,2019/01/26 06:00UTC,2.93,237,2.56,231,3.32,242,2.89,239,2.88,238,3.13,239,3.27,242,3.27,242
3020,2019/01/26 12:00UTC,3.87,223,4.3,232,5.01,239,5.08,239,5.05,238,4.92,238,4.98,239,4.98,239
3021,2019/01/26 18:00UTC,5.56,209,4.71,202,5.55,215,5.32,208,5.27,208,5.3,211,5.47,214,5.47,214
3022,2019/01/27 00:00UTC,5.35,221,5.4,212,6.21,226,6.48,215,6.41,215,6.03,222,6.19,225,6.19,225
3023,2019/01/27 06:00UTC,6.52,231,5.96,229,7.05,235,6.23,230,6.23,230,6.79,233,6.96,234,6.96,234
3024,2019/01/27 12:00UTC,8.68,310,8.0,292,9.42,299,8.32,284,8.33,285,9.08,296,9.29,298,9.29,298
3025,2019/01/27 18:00UTC,5.23,282,4.0,272,5.12,278,4.44,270,4.39,270,4.72,275,5.05,277,5.04,277
3026,2019/01/28 00:00UTC,5.26,261,5.32,254,5.77,255,5.8,250,5.76,250,5.67,254,5.73,255,5.73,255
3027,2019/01/28 06:00UTC,4.37,279,3.84,257,4.18,267,3.92,250,3.91,250,4.07,263,4.14,266,4.14,266
3028,2019/01/28 12:00UTC,5.96,315,5.61,313,6.29,318,5.55,311,5.56,311,6.11,316,6.18,318,6.18,318
3029,2019/01/28 18:00UTC,2.53,299,2.56,314,2.87,303,2.62,299,2.61,300,2.74,305,2.84,303,2.84,303
3030,2019/01/29 00:00UTC,1.71,264,1.95,277,2.08,279,1.96,274,1.97,274,2.08,278,2.04,279,2.05,279
3031,2019/01/29 06:00UTC,2.21,166,2.08,173,2.35,177,2.28,182,2.26,182,2.28,178,2.3,177,2.3,177
3032,2019/01/29 12:00UTC,6.35,172,5.6,173,6.34,167,5.82,170,5.81,170,6.12,169,6.22,167,6.22,167
3033,2019/01/29 18:00UTC,5.04,110,6.0,124,6.95,120,7.43,131,7.34,130,6.81,121,6.91,120,6.91,120
3034,2019/01/30 00:00UTC,3.76,332,4.42,1,6.85,322,6.8,321,6.65,323,6.27,329,6.88,322,6.87,323
3035,2019/01/30 06:00UTC,3.85,279,4.19,288,4.5,277,4.9,277,4.82,277,4.42,279,4.5,277,4.5,277
3036,2019/01/30 12:00UTC,3.51,229,3.81,232,4.7,238,5.06,238,4.97,237,4.51,236,4.7,238,4.7,238
3037,2019/01/30 18:00UTC,1.26,231,1.48,198,2.53,235,2.23,215,2.19,214,2.23,227,2.49,234,2.48,234
3038,2019/01/31 00:00UTC,2.04,274,2.37,276,2.5,278,2.71,267,2.69,268,2.56,277,2.49,277,2.49,277
3039,2019/01/31 06:00UTC,1.46,148,1.21,151,1.43,149,1.61,159,1.58,159,1.36,153,1.42,150,1.41,150
3040,2019/01/31 12:00UTC,4.94,132,4.42,134,5.27,129,4.94,135,4.91,134,5.04,130,5.17,129,5.17,129
3041,2019/01/31 18:00UTC,7.08,116,6.15,119,6.16,132,6.06,145,6.02,143,6.13,130,6.06,133,6.06,133
3042,2019/02/01 00:00UTC,3.74,207,3.45,216,4.17,214,4.36,214,4.28,214,3.97,215,4.15,214,4.14,214
3043,2019/02/01 06:00UTC,2.09,167,1.6,175,2.51,202,2.72,209,2.62,208,2.29,201,2.5,203,2.49,203
3044,2019/02/01 12:00UTC,1.54,153,1.49,168,1.68,195,2.29,201,2.2,200,1.64,190,1.65,196,1.65,196
3045,2019/02/01 18:00UTC,1.57,24,1.15,26,1.46,356,0.71,269,0.65,279,1.32,355,1.41,352,1.41,352
3046,2019/02/02 00:00UTC,3.0,327,2.86,301,2.45,316,2.65,283,2.66,284,2.56,306,2.39,313,2.39,313
3047,2019/02/02 06:00UTC,4.07,340,3.36,321,3.28,330,3.29,317,3.27,317,3.2,326,3.25,330,3.25,330
3048,2019/02/02 12:00UTC,6.77,336,6.72,337,7.79,338,6.67,338,6.69,338,7.47,338,7.68,338,7.68,338
3049,2019/02/02 18:00UTC,3.65,312,4.1,320,4.09,317,4.68,320,4.62,320,4.14,318,4.11,317,4.11,317
3050,2019/02/03 00:00UTC,3.12,331,4.28,333,4.26,327,4.37,324,4.35,325,4.22,328,4.24,327,4.24,327
3051,2019/02/03 06:00UTC,4.0,325,5.51,341,5.71,339,5.97,344,5.94,343,5.71,340,5.69,340,5.69,340
3052,2019/02/03 12:00UTC,3.74,327,4.44,344,4.76,343,5.12,353,5.08,352,4.79,344,4.75,344,4.75,344
3053,2019/02/03 18:00UTC,1.13,259,1.58,317,1.46,331,1.95,338,1.92,337,1.56,327,1.52,331,1.52,331
3054,2019/02/04 00:00UTC,2.55,195,1.78,200,1.99,196,1.36,201,1.4,201,1.9,199,1.91,196,1.91,196
3055,2019/02/04 06:00UTC,5.3,188,4.26,185,4.61,188,3.62,185,3.67,185,4.46,187,4.48,188,4.49,188
3056,2019/02/04 12:00UTC,6.48,194,5.31,197,5.77,194,4.56,197,4.62,197,5.58,195,5.61,195,5.62,195
3057,2019/02/04 18:00UTC,4.58,190,3.55,171,3.35,178,2.97,159,3.01,159,3.35,174,3.25,176,3.25,176
3058,2019/02/05 00:00UTC,2.45,189,2.06,173,2.25,182,2.34,171,2.32,171,2.22,179,2.22,181,2.22,181
3059,2019/02/05 06:00UTC,1.69,163,1.57,144,1.45,145,1.61,137,1.6,137,1.49,145,1.43,143,1.43,143
3060,2019/02/05 12:00UTC,3.17,164,2.63,158,2.83,158,2.5,149,2.51,150,2.79,156,2.77,157,2.77,157
3061,2019/02/05 18:00UTC,2.73,162,2.16,150,2.21,159,1.9,150,1.92,150,2.17,156,2.15,158,2.15,158
3062,2019/02/06 00:00UTC,2.22,192,2.06,201,2.29,211,2.27,204,2.25,204,2.25,210,2.26,211,2.26,211
3063,2019/02/06 06:00UTC,3.09,168,2.73,163,2.71,174,2.29,168,2.31,167,2.68,171,2.64,174,2.65,174
3064,2019/02/06 12:00UTC,4.77,192,3.86,188,4.14,191,3.71,193,3.72,193,4.04,191,4.05,191,4.05,191
3065,2019/02/06 18:00UTC,4.13,171,2.96,154,3.53,172,2.78,163,2.78,162,3.27,167,3.39,171,3.39,171
3066,2019/02/07 00:00UTC,6.16,206,4.67,200,5.33,206,4.23,198,4.26,198,5.1,204,5.18,206,5.18,206
3067,2019/02/07 06:00UTC,3.43,262,3.68,249,4.24,265,4.39,237,4.34,238,4.09,259,4.24,263,4.24,263
3068,2019/02/07 12:00UTC,7.13,250,6.76,255,7.3,257,6.93,261,6.93,261,7.21,257,7.22,257,7.23,257
3069,2019/02/07 18:00UTC,4.14,224,3.91,226,4.36,230,3.99,225,3.99,225,4.25,229,4.31,230,4.31,230
3070,2019/02/08 00:00UTC,4.36,217,4.07,217,4.56,223,4.34,218,4.32,218,4.45,221,4.5,222,4.5,222
3071,2019/02/08 06:00UTC,4.68,195,4.36,194,5.29,204,4.91,202,4.88,202,5.06,202,5.21,204,5.21,204
3072,2019/02/08 12:00UTC,8.32,207,7.6,208,8.26,210,8.05,212,8.03,211,8.12,209,8.17,210,8.17,210
3073,2019/02/08 18:00UTC,10.7,198,9.08,202,9.94,204,8.39,204,8.45,204,9.63,203,9.74,204,9.75,204
3074,2019/02/09 00:00UTC,8.27,235,9.33,228,9.74,236,10.15,228,10.1,228,9.77,233,9.74,236,9.75,236
3075,2019/02/09 06:00UTC,7.21,230,6.81,233,7.59,233,7.22,232,7.2,232,7.45,233,7.51,233,7.51,233
3076,2019/02/09 12:00UTC,7.58,248,7.52,242,7.86,244,7.13,237,7.18,237,7.81,243,7.75,243,7.76,243
3077,2019/02/09 18:00UTC,4.81,199,4.53,198,5.07,200,4.46,197,4.47,197,4.97,200,5.0,200,5.0,200
3078,2019/02/10 00:00UTC,8.24,198,7.6,194,8.87,203,7.74,198,7.75,197,8.55,201,8.7,202,8.7,202
3079,2019/02/10 06:00UTC,9.77,226,11.45,214,12.17,217,11.75,213,11.75,213,12.08,215,12.13,216,12.13,216
3080,2019/02/10 12:00UTC,9.03,262,9.5,255,10.39,258,10.2,255,10.18,255,10.3,257,10.32,258,10.33,258
3081,2019/02/10 18:00UTC,7.33,278,6.92,279,6.62,275,6.41,272,6.42,272,6.65,276,6.6,275,6.6,275
3082,2019/02/11 00:00UTC,5.77,264,5.23,262,5.79,262,5.55,259,5.51,259,5.6,261,5.72,262,5.72,262
3083,2019/02/11 06:00UTC,3.86,242,3.35,240,3.72,244,3.37,242,3.37,242,3.61,243,3.65,244,3.66,244
3084,2019/02/11 12:00UTC,4.36,336,3.86,302,4.27,305,4.6,289,4.55,290,4.24,302,4.27,304,4.27,304
3085,2019/02/11 18:00UTC,2.13,327,2.73,332,2.9,338,2.94,333,2.93,333,2.9,336,2.91,337,2.91,337
3086,2019/02/12 00:00UTC,1.23,266,1.4,322,1.59,322,1.34,339,1.36,338,1.58,323,1.58,324,1.59,324
3087,2019/02/12 06:00UTC,0.38,203,0.4,186,0.17,276,0.29,142,0.29,147,0.18,235,0.14,278,0.14,277
3088,2019/02/12 12:00UTC,2.08,259,2.09,264,2.04,273,2.11,274,2.11,273,2.08,272,2.02,274,2.02,273
3089,2019/02/12 18:00UTC,1.37,132,1.43,118,1.56,101,1.66,82,1.64,84,1.56,102,1.57,99,1.57,99
3090,2019/02/13 00:00UTC,1.72,170,1.74,141,1.66,137,1.81,118,1.8,120,1.69,137,1.65,134,1.65,135
3091,2019/02/13 06:00UTC,1.92,163,1.72,135,1.95,124,2.05,108,2.02,110,1.9,125,1.93,122,1.93,122
3092,2019/02/13 12:00UTC,3.08,157,2.48,130,3.1,120,3.18,103,3.12,105,2.97,120,3.06,118,3.06,118
3093,2019/02/13 18:00UTC,1.57,94,1.8,78,2.12,75,2.32,66,2.28,66,2.06,74,2.12,74,2.11,74
3094,2019/02/14 00:00UTC,2.24,116,2.54,118,2.67,116,2.53,129,2.52,128,2.61,118,2.62,116,2.62,116
3095,2019/02/14 06:00UTC,1.58,138,1.78,147,1.72,150,1.93,154,1.91,154,1.77,151,1.7,150,1.7,150
3096,2019/02/14 12:00UTC,2.23,136,2.01,136,2.07,121,2.02,124,2.02,124,2.05,125,2.03,120,2.03,120
3097,2019/02/14 18:00UTC,2.09,95,2.21,95,2.41,95,2.34,95,2.33,95,2.36,95,2.39,95,2.39,95
3098,2019/02/15 00:00UTC,2.2,118,2.6,130,2.61,129,2.71,133,2.7,133,2.62,131,2.59,129,2.59,129
3099,2019/02/15 06:00UTC,1.88,150,1.97,150,2.16,152,2.02,151,2.02,151,2.12,153,2.13,152,2.13,152
3100,2019/02/15 12:00UTC,2.16,156,2.02,160,2.3,157,2.28,154,2.27,155,2.29,158,2.28,157,2.28,157
3101,2019/02/15 18:00UTC,0.87,161,0.77,141,0.72,181,0.92,169,0.9,167,0.74,171,0.71,180,0.71,180
3102,2019/02/16 00:00UTC,1.16,211,1.27,202,1.38,204,1.51,189,1.49,190,1.38,203,1.35,203,1.35,203
3103,2019/02/16 06:00UTC,1.97,188,2.07,187,2.35,192,2.27,192,2.26,192,2.3,192,2.31,192,2.31,192
3104,2019/02/16 12:00UTC,2.4,202,2.03,214,2.53,210,2.15,218,2.14,218,2.39,212,2.48,211,2.48,211
3105,2019/02/16 18:00UTC,2.33,159,1.96,151,2.07,168,2.03,157,2.02,156,2.02,164,2.02,168,2.02,168
3106,2019/02/17 00:00UTC,2.05,178,2.1,179,2.44,179,2.51,175,2.49,175,2.39,180,2.4,179,2.4,179
3107,2019/02/17 06:00UTC,3.01,164,2.76,166,3.21,176,3.07,173,3.05,173,3.09,174,3.14,176,3.14,176
3108,2019/02/17 12:00UTC,4.18,191,3.42,191,4.22,199,3.43,196,3.43,196,3.96,198,4.1,199,4.1,199
3109,2019/02/17 18:00UTC,2.28,185,1.6,186,1.91,202,1.83,180,1.8,181,1.82,197,1.83,201,1.84,201
3110,2019/02/18 00:00UTC,2.24,169,2.2,172,2.41,177,2.26,181,2.25,181,2.36,177,2.36,177,2.36,177
3111,2019/02/18 06:00UTC,1.99,184,2.52,197,2.94,194,2.76,192,2.75,193,2.88,196,2.89,194,2.89,195
3112,2019/02/18 12:00UTC,3.9,183,3.68,194,4.24,195,3.88,200,3.87,200,4.13,196,4.16,196,4.16,196
3113,2019/02/18 18:00UTC,2.27,247,1.91,212,2.03,235,2.17,200,2.14,201,1.96,225,1.99,231,1.99,231
3114,2019/02/19 00:00UTC,2.53,287,2.6,297,2.58,301,2.39,278,2.4,280,2.59,299,2.54,301,2.55,301
3115,2019/02/19 06:00UTC,1.11,248,0.59,272,0.8,293,0.55,278,0.55,279,0.71,289,0.77,293,0.77,293
3116,2019/02/19 12:00UTC,1.8,219,1.32,225,1.37,208,0.66,229,0.7,228,1.26,213,1.28,210,1.29,210
3117,2019/02/19 18:00UTC,1.24,196,1.07,179,1.17,193,1.13,168,1.13,169,1.19,189,1.14,190,1.14,190
3118,2019/02/20 00:00UTC,1.18,235,0.6,214,0.61,244,0.86,182,0.82,184,0.6,234,0.59,240,0.59,240
3119,2019/02/20 06:00UTC,2.03,207,1.73,208,1.74,199,1.52,196,1.54,197,1.75,202,1.69,199,1.69,199
3120,2019/02/20 12:00UTC,2.48,202,2.01,193,2.27,193,2.13,192,2.12,192,2.2,192,2.21,193,2.21,193
3121,2019/02/20 18:00UTC,1.36,187,0.66,194,1.13,213,0.87,209,0.85,209,1.0,212,1.08,214,1.08,214
3122,2019/02/21 00:00UTC,1.05,190,1.82,175,1.76,193,2.1,181,2.08,181,1.81,189,1.78,192,1.78,192
3123,2019/02/21 06:00UTC,1.6,227,1.82,226,1.78,228,1.85,218,1.85,219,1.84,227,1.77,227,1.77,227
3124,2019/02/21 12:00UTC,1.73,230,1.75,235,2.21,226,1.99,235,1.98,235,2.09,229,2.18,226,2.18,227
3125,2019/02/21 18:00UTC,0.24,31,0.18,321,0.95,271,0.9,310,0.85,309,0.78,274,0.93,274,0.93,274
3126,2019/02/22 00:00UTC,0.41,88,0.39,70,0.43,42,0.37,46,0.35,46,0.33,37,0.44,42,0.43,42
3127,2019/02/22 06:00UTC,0.26,151,0.5,344,0.42,14,0.64,359,0.63,357,0.46,355,0.45,12,0.45,11
3128,2019/02/22 12:00UTC,1.66,118,1.98,67,1.98,81,2.52,62,2.48,62,2.04,75,2.01,79,2.01,79
3129,2019/02/22 18:00UTC,2.24,41,2.15,33,2.41,32,2.48,37,2.45,36,2.35,32,2.4,32,2.4,32
3130,2019/02/23 00:00UTC,2.28,92,2.54,87,2.87,80,3.0,76,2.96,76,2.81,81,2.87,80,2.87,80
3131,2019/02/23 06:00UTC,3.38,101,3.17,92,3.47,88,3.21,82,3.2,83,3.37,88,3.43,87,3.43,87
3132,2019/02/23 12:00UTC,3.04,103,3.3,86,3.34,85,3.56,75,3.54,75,3.38,83,3.35,83,3.35,83
3133,2019/02/23 18:00UTC,2.62,47,2.71,56,2.91,48,2.97,43,2.95,44,2.85,49,2.91,48,2.9,48
3134,2019/02/24 00:00UTC,2.78,95,3.31,91,3.44,82,3.5,80,3.49,80,3.43,84,3.45,82,3.44,82
3135,2019/02/24 06:00UTC,1.87,88,2.25,85,2.48,74,2.69,82,2.66,82,2.43,77,2.49,74,2.49,74
3136,2019/02/24 12:00UTC,2.13,81,2.51,81,3.07,71,3.13,77,3.09,77,2.95,73,3.07,71,3.06,71
3137,2019/02/24 18:00UTC,2.62,62,2.6,65,2.67,66,2.95,57,2.92,58,2.65,65,2.67,66,2.67,66
3138,2019/02/25 00:00UTC,1.91,73,2.31,75,2.57,73,2.68,77,2.65,77,2.52,74,2.57,73,2.56,73
3139,2019/02/25 06:00UTC,1.99,63,2.2,61,2.67,57,2.4,60,2.39,60,2.49,57,2.64,57,2.63,57
3140,2019/02/25 12:00UTC,2.64,83,2.69,89,3.16,79,3.1,80,3.07,81,3.06,81,3.14,79,3.14,79
3141,2019/02/25 18:00UTC,3.02,60,2.78,57,3.0,59,2.98,57,2.97,57,2.94,58,2.98,58,2.98,58
3142,2019/02/26 00:00UTC,2.84,85,3.23,89,2.96,87,3.05,95,3.06,94,2.99,88,2.94,87,2.94,87
3143,2019/02/26 06:00UTC,1.25,96,1.39,98,1.61,107,1.57,111,1.55,111,1.5,105,1.59,106,1.59,106
3144,2019/02/26 12:00UTC,2.54,92,2.54,93,3.13,82,3.34,91,3.28,91,2.97,85,3.13,83,3.12,83
3145,2019/02/26 18:00UTC,1.46,84,1.51,85,1.65,86,1.66,91,1.64,90,1.61,86,1.64,87,1.64,87
3146,2019/02/27 00:00UTC,1.14,128,1.87,128,1.37,137,1.69,139,1.7,138,1.51,136,1.37,137,1.38,137
3147,2019/02/27 06:00UTC,1.31,212,1.15,201,1.12,216,0.92,211,0.94,211,1.13,217,1.09,216,1.09,216
3148,2019/02/27 12:00UTC,1.58,223,0.89,227,0.99,213,0.16,296,0.18,279,0.85,220,0.89,215,0.89,215
3149,2019/02/27 18:00UTC,0.2,291,0.12,130,0.29,272,0.88,50,0.81,51,0.1,269,0.23,290,0.22,289
3150,2019/02/28 00:00UTC,2.03,226,2.06,220,2.46,223,2.45,216,2.43,217,2.39,223,2.42,222,2.42,222
3151,2019/02/28 06:00UTC,3.48,260,3.18,255,3.93,259,3.95,251,3.9,251,3.76,257,3.88,259,3.88,259
3152,2019/02/28 12:00UTC,5.37,248,6.37,254,6.35,250,6.63,254,6.62,254,6.47,252,6.29,250,6.3,250
3153,2019/02/28 18:00UTC,3.28,251,4.03,242,4.34,244,4.57,233,4.55,234,4.39,242,4.34,243,4.34,243
3154,2019/03/01 00:00UTC,6.37,259,6.05,255,6.54,257,6.38,255,6.36,255,6.45,256,6.48,257,6.48,257
3155,2019/03/01 06:00UTC,4.78,290,4.36,270,5.19,267,5.68,259,5.59,259,5.04,266,5.19,266,5.19,266
3156,2019/03/01 12:00UTC,3.8,303,4.36,310,4.51,299,4.96,292,4.91,293,4.57,302,4.51,298,4.51,298
3157,2019/03/01 18:00UTC,2.45,276,2.34,275,2.99,266,2.76,265,2.73,265,2.85,267,2.96,266,2.95,266
3158,2019/03/02 00:00UTC,2.46,206,2.3,222,2.55,215,2.65,226,2.63,225,2.52,220,2.55,217,2.55,217
3159,2019/03/02 06:00UTC,5.73,204,5.34,199,5.99,205,5.44,201,5.44,201,5.86,203,5.92,205,5.92,205
3160,2019/03/02 12:00UTC,5.77,265,4.8,264,5.24,266,5.11,266,5.09,266,5.2,266,5.18,266,5.18,266
3161,2019/03/02 18:00UTC,4.21,212,3.6,226,3.61,224,3.53,230,3.53,230,3.59,226,3.58,225,3.58,225
3162,2019/03/03 00:00UTC,5.1,202,4.19,200,4.8,210,4.52,204,4.49,204,4.6,207,4.72,209,4.72,209
3163,2019/03/03 06:00UTC,7.14,217,6.81,215,7.41,219,6.98,215,6.97,215,7.25,218,7.32,219,7.32,219
3164,2019/03/03 12:00UTC,8.02,222,6.81,219,8.26,223,7.74,221,7.68,221,7.96,222,8.14,223,8.14,223
3165,2019/03/03 18:00UTC,7.96,212,5.51,205,6.1,211,5.31,201,5.33,201,5.89,208,5.95,210,5.95,210
3166,2019/03/04 00:00UTC,11.34,213,8.91,225,10.22,222,5.7,215,5.92,217,9.51,223,9.76,222,9.77,222
3167,2019/03/04 06:00UTC,9.8,226,9.17,231,9.92,232,8.73,230,8.76,230,9.68,231,9.78,232,9.78,232
3168,2019/03/04 12:00UTC,7.2,290,8.26,287,8.74,282,8.79,273,8.77,274,8.78,283,8.69,281,8.69,281
3169,2019/03/04 18:00UTC,4.11,240,3.73,249,3.92,243,3.91,244,3.88,244,3.85,244,3.91,243,3.91,243
3170,2019/03/05 00:00UTC,5.64,230,4.84,235,5.49,233,5.15,232,5.13,232,5.32,234,5.42,233,5.42,233
3171,2019/03/05 06:00UTC,6.12,223,5.37,213,6.39,217,6.27,211,6.2,211,6.16,216,6.33,216,6.33,216
3172,2019/03/05 12:00UTC,5.08,235,5.13,236,5.7,233,5.89,232,5.85,232,5.66,233,5.68,232,5.68,233
3173,2019/03/05 18:00UTC,3.11,182,2.9,183,3.06,183,3.23,185,3.2,185,3.05,183,3.06,183,3.06,183
3174,2019/03/06 00:00UTC,6.22,159,5.77,158,6.24,160,6.3,159,6.27,159,6.2,159,6.16,159,6.16,159
3175,2019/03/06 06:00UTC,5.74,172,5.48,168,6.22,173,6.37,174,6.3,173,6.09,172,6.2,173,6.19,173
3176,2019/03/06 12:00UTC,7.1,194,8.21,188,8.45,189,9.78,187,9.69,187,8.72,189,8.55,188,8.55,188
3177,2019/03/06 18:00UTC,4.7,184,4.71,186,4.62,182,4.68,179,4.69,179,4.77,183,4.6,182,4.6,182
3178,2019/03/07 00:00UTC,4.56,239,5.3,212,6.41,243,7.17,221,7.04,221,6.14,235,6.4,242,6.4,242
3179,2019/03/07 06:00UTC,4.51,243,4.47,256,4.74,250,5.5,253,5.42,253,4.75,252,4.77,251,4.77,251
3180,2019/03/07 12:00UTC,9.36,241,9.62,240,9.88,241,9.75,239,9.75,239,9.93,241,9.81,241,9.81,241
3181,2019/03/07 18:00UTC,5.44,240,5.34,235,5.62,240,5.41,233,5.4,233,5.58,238,5.57,239,5.58,239
3182,2019/03/08 00:00UTC,6.36,241,5.34,239,5.45,239,5.16,236,5.17,236,5.43,238,5.39,239,5.39,239
3183,2019/03/08 06:00UTC,3.09,231,2.79,226,3.0,229,3.28,226,3.24,225,2.99,228,2.99,229,2.99,229
3184,2019/03/08 12:00UTC,5.27,237,5.23,242,5.6,240,5.32,247,5.32,246,5.54,241,5.54,241,5.54,241
3185,2019/03/08 18:00UTC,4.18,219,3.55,219,3.6,220,3.24,218,3.25,218,3.53,219,3.56,220,3.56,220
3186,2019/03/09 00:00UTC,9.53,229,9.16,222,10.19,226,8.98,222,9.01,222,9.9,224,10.05,225,10.05,225
3187,2019/03/09 06:00UTC,4.87,238,4.79,240,5.54,241,5.96,235,5.87,236,5.41,241,5.54,240,5.54,240
3188,2019/03/09 12:00UTC,8.17,263,8.53,260,8.37,260,8.51,258,8.52,258,8.5,260,8.32,260,8.33,260
3189,2019/03/09 18:00UTC,4.18,240,4.06,239,4.23,236,4.06,231,4.06,231,4.21,236,4.2,235,4.2,235
3190,2019/03/10 00:00UTC,3.65,180,3.56,199,5.71,219,5.64,224,5.48,223,5.17,216,5.64,220,5.63,219
3191,2019/03/10 06:00UTC,10.76,245,10.85,240,11.35,242,10.81,239,10.84,239,11.29,241,11.24,242,11.25,242
3192,2019/03/10 12:00UTC,12.61,282,11.62,277,11.07,278,11.23,273,11.24,273,11.25,277,11.0,278,11.01,278
3193,2019/03/10 18:00UTC,5.13,273,4.6,284,3.72,281,4.25,283,4.26,283,3.94,282,3.75,281,3.75,281
3194,2019/03/11 00:00UTC,6.76,260,6.99,260,6.89,257,6.27,256,6.32,256,6.89,257,6.82,257,6.83,257
3195,2019/03/11 06:00UTC,5.68,278,4.98,273,5.22,265,5.26,258,5.2,259,5.12,266,5.22,265,5.22,265
3196,2019/03/11 12:00UTC,7.67,304,7.52,304,7.65,309,7.69,307,7.68,307,7.66,308,7.6,309,7.6,309
3197,2019/03/11 18:00UTC,2.86,278,3.08,290,2.57,296,2.91,290,2.92,290,2.77,294,2.6,296,2.61,296
3198,2019/03/12 00:00UTC,3.12,194,2.48,201,2.63,197,2.48,202,2.48,202,2.6,198,2.58,197,2.59,197
3199,2019/03/12 06:00UTC,5.99,190,4.72,182,5.04,182,4.68,176,4.67,177,4.95,181,4.93,181,4.94,181
3200,2019/03/12 12:00UTC,8.98,202,7.7,200,8.3,204,7.62,201,7.62,201,8.13,203,8.16,204,8.16,204
3201,2019/03/12 18:00UTC,8.53,284,9.5,257,10.24,278,9.87,237,9.84,238,9.85,269,10.14,275,10.14,275
3202,2019/03/13 00:00UTC,7.93,245,7.23,251,7.6,249,6.86,251,6.9,251,7.51,250,7.52,249,7.52,249
3203,2019/03/13 06:00UTC,7.49,238,5.8,237,6.42,241,5.48,237,5.51,237,6.22,239,6.3,241,6.3,241
3204,2019/03/13 12:00UTC,9.73,283,8.66,269,9.18,274,8.7,270,8.72,270,9.12,272,9.09,274,9.09,274
3205,2019/03/13 18:00UTC,6.71,279,5.29,280,5.16,281,4.77,281,4.78,281,5.1,281,5.11,281,5.11,281
3206,2019/03/14 00:00UTC,5.74,251,4.85,251,5.69,256,5.14,255,5.12,254,5.44,254,5.61,256,5.61,256
3207,2019/03/14 06:00UTC,6.56,239,6.35,235,7.0,239,6.3,238,6.32,238,6.88,238,6.9,239,6.9,239
3208,2019/03/14 12:00UTC,9.96,262,9.95,255,10.62,255,10.71,253,10.66,253,10.55,255,10.56,255,10.57,255
3209,2019/03/14 18:00UTC,7.44,289,5.07,284,6.75,278,6.34,274,6.23,274,6.3,279,6.67,278,6.67,278
3210,2019/03/15 00:00UTC,4.87,261,4.28,260,6.27,259,6.3,260,6.16,260,5.84,260,6.23,259,6.22,259
3211,2019/03/15 06:00UTC,6.88,260,5.79,253,6.21,256,6.13,254,6.09,253,6.02,255,6.17,256,6.17,256
3212,2019/03/15 12:00UTC,8.24,263,8.0,258,8.68,261,8.02,257,8.03,257,8.57,260,8.53,261,8.54,261
3213,2019/03/15 18:00UTC,9.0,257,8.32,251,8.43,251,8.17,246,8.18,247,8.47,250,8.35,250,8.36,250
3214,2019/03/16 00:00UTC,6.92,237,6.52,239,6.87,240,6.48,242,6.49,242,6.81,240,6.79,241,6.79,241
3215,2019/03/16 06:00UTC,6.55,233,5.79,230,6.29,228,5.73,227,5.73,227,6.11,228,6.21,228,6.21,228
3216,2019/03/16 12:00UTC,7.98,229,6.2,229,8.01,233,6.58,231,6.56,231,7.52,232,7.81,233,7.81,233
3217,2019/03/16 18:00UTC,6.73,211,6.37,206,6.45,206,5.51,207,5.58,207,6.43,206,6.35,206,6.36,206
3218,2019/03/17 00:00UTC,6.4,212,4.0,225,5.13,230,3.54,234,3.56,233,4.66,230,4.94,231,4.94,230
3219,2019/03/17 06:00UTC,4.45,264,5.9,265,5.8,274,7.41,238,7.27,240,5.94,268,5.89,271,5.89,271
3220,2019/03/17 12:00UTC,8.05,276,7.94,274,8.3,274,8.34,272,8.32,272,8.28,274,8.27,274,8.27,274
3221,2019/03/17 18:00UTC,4.79,256,4.12,253,4.24,254,3.79,248,3.8,249,4.14,253,4.2,253,4.2,253
3222,2019/03/18 00:00UTC,4.79,253,4.12,248,4.45,250,4.17,246,4.16,246,4.34,248,4.39,249,4.4,249
3223,2019/03/18 06:00UTC,2.7,273,2.92,247,3.13,251,3.61,246,3.56,246,3.16,249,3.16,250,3.16,250
3224,2019/03/18 12:00UTC,4.28,296,3.99,300,3.89,303,4.0,301,4.0,301,3.98,303,3.87,303,3.87,303
3225,2019/03/18 18:00UTC,2.65,296,2.52,313,2.45,317,2.31,308,2.32,309,2.48,314,2.43,317,2.44,317
3226,2019/03/19 00:00UTC,1.39,318,1.83,0,2.38,346,2.37,359,2.34,359,2.28,349,2.37,347,2.37,347
3227,2019/03/19 06:00UTC,0.72,327,1.55,33,1.97,6,1.99,23,1.96,24,1.85,12,1.96,7,1.96,8
3228,2019/03/19 12:00UTC,1.02,264,1.39,25,1.58,26,2.69,34,2.61,34,1.73,28,1.67,27,1.67,27
3229,2019/03/19 18:00UTC,1.29,282,0.86,32,1.22,8,1.77,55,1.7,54,1.12,21,1.22,14,1.22,14
3230,2019/03/20 00:00UTC,0.93,324,0.28,141,1.22,349,0.41,151,0.4,154,0.67,347,1.06,350,1.06,350
3231,2019/03/20 06:00UTC,0.27,310,0.88,47,1.37,14,1.12,36,1.1,37,1.2,20,1.36,16,1.36,16
3232,2019/03/20 12:00UTC,1.6,275,1.97,8,2.0,18,3.12,30,3.05,29,2.18,18,2.11,20,2.11,20
3233,2019/03/20 18:00UTC,1.04,345,1.7,53,1.88,53,2.37,46,2.32,47,1.89,54,1.92,55,1.92,55
3234,2019/03/21 00:00UTC,0.91,17,1.64,49,1.79,35,2.29,43,2.25,44,1.8,40,1.81,36,1.81,36
3235,2019/03/21 06:00UTC,0.65,15,1.71,33,1.87,37,2.32,36,2.28,36,1.87,36,1.9,37,1.89,37
3236,2019/03/21 12:00UTC,2.97,23,4.18,31,4.45,31,5.06,34,5.01,34,4.5,31,4.49,31,4.49,31
3237,2019/03/21 18:00UTC,2.85,25,2.59,42,2.65,46,2.66,50,2.65,49,2.64,46,2.65,47,2.65,47
3238,2019/03/22 00:00UTC,2.79,29,2.24,35,2.37,35,1.91,49,1.93,48,2.25,36,2.31,36,2.31,36
3239,2019/03/22 06:00UTC,0.34,108,0.87,140,0.66,133,0.82,164,0.81,162,0.71,142,0.65,135,0.66,135
3240,2019/03/22 12:00UTC,0.68,208,1.26,233,1.37,221,1.47,239,1.46,239,1.34,227,1.35,224,1.35,224
3241,2019/03/22 18:00UTC,0.88,278,0.8,289,1.42,280,1.25,304,1.23,302,1.29,282,1.41,282,1.41,282
3242,2019/03/23 00:00UTC,1.39,333,1.08,316,1.44,319,0.92,325,0.94,323,1.36,315,1.39,320,1.39,319
3243,2019/03/23 06:00UTC,1.24,352,1.98,13,2.0,15,1.8,10,1.82,10,1.99,14,1.98,15,1.98,15
3244,2019/03/23 12:00UTC,2.8,17,2.78,17,2.8,38,3.05,37,3.03,36,2.81,33,2.8,38,2.8,38
3245,2019/03/23 18:00UTC,3.01,48,3.42,30,3.19,22,3.15,28,3.17,28,3.26,24,3.16,23,3.17,23
3246,2019/03/24 00:00UTC,2.8,22,2.55,14,2.34,22,2.65,20,2.63,19,2.36,19,2.35,22,2.35,22
3247,2019/03/24 06:00UTC,3.52,31,2.76,20,2.59,12,2.14,6,2.17,6,2.54,13,2.54,12,2.54,12
3248,2019/03/24 12:00UTC,3.57,358,3.74,357,3.74,5,3.88,350,3.87,350,3.77,1,3.7,4,3.7,4
3249,2019/03/24 18:00UTC,3.06,332,2.17,353,2.41,344,2.2,3,2.19,2,2.3,347,2.36,345,2.36,345
3250,2019/03/25 00:00UTC,2.41,308,2.72,335,3.21,335,3.0,342,2.99,342,3.07,335,3.2,335,3.2,335
3251,2019/03/25 06:00UTC,3.67,316,3.07,325,3.7,333,2.72,327,2.75,327,3.44,330,3.6,333,3.6,333
3252,2019/03/25 12:00UTC,6.55,358,6.63,359,6.48,1,6.38,0,6.4,0,6.54,1,6.42,1,6.42,1
3253,2019/03/25 18:00UTC,4.02,3,4.32,4,3.82,11,4.02,15,4.03,14,3.94,11,3.8,12,3.81,12
3254,2019/03/26 00:00UTC,3.34,6,3.84,4,3.56,11,3.64,11,3.65,10,3.62,10,3.53,11,3.54,11
3255,2019/03/26 06:00UTC,2.04,352,2.65,359,2.77,7,3.03,14,3.0,13,2.76,6,2.78,8,2.78,7
3256,2019/03/26 12:00UTC,3.25,14,3.6,11,3.98,19,4.32,20,4.27,19,3.95,17,3.97,19,3.97,19
3257,2019/03/26 18:00UTC,3.5,348,3.21,10,2.82,5,3.14,11,3.14,11,2.94,7,2.81,6,2.82,6
3258,2019/03/27 00:00UTC,2.64,18,3.22,17,3.21,16,3.03,33,3.03,32,3.18,18,3.16,17,3.16,17
3259,2019/03/27 06:00UTC,1.94,12,3.23,15,3.34,11,3.13,20,3.14,20,3.32,12,3.31,11,3.31,11
3260,2019/03/27 12:00UTC,3.49,13,4.42,25,4.86,30,4.79,32,4.77,32,4.78,29,4.84,31,4.84,31
3261,2019/03/27 18:00UTC,2.84,2,3.34,7,3.39,5,3.3,15,3.3,15,3.37,7,3.36,7,3.36,7
3262,2019/03/28 00:00UTC,2.88,29,3.38,33,3.58,28,3.35,34,3.36,33,3.51,30,3.56,28,3.56,28
3263,2019/03/28 06:00UTC,2.66,10,2.82,17,3.04,14,2.86,21,2.86,21,2.96,15,3.01,15,3.01,15
3264,2019/03/28 12:00UTC,3.54,43,3.79,47,4.12,47,4.38,49,4.34,49,4.08,48,4.12,48,4.12,48
3265,2019/03/28 18:00UTC,2.69,16,3.11,10,3.26,12,2.85,26,2.86,25,3.19,13,3.2,13,3.2,13
3266,2019/03/29 00:00UTC,3.27,33,3.12,37,3.58,28,3.26,38,3.25,38,3.41,30,3.54,29,3.54,29
3267,2019/03/29 06:00UTC,2.26,64,2.64,76,2.74,67,2.7,73,2.7,73,2.71,70,2.72,67,2.72,67
3268,2019/03/29 12:00UTC,3.75,81,4.01,82,3.96,81,4.03,85,4.03,85,4.0,82,3.95,81,3.95,81
3269,2019/03/29 18:00UTC,1.59,87,1.6,135,1.84,111,1.58,108,1.58,110,1.77,120,1.83,110,1.82,110
3270,2019/03/30 00:00UTC,0.88,174,1.87,164,1.88,155,2.26,171,2.24,170,1.94,160,1.88,157,1.88,157
3271,2019/03/30 06:00UTC,2.09,180,2.63,185,2.87,190,3.14,186,3.11,186,2.88,189,2.85,189,2.85,189
3272,2019/03/30 12:00UTC,2.61,173,2.65,159,2.62,151,2.93,144,2.9,145,2.69,151,2.6,150,2.6,150
3273,2019/03/30 18:00UTC,0.78,264,0.69,165,0.57,257,0.82,197,0.81,194,0.44,215,0.53,251,0.53,250
3274,2019/03/31 00:00UTC,0.98,351,0.41,313,1.0,333,0.58,259,0.56,261,0.8,321,0.96,330,0.95,330
3275,2019/03/31 06:00UTC,2.46,19,2.04,30,2.01,26,1.39,37,1.44,36,1.96,27,1.95,27,1.95,27
3276,2019/03/31 12:00UTC,4.93,46,3.92,53,4.37,40,3.81,45,3.82,46,4.21,43,4.3,40,4.3,40
3277,2019/03/31 18:00UTC,6.19,35,3.29,43,2.7,53,2.85,45,2.83,46,2.7,53,2.71,54,2.71,54
3278,2019/04/01 00:00UTC,4.67,47,3.89,45,4.14,37,3.61,44,3.63,44,3.99,39,4.08,38,4.08,38
3279,2019/04/01 06:00UTC,3.9,60,3.14,53,3.53,57,2.91,56,2.92,56,3.34,55,3.48,57,3.48,57
3280,2019/04/01 12:00UTC,2.96,81,3.15,76,3.54,77,3.68,79,3.64,78,3.46,77,3.53,77,3.53,77
3281,2019/04/01 18:00UTC,1.21,110,1.88,94,2.09,102,1.78,83,1.79,83,2.01,99,2.08,100,2.07,100
3282,2019/04/02 00:00UTC,0.87,143,2.33,135,1.34,153,2.62,158,2.58,156,1.64,148,1.45,155,1.45,155
3283,2019/04/02 06:00UTC,3.22,222,3.76,209,4.15,222,4.44,214,4.4,214,4.16,219,4.16,221,4.16,221
3284,2019/04/02 12:00UTC,8.15,235,8.03,221,8.44,232,7.96,224,7.98,224,8.35,228,8.34,231,8.35,231
3285,2019/04/02 18:00UTC,4.25,277,4.57,279,4.31,282,4.69,276,4.67,277,4.42,281,4.34,282,4.34,282
3286,2019/04/03 00:00UTC,3.5,210,2.98,206,3.18,207,3.28,210,3.27,209,3.15,207,3.16,207,3.16,207
3287,2019/04/03 06:00UTC,3.51,203,2.88,195,2.83,202,2.92,191,2.91,191,2.85,199,2.8,202,2.81,202
3288,2019/04/03 12:00UTC,5.16,224,5.11,230,5.86,233,5.55,237,5.53,236,5.71,233,5.82,233,5.82,233
3289,2019/04/03 18:00UTC,2.35,250,1.9,219,2.25,259,2.17,202,2.14,203,2.01,247,2.2,256,2.2,256
3290,2019/04/04 00:00UTC,1.07,242,0.97,190,1.2,250,1.74,195,1.68,196,1.13,233,1.17,245,1.17,245
3291,2019/04/04 06:00UTC,2.62,192,2.07,211,2.32,212,2.45,210,2.43,211,2.29,213,2.28,213,2.28,213
3292,2019/04/04 12:00UTC,5.41,202,4.23,207,5.05,209,3.98,216,4.0,215,4.77,209,4.92,210,4.92,210
3293,2019/04/04 18:00UTC,3.49,176,2.43,174,2.69,174,2.26,174,2.27,174,2.55,174,2.62,175,2.62,175
3294,2019/04/05 00:00UTC,2.98,152,2.84,157,3.35,154,3.33,158,3.3,158,3.22,156,3.31,155,3.31,155
3295,2019/04/05 06:00UTC,3.55,131,2.9,126,3.54,126,3.06,125,3.05,125,3.33,126,3.46,126,3.46,126
3296,2019/04/05 12:00UTC,4.99,127,5.08,120,5.0,123,5.08,119,5.09,119,5.11,122,4.97,123,4.97,123
3297,2019/04/05 18:00UTC,2.7,108,2.79,81,2.92,82,3.24,70,3.2,70,2.92,79,2.91,80,2.91,80
3298,2019/04/06 00:00UTC,3.62,91,3.68,98,3.88,93,3.85,97,3.84,97,3.85,95,3.85,93,3.85,93
3299,2019/04/06 06:00UTC,3.49,62,3.18,74,3.57,73,3.08,87,3.09,86,3.4,74,3.5,74,3.5,74
3300,2019/04/06 12:00UTC,6.05,91,5.03,113,6.09,118,6.08,143,5.99,142,5.8,120,6.06,120,6.05,120
3301,2019/04/06 18:00UTC,3.43,94,3.18,106,3.57,114,3.98,130,3.89,128,3.43,116,3.59,115,3.59,115
3302,2019/04/07 00:00UTC,1.73,142,1.45,196,1.91,204,2.38,215,2.31,215,1.84,205,1.9,206,1.9,205
3303,2019/04/07 06:00UTC,1.86,276,2.55,279,2.18,269,2.47,277,2.47,277,2.35,274,2.21,271,2.21,271
3304,2019/04/07 12:00UTC,2.69,268,3.27,262,2.53,256,2.47,251,2.51,251,2.66,257,2.51,255,2.51,256
3305,2019/04/07 18:00UTC,1.19,267,1.65,229,1.06,227,1.53,192,1.54,194,1.26,218,1.08,222,1.08,222
3306,2019/04/08 00:00UTC,1.22,290,1.36,277,1.87,298,1.73,248,1.71,250,1.77,289,1.81,296,1.81,295
3307,2019/04/08 06:00UTC,0.95,268,1.15,276,0.98,271,1.61,250,1.58,252,1.16,270,1.0,269,1.01,269
3308,2019/04/08 12:00UTC,1.62,250,1.5,292,0.83,278,1.35,341,1.32,338,0.94,294,0.85,288,0.85,288
3309,2019/04/08 18:00UTC,0.4,67,0.69,136,1.14,113,0.83,140,0.85,142,0.92,132,1.13,116,1.13,116
3310,2019/04/09 00:00UTC,0.26,201,1.76,213,1.71,214,1.73,190,1.75,193,1.85,213,1.69,211,1.69,211
3311,2019/04/09 06:00UTC,1.59,29,0.7,353,1.02,347,0.17,255,0.18,270,0.8,341,0.94,348,0.94,347
3312,2019/04/09 12:00UTC,3.85,4,3.08,342,3.34,3,2.45,347,2.52,347,3.26,357,3.27,1,3.27,1
3313,2019/04/09 18:00UTC,2.23,347,1.69,308,2.39,313,1.88,310,1.89,308,2.27,306,2.35,312,2.35,312
3314,2019/04/10 00:00UTC,1.99,350,1.1,327,2.09,316,1.28,283,1.26,285,1.79,313,2.0,314,2.0,314
3315,2019/04/10 06:00UTC,3.24,18,2.14,17,2.41,354,1.66,340,1.67,343,2.27,359,2.35,354,2.35,354
3316,2019/04/10 12:00UTC,4.84,30,4.6,15,4.39,12,3.87,8,3.94,8,4.45,12,4.31,12,4.32,12
3317,2019/04/10 18:00UTC,3.78,10,3.7,5,3.37,3,3.29,10,3.31,9,3.43,4,3.34,4,3.34,4
3318,2019/04/11 00:00UTC,4.46,17,4.05,9,3.94,8,3.63,9,3.65,9,3.87,8,3.91,9,3.91,9
3319,2019/04/11 06:00UTC,4.86,26,4.63,21,4.84,20,4.49,21,4.5,21,4.74,20,4.78,21,4.78,21
3320,2019/04/11 12:00UTC,4.71,23,4.72,22,4.89,24,5.21,24,5.18,24,4.9,23,4.87,24,4.88,24
3321,2019/04/11 18:00UTC,3.81,14,4.02,8,3.71,10,3.7,9,3.73,9,3.78,10,3.68,10,3.69,10
3322,2019/04/12 00:00UTC,3.99,14,4.28,4,3.89,4,3.96,6,3.98,6,3.99,4,3.87,4,3.88,4
3323,2019/04/12 06:00UTC,3.18,21,3.52,15,3.23,10,3.29,16,3.3,16,3.26,11,3.21,11,3.21,11
3324,2019/04/12 12:00UTC,4.79,10,4.31,7,5.02,0,4.67,2,4.66,2,4.87,1,4.97,0,4.97,0
3325,2019/04/12 18:00UTC,3.9,31,3.8,27,3.77,28,3.72,29,3.72,29,3.74,28,3.77,29,3.77,29
3326,2019/04/13 00:00UTC,3.04,42,2.97,27,2.72,28,2.8,22,2.8,22,2.76,27,2.71,28,2.71,28
3327,2019/04/13 06:00UTC,3.93,34,4.05,28,3.78,28,3.74,27,3.77,28,3.82,28,3.77,29,3.77,28
3328,2019/04/13 12:00UTC,4.7,47,4.64,37,4.61,44,4.66,36,4.67,36,4.65,42,4.59,43,4.59,43
3329,2019/04/13 18:00UTC,3.44,29,3.23,29,3.0,39,2.94,31,2.96,31,3.06,37,3.0,40,3.0,39
3330,2019/04/14 00:00UTC,2.92,29,2.41,19,2.39,36,2.43,29,2.42,29,2.35,31,2.38,36,2.38,36
3331,2019/04/14 06:00UTC,2.65,36,2.45,35,2.48,41,2.57,43,2.55,43,2.46,40,2.47,41,2.47,41
3332,2019/04/14 12:00UTC,3.55,61,3.53,52,3.69,60,3.87,53,3.85,53,3.67,57,3.69,59,3.69,59
3333,2019/04/14 18:00UTC,3.97,66,3.33,75,3.32,83,3.18,68,3.19,69,3.31,81,3.32,82,3.32,82
3334,2019/04/15 00:00UTC,3.08,77,2.75,64,3.24,80,3.31,72,3.27,71,3.12,76,3.22,79,3.22,79
3335,2019/04/15 06:00UTC,3.45,93,3.36,94,3.87,91,3.58,88,3.56,88,3.68,91,3.83,90,3.82,90
3336,2019/04/15 12:00UTC,5.73,102,5.22,98,6.15,100,5.73,96,5.71,96,5.92,99,6.08,99,6.08,99
3337,2019/04/15 18:00UTC,3.33,91,2.67,81,2.96,83,2.72,76,2.71,76,2.87,81,2.91,83,2.91,83
3338,2019/04/16 00:00UTC,2.3,105,2.88,118,2.25,152,2.46,159,2.44,156,2.34,143,2.23,153,2.23,152
3339,2019/04/16 06:00UTC,1.63,225,3.11,195,3.29,191,4.03,190,3.98,190,3.45,190,3.39,190,3.39,190
3340,2019/04/16 12:00UTC,2.45,280,2.6,279,3.01,274,3.37,264,3.32,266,3.0,277,3.0,274,3.0,274
3341,2019/04/16 18:00UTC,1.8,259,1.48,244,1.21,272,1.94,238,1.89,239,1.28,261,1.24,268,1.24,268
3342,2019/04/17 00:00UTC,1.04,252,0.85,258,0.87,270,1.27,239,1.22,240,0.9,264,0.89,268,0.89,268
3343,2019/04/17 06:00UTC,0.73,148,1.01,137,1.48,121,1.54,143,1.52,143,1.37,127,1.46,122,1.46,122
3344,2019/04/17 12:00UTC,2.25,122,2.6,113,3.3,108,3.44,101,3.39,102,3.17,109,3.28,108,3.28,108
3345,2019/04/17 18:00UTC,3.05,79,2.92,78,3.19,80,3.21,70,3.19,70,3.11,78,3.18,79,3.18,79
3346,2019/04/18 00:00UTC,4.0,72,3.46,81,3.73,80,3.41,85,3.41,85,3.62,81,3.68,81,3.68,81
3347,2019/04/18 06:00UTC,3.47,68,3.24,79,3.16,76,2.91,88,2.93,87,3.12,78,3.12,76,3.12,76
3348,2019/04/18 12:00UTC,4.46,87,4.49,102,3.99,87,3.81,102,3.86,102,4.09,93,3.95,88,3.95,88
3349,2019/04/18 18:00UTC,3.55,62,3.13,63,3.1,67,3.29,60,3.28,60,3.17,66,3.11,66,3.11,66
3350,2019/04/19 00:00UTC,3.26,50,2.99,63,3.14,54,3.11,69,3.09,69,3.08,58,3.1,55,3.1,55
3351,2019/04/19 06:00UTC,3.19,52,2.17,79,1.63,59,0.89,129,0.93,121,1.6,69,1.51,60,1.52,60
3352,2019/04/19 12:00UTC,3.04,58,2.4,67,1.63,31,1.49,339,1.39,347,1.68,42,1.56,27,1.57,28
3353,2019/04/19 18:00UTC,3.34,29,2.47,60,1.8,20,1.9,42,1.92,44,1.91,37,1.73,23,1.73,23
3354,2019/04/20 00:00UTC,3.37,44,2.24,45,2.37,47,1.62,95,1.58,90,2.17,48,2.27,50,2.27,49
3355,2019/04/20 06:00UTC,2.14,24,2.15,37,2.71,38,2.73,38,2.68,38,2.56,38,2.69,39,2.68,38
3356,2019/04/20 12:00UTC,4.72,63,5.16,66,5.28,68,5.72,65,5.68,65,5.32,67,5.31,67,5.31,67
3357,2019/04/20 18:00UTC,4.03,48,3.17,72,3.35,76,3.17,62,3.16,63,3.31,76,3.36,76,3.36,76
3358,2019/04/21 00:00UTC,3.89,27,2.79,23,3.1,19,2.79,37,2.78,35,2.95,21,3.04,20,3.04,20
3359,2019/04/21 06:00UTC,2.36,52,2.91,56,3.24,48,3.04,53,3.04,53,3.12,50,3.21,49,3.21,49
3360,2019/04/21 12:00UTC,3.15,79,3.66,82,3.61,88,3.57,77,3.59,78,3.66,87,3.61,87,3.61,87
3361,2019/04/21 18:00UTC,2.58,48,1.79,70,1.78,104,1.54,60,1.55,61,1.66,95,1.76,100,1.75,100
3362,2019/04/22 00:00UTC,0.74,96,1.35,177,1.96,204,2.25,219,2.19,217,1.9,203,1.96,206,1.96,205
3363,2019/04/22 06:00UTC,0.96,175,1.31,214,1.2,236,1.02,254,1.06,251,1.32,235,1.17,238,1.18,238
3364,2019/04/22 12:00UTC,0.86,51,2.1,90,2.64,92,2.93,79,2.88,80,2.57,91,2.66,91,2.66,91
3365,2019/04/22 18:00UTC,3.04,57,2.55,67,2.53,87,2.64,59,2.63,60,2.47,81,2.53,84,2.53,84
3366,2019/04/23 00:00UTC,1.67,44,1.65,47,1.88,52,1.81,54,1.79,53,1.77,49,1.87,51,1.87,51
3367,2019/04/23 06:00UTC,1.13,49,1.67,78,1.03,323,0.45,308,0.37,321,0.64,348,0.94,324,0.93,324
3368,2019/04/23 12:00UTC,1.57,53,1.06,205,1.94,249,3.08,245,2.95,244,1.96,242,2.03,247,2.03,247
3369,2019/04/23 18:00UTC,2.93,230,2.55,201,1.51,212,2.18,172,2.19,175,1.82,207,1.55,207,1.55,208
3370,2019/04/24 00:00UTC,1.22,102,2.93,117,2.78,109,3.98,146,3.86,144,2.92,114,2.79,112,2.79,112
3371,2019/04/24 06:00UTC,4.58,156,4.86,164,5.23,168,5.18,171,5.16,170,5.21,167,5.18,168,5.19,168
3372,2019/04/24 12:00UTC,5.48,198,6.08,194,5.64,191,6.02,197,6.03,197,5.76,193,5.65,192,5.65,192
3373,2019/04/24 18:00UTC,2.83,187,1.96,174,1.39,193,1.8,166,1.79,167,1.49,186,1.37,194,1.37,193
3374,2019/04/25 00:00UTC,3.39,159,1.75,155,2.77,170,3.79,186,3.58,185,2.36,170,2.74,173,2.73,172
3375,2019/04/25 06:00UTC,6.27,170,5.09,170,6.18,177,5.09,178,5.07,177,5.85,175,6.09,177,6.09,177
3376,2019/04/25 12:00UTC,6.39,188,5.1,186,6.0,185,4.67,182,4.7,182,5.61,184,5.81,185,5.81,185
3377,2019/04/25 18:00UTC,3.49,195,2.41,169,2.43,210,2.27,172,2.24,172,2.23,198,2.36,209,2.36,209
3378,2019/04/26 00:00UTC,4.34,204,3.69,205,3.44,191,3.31,192,3.32,193,3.5,195,3.39,191,3.39,191
3379,2019/04/26 06:00UTC,2.47,194,3.02,155,3.08,182,3.71,166,3.65,166,3.05,173,3.06,181,3.06,180
3380,2019/04/26 12:00UTC,4.73,193,4.49,195,4.29,202,3.92,209,3.96,208,4.37,201,4.25,202,4.25,202
3381,2019/04/26 18:00UTC,3.89,238,3.26,232,3.28,240,2.81,250,2.84,249,3.16,239,3.22,240,3.22,240
3382,2019/04/27 00:00UTC,4.77,216,4.13,237,4.33,228,4.47,239,4.45,239,4.29,232,4.29,229,4.29,229
3383,2019/04/27 06:00UTC,6.36,251,6.83,246,6.7,255,7.05,239,7.05,239,6.8,251,6.72,254,6.72,254
3384,2019/04/27 12:00UTC,8.36,277,7.66,271,7.8,277,7.57,275,7.58,275,7.82,275,7.71,277,7.72,277
3385,2019/04/27 18:00UTC,7.15,271,5.02,273,5.08,279,4.56,280,4.57,279,4.93,278,5.01,279,5.01,279
3386,2019/04/28 00:00UTC,4.95,252,3.35,260,4.3,268,3.29,261,3.28,261,3.94,266,4.2,268,4.2,268
3387,2019/04/28 06:00UTC,5.44,252,4.68,257,5.09,262,4.58,252,4.58,252,4.97,260,5.02,261,5.02,261
3388,2019/04/28 12:00UTC,5.96,300,5.96,292,6.81,295,6.37,290,6.36,290,6.67,293,6.75,294,6.75,294
3389,2019/04/28 18:00UTC,3.26,321,3.12,326,3.38,324,3.16,324,3.16,324,3.31,323,3.38,324,3.38,324
3390,2019/04/29 00:00UTC,1.26,311,1.14,341,1.93,338,1.35,350,1.34,349,1.68,338,1.86,339,1.86,339
3391,2019/04/29 06:00UTC,1.05,23,1.31,47,1.53,23,1.34,38,1.33,38,1.42,28,1.5,24,1.49,24
3392,2019/04/29 12:00UTC,1.12,68,2.31,61,2.12,61,2.93,55,2.89,55,2.26,61,2.17,60,2.17,60
3393,2019/04/29 18:00UTC,2.8,6,1.72,45,1.18,11,1.55,60,1.56,61,1.19,34,1.12,20,1.12,20
3394,2019/04/30 00:00UTC,2.13,17,1.94,359,1.42,358,1.71,351,1.71,351,1.53,356,1.4,357,1.4,357
3395,2019/04/30 06:00UTC,2.15,30,2.81,17,2.82,25,2.98,23,2.97,23,2.83,22,2.83,25,2.83,25
3396,2019/04/30 12:00UTC,3.18,6,3.25,6,3.21,10,3.51,13,3.48,13,3.23,9,3.2,11,3.2,11
3397,2019/04/30 18:00UTC,3.17,27,2.87,31,2.67,25,3.14,40,3.13,40,2.81,32,2.69,27,2.69,27
3398,2019/05/01 00:00UTC,1.97,3,1.99,345,1.55,9,1.61,0,1.63,359,1.62,360,1.54,9,1.54,9
3399,2019/05/01 06:00UTC,1.22,37,1.22,42,1.19,34,1.11,54,1.12,53,1.16,37,1.18,37,1.18,37
3400,2019/05/01 12:00UTC,0.78,315,1.23,346,0.78,339,1.62,23,1.56,21,0.9,346,0.8,347,0.8,346
3401,2019/05/01 18:00UTC,3.01,340,2.08,359,2.97,333,1.94,9,1.92,8,2.53,336,2.85,335,2.85,335
3402,2019/05/02 00:00UTC,3.41,347,2.68,17,3.41,3,2.62,32,2.62,31,3.06,9,3.27,5,3.27,5
3403,2019/05/02 06:00UTC,2.84,300,2.34,358,3.71,331,2.76,18,2.73,17,3.13,340,3.61,333,3.6,333
3404,2019/05/02 12:00UTC,4.59,289,3.6,289,3.97,290,3.65,297,3.64,296,3.84,291,3.88,291,3.88,291
3405,2019/05/02 18:00UTC,4.2,317,3.3,313,3.19,318,2.74,306,2.77,307,3.16,316,3.13,318,3.13,318
3406,2019/05/03 00:00UTC,2.27,278,2.33,295,2.57,301,2.56,300,2.54,299,2.56,299,2.55,302,2.55,302
3407,2019/05/03 06:00UTC,2.26,314,2.32,319,2.72,321,2.18,314,2.19,314,2.61,319,2.65,321,2.66,321
3408,2019/05/03 12:00UTC,2.4,307,2.07,312,2.43,310,2.54,323,2.49,322,2.34,310,2.4,310,2.4,310
3409,2019/05/03 18:00UTC,3.23,321,2.91,322,3.26,323,3.18,316,3.17,316,3.27,320,3.26,322,3.26,322
3410,2019/05/04 00:00UTC,2.45,262,2.55,294,2.67,296,2.8,301,2.79,301,2.72,295,2.67,297,2.67,297
3411,2019/05/04 06:00UTC,7.58,36,4.03,344,3.7,309,3.59,287,3.58,290,3.76,311,3.65,307,3.65,307
3412,2019/05/04 12:00UTC,6.29,8,4.7,14,5.01,23,5.53,26,5.45,25,4.91,21,4.99,23,4.99,23
3413,2019/05/04 18:00UTC,5.74,348,4.99,348,5.25,344,4.09,350,4.14,350,5.0,345,5.15,344,5.15,344
3414,2019/05/05 00:00UTC,2.79,346,2.91,351,2.85,331,2.64,330,2.63,332,2.71,336,2.84,332,2.84,332
3415,2019/05/05 06:00UTC,4.62,355,4.35,359,4.81,357,4.48,1,4.46,1,4.61,357,4.74,357,4.74,357
3416,2019/05/05 12:00UTC,4.87,357,5.74,355,5.56,356,5.77,2,5.79,1,5.71,356,5.58,356,5.58,356
3417,2019/05/05 18:00UTC,4.54,352,4.09,358,4.29,350,3.62,358,3.65,358,4.13,353,4.23,351,4.22,351
3418,2019/05/06 00:00UTC,1.58,343,2.26,1,2.6,351,2.51,359,2.49,359,2.49,354,2.57,351,2.57,352
3419,2019/05/06 06:00UTC,0.91,267,1.15,0,1.43,348,1.55,18,1.53,17,1.38,353,1.41,351,1.41,351
3420,2019/05/06 12:00UTC,1.01,284,0.87,41,1.29,50,1.95,46,1.88,46,1.31,51,1.35,49,1.35,49
3421,2019/05/06 18:00UTC,1.04,283,1.18,116,0.29,290,2.06,99,2.0,101,0.39,154,0.14,310,0.13,306
3422,2019/05/07 00:00UTC,0.74,41,1.3,187,1.35,186,1.65,163,1.63,166,1.49,190,1.38,185,1.38,185
3423,2019/05/07 06:00UTC,2.43,174,2.62,158,2.72,147,2.74,135,2.72,137,2.7,149,2.68,145,2.68,146
3424,2019/05/07 12:00UTC,3.7,154,3.53,142,3.42,144,3.23,137,3.25,137,3.47,143,3.37,143,3.37,143
3425,2019/05/07 18:00UTC,1.65,181,1.74,137,1.43,170,1.47,134,1.5,134,1.48,151,1.4,167,1.4,167
3426,2019/05/08 00:00UTC,2.78,167,2.53,187,2.61,167,2.83,174,2.8,175,2.52,173,2.55,168,2.55,168
3427,2019/05/08 06:00UTC,5.91,175,5.19,174,6.84,180,6.31,181,6.22,181,6.37,179,6.79,180,6.78,180
3428,2019/05/08 12:00UTC,6.61,238,6.61,224,7.25,234,7.41,220,7.36,220,7.14,230,7.18,232,7.18,232
3429,2019/05/08 18:00UTC,4.0,223,4.28,221,4.04,218,4.87,217,4.81,217,4.14,217,4.1,218,4.1,218
3430,2019/05/09 00:00UTC,5.54,168,5.67,177,7.04,179,6.41,184,6.36,183,6.65,178,6.94,180,6.93,180
3431,2019/05/09 06:00UTC,5.99,290,6.52,276,7.4,280,8.83,254,8.65,256,7.41,277,7.45,277,7.44,277
3432,2019/05/09 12:00UTC,7.18,266,7.49,264,7.42,262,8.11,263,8.08,263,7.63,262,7.46,262,7.46,262
3433,2019/05/09 18:00UTC,2.61,257,3.01,243,2.69,235,2.71,247,2.73,246,2.77,236,2.71,236,2.71,236
3434,2019/05/10 00:00UTC,2.03,268,2.21,245,2.7,246,3.1,233,3.04,233,2.65,244,2.73,245,2.73,245
3435,2019/05/10 06:00UTC,1.33,216,2.01,223,2.03,220,2.86,221,2.8,221,2.15,221,2.09,220,2.09,220
3436,2019/05/10 12:00UTC,3.46,198,3.87,205,4.33,205,3.95,213,3.96,212,4.26,207,4.27,206,4.27,206
3437,2019/05/10 18:00UTC,1.88,54,2.16,117,2.92,140,3.38,146,3.3,145,2.82,136,2.94,141,2.93,141
3438,2019/05/11 00:00UTC,6.42,37,1.74,313,3.32,271,5.79,238,5.5,240,3.17,269,3.53,266,3.51,266
3439,2019/05/11 06:00UTC,6.01,308,5.28,321,7.79,313,7.09,271,6.84,274,7.02,312,7.55,310,7.55,310
3440,2019/05/11 12:00UTC,4.91,321,4.8,320,5.64,318,5.24,316,5.22,316,5.45,318,5.59,318,5.59,318
3441,2019/05/11 18:00UTC,4.48,351,3.86,351,4.65,334,3.74,333,3.73,334,4.33,336,4.56,334,4.56,334
3442,2019/05/12 00:00UTC,2.71,2,2.95,360,3.12,349,2.85,355,2.85,355,3.01,352,3.08,350,3.08,350
3443,2019/05/12 06:00UTC,3.1,10,4.4,13,4.3,11,4.8,14,4.78,14,4.38,11,4.3,11,4.3,11
3444,2019/05/12 12:00UTC,4.89,20,5.47,24,5.25,27,5.92,27,5.88,27,5.39,27,5.27,28,5.27,28
3445,2019/05/12 18:00UTC,3.83,27,3.17,35,2.85,32,3.12,32,3.11,33,2.95,34,2.84,33,2.84,33
3446,2019/05/13 00:00UTC,3.79,34,3.79,23,3.51,27,3.82,24,3.81,24,3.58,26,3.53,27,3.53,27
3447,2019/05/13 06:00UTC,4.51,58,4.79,56,4.97,54,5.42,57,5.38,56,4.98,54,4.98,54,4.98,54
3448,2019/05/13 12:00UTC,5.74,53,6.31,53,6.66,57,7.29,51,7.23,51,6.67,56,6.7,57,6.7,57
3449,2019/05/13 18:00UTC,5.17,37,4.04,36,3.83,46,3.99,43,3.97,43,3.83,44,3.83,47,3.83,47
3450,2019/05/14 00:00UTC,5.33,54,5.77,52,5.59,51,5.61,49,5.63,49,5.65,52,5.6,52,5.6,52
3451,2019/05/14 06:00UTC,5.06,53,4.8,52,5.11,52,5.57,55,5.51,55,5.05,52,5.12,52,5.12,52
3452,2019/05/14 12:00UTC,5.49,46,5.54,52,5.96,57,6.6,52,6.52,53,5.92,56,5.99,57,5.99,57
3453,2019/05/14 18:00UTC,4.55,36,3.25,45,3.31,57,3.3,49,3.28,49,3.25,55,3.32,57,3.32,57
3454,2019/05/15 00:00UTC,3.86,58,3.29,63,3.49,61,3.5,64,3.48,64,3.42,62,3.49,62,3.49,62
3455,2019/05/15 06:00UTC,3.38,62,3.93,66,4.06,64,4.57,62,4.53,62,4.07,64,4.09,64,4.09,64
3456,2019/05/15 12:00UTC,4.53,48,5.21,54,5.44,59,6.17,52,6.11,52,5.48,58,5.49,58,5.49,58
3457,2019/05/15 18:00UTC,3.36,43,2.5,49,2.61,70,2.48,58,2.47,58,2.53,65,2.62,70,2.62,70
3458,2019/05/16 00:00UTC,3.05,33,1.68,65,1.96,46,1.4,81,1.41,80,1.76,54,1.85,48,1.86,48
3459,2019/05/16 06:00UTC,3.22,71,3.4,81,3.2,76,3.43,69,3.42,70,3.29,78,3.22,76,3.22,76
3460,2019/05/16 12:00UTC,4.32,50,5.09,57,5.27,60,5.81,54,5.77,55,5.32,60,5.32,60,5.32,60
3461,2019/05/16 18:00UTC,3.36,43,2.38,54,2.96,69,2.97,49,2.93,50,2.79,66,2.97,68,2.96,68
3462,2019/05/17 00:00UTC,3.12,17,2.3,25,2.3,35,2.51,36,2.49,35,2.28,33,2.31,36,2.31,35
3463,2019/05/17 06:00UTC,3.29,44,2.94,53,3.51,48,3.23,59,3.21,58,3.33,50,3.47,49,3.47,49
3464,2019/05/17 12:00UTC,1.52,1,1.6,68,2.08,56,2.69,67,2.63,68,2.01,62,2.14,58,2.13,58
3465,2019/05/17 18:00UTC,2.76,7,1.68,98,1.81,194,2.83,192,2.64,189,1.71,176,1.85,192,1.85,192
3466,2019/05/18 00:00UTC,2.74,53,1.2,158,0.37,214,2.51,186,2.44,186,0.84,193,0.58,204,0.58,203
3467,2019/05/18 06:00UTC,2.05,57,3.0,166,2.73,164,3.32,165,3.32,165,3.02,167,2.83,165,2.83,165
3468,2019/05/18 12:00UTC,1.84,202,2.34,184,2.07,171,2.3,164,2.29,166,2.15,178,2.08,170,2.08,170
3469,2019/05/18 18:00UTC,0.83,295,1.79,151,1.8,180,2.43,194,2.37,192,1.89,175,1.85,182,1.85,181
3470,2019/05/19 00:00UTC,1.72,324,1.78,257,1.63,256,2.5,242,2.48,243,1.88,253,1.72,253,1.72,253
3471,2019/05/19 06:00UTC,1.54,322,1.41,232,1.33,299,2.01,224,1.98,224,1.22,272,1.26,289,1.26,289
3472,2019/05/19 12:00UTC,3.2,357,2.17,7,1.84,353,0.95,279,0.89,288,1.65,354,1.67,351,1.67,351
3473,2019/05/19 18:00UTC,3.92,4,2.66,5,2.79,331,1.86,342,1.87,344,2.43,339,2.67,331,2.67,331
3474,2019/05/20 00:00UTC,3.03,338,2.97,344,3.0,348,2.46,357,2.47,356,2.88,347,2.93,349,2.93,349
3475,2019/05/20 06:00UTC,3.13,326,3.48,336,3.61,333,3.28,326,3.29,327,3.58,332,3.58,333,3.58,333
3476,2019/05/20 12:00UTC,4.25,314,3.5,326,4.43,317,3.74,323,3.73,323,4.19,319,4.36,317,4.36,317
3477,2019/05/20 18:00UTC,3.32,345,2.94,350,3.76,324,2.97,321,2.95,323,3.41,327,3.71,323,3.71,323
3478,2019/05/21 00:00UTC,1.61,333,1.6,353,2.29,345,1.38,354,1.4,353,1.99,347,2.21,345,2.21,345
3479,2019/05/21 06:00UTC,2.43,313,2.29,333,2.76,335,2.18,342,2.19,341,2.61,334,2.69,335,2.69,335
3480,2019/05/21 12:00UTC,3.61,327,2.77,336,3.15,320,2.52,331,2.53,331,2.94,323,3.02,320,3.02,320
3481,2019/05/21 18:00UTC,2.68,341,1.83,9,2.83,329,1.58,352,1.57,354,2.28,337,2.73,329,2.72,329
3482,2019/05/22 00:00UTC,2.43,1,3.04,13,3.32,3,2.63,7,2.66,7,3.16,5,3.26,3,3.26,3
3483,2019/05/22 06:00UTC,1.26,313,1.04,34,1.76,5,1.43,45,1.41,45,1.49,13,1.7,8,1.7,8
3484,2019/05/22 12:00UTC,1.45,301,0.74,20,1.52,336,1.86,15,1.77,15,1.23,346,1.51,339,1.5,339
3485,2019/05/22 18:00UTC,1.63,326,1.9,130,0.94,321,2.01,96,1.98,100,0.02,133,0.78,324,0.77,324
3486,2019/05/23 00:00UTC,1.6,29,0.85,209,0.44,30,0.92,160,0.91,165,0.12,199,0.31,33,0.31,33
3487,2019/05/23 06:00UTC,1.56,196,1.81,178,1.7,172,1.37,143,1.38,146,1.71,173,1.64,170,1.64,170
3488,2019/05/23 12:00UTC,2.01,176,1.86,139,1.72,134,2.15,99,2.1,102,1.83,134,1.69,130,1.7,130
3489,2019/05/23 18:00UTC,2.11,257,1.2,141,0.91,126,1.36,79,1.3,83,0.99,134,0.94,119,0.94,120
3490,2019/05/24 00:00UTC,1.85,322,2.09,308,2.23,334,1.31,343,1.36,339,2.14,327,2.2,334,2.2,334
3491,2019/05/24 06:00UTC,2.33,319,2.95,353,3.7,348,2.72,356,2.75,356,3.45,349,3.64,349,3.64,349
3492,2019/05/24 12:00UTC,3.59,310,2.92,320,3.75,322,2.83,336,2.83,335,3.45,321,3.67,322,3.66,322
3493,2019/05/24 18:00UTC,3.38,331,2.67,335,3.61,322,2.12,318,2.15,319,3.27,322,3.53,322,3.52,322
3494,2019/05/25 00:00UTC,2.74,339,3.23,1,3.76,344,3.01,355,3.03,355,3.53,348,3.69,344,3.69,344
3495,2019/05/25 06:00UTC,1.57,299,2.2,1,2.86,358,2.95,18,2.92,17,2.74,1,2.84,360,2.84,360
3496,2019/05/25 12:00UTC,3.47,313,2.98,313,2.93,312,2.6,345,2.57,341,2.89,310,2.91,313,2.91,313
3497,2019/05/25 18:00UTC,2.86,330,2.08,7,2.95,333,2.03,6,2.02,6,2.52,340,2.87,334,2.87,334
3498,2019/05/26 00:00UTC,0.93,328,0.96,20,2.0,356,1.03,10,1.02,10,1.6,359,1.93,357,1.93,357
3499,2019/05/26 06:00UTC,3.04,260,2.14,278,2.22,295,1.79,290,1.81,290,2.19,291,2.17,296,2.17,296
3500,2019/05/26 12:00UTC,3.88,274,3.42,269,3.73,279,3.47,283,3.47,282,3.63,276,3.69,280,3.69,279
3501,2019/05/26 18:00UTC,3.45,254,3.59,266,3.16,268,3.49,281,3.49,280,3.33,268,3.13,269,3.13,269
3502,2019/05/27 00:00UTC,3.92,262,3.18,267,3.31,269,2.81,271,2.83,271,3.21,269,3.24,270,3.24,270
3503,2019/05/27 06:00UTC,3.9,284,2.85,276,3.32,279,2.84,262,2.82,262,3.16,277,3.24,278,3.24,278
3504,2019/05/27 12:00UTC,4.42,300,3.87,305,4.22,310,2.45,292,2.56,294,4.02,308,4.1,310,4.1,310
3505,2019/05/27 18:00UTC,3.32,312,3.28,306,3.04,320,3.18,306,3.19,306,3.13,313,3.06,318,3.06,318
3506,2019/05/28 00:00UTC,3.47,280,2.66,298,2.51,302,2.57,316,2.57,314,2.55,302,2.52,304,2.52,304
3507,2019/05/28 06:00UTC,4.89,269,4.18,264,4.58,270,4.26,265,4.25,265,4.45,268,4.51,270,4.51,270
3508,2019/05/28 12:00UTC,5.61,304,5.56,287,5.6,293,5.4,284,5.42,284,5.62,289,5.57,292,5.57,292
3509,2019/05/28 18:00UTC,3.83,336,3.03,339,3.64,327,3.05,317,3.03,319,3.41,327,3.59,326,3.59,326
3510,2019/05/29 00:00UTC,1.93,300,2.01,334,2.44,325,2.01,338,2.01,338,2.27,328,2.41,326,2.41,326
3511,2019/05/29 06:00UTC,1.74,268,1.57,285,2.1,290,1.76,290,1.76,289,2.0,288,2.06,290,2.06,290
3512,2019/05/29 12:00UTC,3.36,251,2.86,261,3.31,259,2.92,285,2.91,283,3.21,260,3.26,261,3.26,261
3513,2019/05/29 18:00UTC,3.1,251,3.19,259,3.0,261,2.96,272,2.98,271,3.05,261,3.0,262,3.0,262
3514,2019/05/30 00:00UTC,3.09,233,2.4,230,2.61,238,2.36,232,2.36,231,2.54,236,2.55,238,2.55,238
3515,2019/05/30 06:00UTC,3.41,236,3.22,221,3.29,232,3.32,219,3.32,220,3.27,228,3.25,231,3.26,231
3516,2019/05/30 12:00UTC,3.47,262,3.53,258,3.81,256,3.55,264,3.57,263,3.83,257,3.81,257,3.81,257
3517,2019/05/30 18:00UTC,1.97,288,1.92,284,1.96,292,1.93,291,1.93,291,1.96,290,1.99,292,1.98,292
3518,2019/05/31 00:00UTC,1.28,334,1.14,308,1.37,297,1.37,280,1.37,281,1.38,294,1.36,295,1.36,295
3519,2019/05/31 06:00UTC,1.02,15,1.2,36,1.07,19,0.64,357,0.67,2,1.07,22,1.03,18,1.04,18
3520,2019/05/31 12:00UTC,1.33,180,1.07,186,1.4,187,1.13,183,1.13,184,1.32,190,1.36,187,1.36,187
3521,2019/05/31 18:00UTC,1.02,262,0.19,292,0.81,323,1.28,31,1.18,30,0.62,323,0.81,329,0.8,329
3522,2019/06/01 00:00UTC,1.2,161,1.29,151,1.08,127,1.64,117,1.59,119,1.13,136,1.09,125,1.09,125
3523,2019/06/01 06:00UTC,1.11,168,1.47,124,1.69,111,1.95,100,1.91,101,1.66,112,1.7,109,1.7,109
3524,2019/06/01 12:00UTC,2.25,168,2.5,142,2.45,138,2.57,120,2.56,121,2.51,138,2.42,136,2.42,136
3525,2019/06/01 18:00UTC,1.54,184,2.06,132,2.12,112,2.07,116,2.06,117,2.09,119,2.14,112,2.14,112
3526,2019/06/02 00:00UTC,2.32,162,2.44,148,2.79,160,2.7,145,2.69,145,2.73,157,2.73,159,2.73,159
3527,2019/06/02 06:00UTC,3.68,180,3.41,178,3.58,185,3.7,185,3.67,185,3.55,184,3.53,185,3.54,185
3528,2019/06/02 12:00UTC,5.2,204,4.48,198,5.07,206,4.4,204,4.4,204,4.86,204,5.0,207,5.0,207
3529,2019/06/02 18:00UTC,3.01,247,2.87,260,2.52,260,2.61,265,2.63,265,2.62,261,2.53,261,2.53,261
3530,2019/06/03 00:00UTC,3.33,254,2.92,261,2.91,265,2.93,270,2.93,269,2.92,265,2.88,266,2.89,266
3531,2019/06/03 06:00UTC,1.97,314,2.32,254,2.33,253,3.12,244,3.09,244,2.52,250,2.4,252,2.4,252
3532,2019/06/03 12:00UTC,2.21,257,4.01,220,4.45,225,4.31,225,4.34,224,4.52,223,4.43,225,4.43,225
3533,2019/06/03 18:00UTC,1.65,322,2.28,270,2.14,260,2.72,285,2.7,283,2.31,263,2.19,262,2.19,262
3534,2019/06/04 00:00UTC,2.2,70,1.37,98,1.43,116,1.63,100,1.6,101,1.4,114,1.45,116,1.45,116
3535,2019/06/04 06:00UTC,3.29,121,3.65,109,3.74,110,3.53,104,3.54,104,3.73,109,3.7,109,3.7,109
3536,2019/06/04 12:00UTC,4.44,155,4.6,177,4.28,190,5.51,192,5.43,191,4.44,187,4.32,192,4.32,191
3537,2019/06/04 18:00UTC,4.17,250,4.93,253,4.72,254,5.66,262,5.61,261,4.9,255,4.77,255,4.77,255
3538,2019/06/05 00:00UTC,3.55,209,2.47,228,2.52,220,2.24,226,2.24,227,2.42,223,2.48,222,2.48,222
3539,2019/06/05 06:00UTC,2.7,232,1.68,203,1.9,220,1.37,195,1.4,195,1.81,213,1.83,218,1.83,218
3540,2019/06/05 12:00UTC,2.69,322,2.87,313,3.75,308,3.87,320,3.79,320,3.61,309,3.81,309,3.81,309
3541,2019/06/05 18:00UTC,3.34,298,5.24,311,4.81,290,5.46,295,5.42,296,4.98,296,4.9,291,4.9,291
3542,2019/06/06 00:00UTC,2.01,208,1.9,206,2.19,206,2.28,211,2.25,211,2.13,207,2.18,206,2.18,206
3543,2019/06/06 06:00UTC,1.86,203,3.07,204,2.88,213,3.54,206,3.52,206,3.03,210,2.91,213,2.91,213
3544,2019/06/06 12:00UTC,3.84,210,3.93,205,3.85,208,3.57,209,3.6,209,3.88,208,3.82,208,3.82,208
3545,2019/06/06 18:00UTC,2.45,166,3.02,130,2.66,126,2.99,117,3.0,118,2.83,124,2.68,125,2.69,125
3546,2019/06/07 00:00UTC,5.33,96,5.18,102,5.92,101,5.91,108,5.85,108,5.76,102,5.84,102,5.84,102
3547,2019/06/07 06:00UTC,4.54,129,3.71,135,3.07,141,3.33,164,3.29,162,3.09,140,3.0,143,3.0,143
3548,2019/06/07 12:00UTC,9.32,173,7.93,175,9.09,178,7.95,178,7.96,177,8.68,177,8.89,178,8.88,178
3549,2019/06/07 18:00UTC,10.2,209,9.04,202,9.3,215,9.38,208,9.33,207,9.18,211,9.21,215,9.21,214
3550,2019/06/08 00:00UTC,8.83,219,7.82,214,8.04,218,7.23,214,7.26,214,7.9,216,7.93,218,7.93,218
3551,2019/06/08 06:00UTC,7.46,224,7.41,221,7.73,222,7.56,220,7.56,220,7.73,222,7.68,222,7.68,222
3552,2019/06/08 12:00UTC,7.95,234,7.61,227,7.25,226,7.23,230,7.27,230,7.44,227,7.22,226,7.22,226
3553,2019/06/08 18:00UTC,2.6,255,3.14,222,2.74,224,2.61,231,2.65,229,2.85,222,2.73,223,2.73,223
3554,2019/06/09 00:00UTC,1.5,37,0.98,139,0.17,199,1.32,166,1.31,166,0.52,174,0.28,190,0.29,189
3555,2019/06/09 06:00UTC,2.06,68,1.21,97,1.05,93,1.22,91,1.21,92,1.06,96,1.05,95,1.05,95
3556,2019/06/09 12:00UTC,2.29,165,1.45,93,1.73,91,3.21,46,3.06,47,1.73,84,1.8,83,1.79,84
3557,2019/06/09 18:00UTC,1.65,351,1.7,53,1.34,1,1.88,24,1.85,26,1.25,18,1.38,5,1.38,5
3558,2019/06/10 00:00UTC,1.34,26,1.4,56,1.21,313,0.48,27,0.55,31,0.75,339,1.16,315,1.15,316
3559,2019/06/10 06:00UTC,1.3,294,2.59,237,3.02,248,3.24,241,3.21,241,2.99,245,3.03,247,3.03,247
3560,2019/06/10 12:00UTC,6.29,256,5.62,244,5.62,260,5.55,255,5.56,254,5.69,255,5.61,259,5.61,259
3561,2019/06/10 18:00UTC,2.57,307,2.17,280,2.28,300,2.57,289,2.52,288,2.23,294,2.29,298,2.29,298
3562,2019/06/11 00:00UTC,1.81,253,2.45,252,2.16,244,2.95,237,2.93,238,2.42,246,2.22,244,2.22,244
3563,2019/06/11 06:00UTC,1.41,158,1.37,192,1.27,190,1.45,184,1.45,186,1.34,193,1.26,190,1.26,190
3564,2019/06/11 12:00UTC,2.31,164,2.79,152,3.03,156,2.58,147,2.62,147,3.01,154,2.98,156,2.98,156
3565,2019/06/11 18:00UTC,1.39,203,0.53,138,1.47,133,0.41,50,0.4,54,1.06,126,1.35,133,1.35,132
3566,2019/06/12 00:00UTC,1.1,125,1.51,167,2.15,162,2.06,183,2.04,182,2.05,167,2.12,164,2.12,165
3567,2019/06/12 06:00UTC,2.22,184,2.89,194,3.18,181,3.41,191,3.38,191,3.16,185,3.17,182,3.17,182
3568,2019/06/12 12:00UTC,4.14,173,5.77,184,5.6,166,6.49,181,6.45,181,5.74,171,5.64,167,5.64,167
3569,2019/06/12 18:00UTC,2.55,169,3.79,188,3.93,214,5.02,207,4.92,206,4.01,208,3.96,214,3.96,214
3570,2019/06/13 00:00UTC,4.63,214,3.17,188,3.64,203,2.94,186,2.94,186,3.42,196,3.56,202,3.56,202
3571,2019/06/13 06:00UTC,4.33,200,4.42,190,4.76,199,4.54,191,4.53,191,4.72,197,4.69,199,4.69,199
3572,2019/06/13 12:00UTC,7.87,212,7.59,219,7.83,218,7.98,217,7.97,218,7.9,218,7.77,218,7.77,218
3573,2019/06/13 18:00UTC,3.54,201,2.71,181,2.43,194,0.97,202,1.08,197,2.29,188,2.34,194,2.34,194
3574,2019/06/14 00:00UTC,1.53,241,0.82,206,1.44,249,1.13,217,1.12,218,1.27,242,1.37,247,1.37,247
3575,2019/06/14 06:00UTC,1.7,238,1.26,233,1.03,249,1.92,156,1.77,159,0.98,237,1.01,245,1.01,244
3576,2019/06/14 12:00UTC,3.04,196,2.29,200,1.64,190,0.29,133,0.32,160,1.59,195,1.53,191,1.54,191
3577,2019/06/14 18:00UTC,2.39,274,1.6,316,2.02,307,1.22,353,1.24,348,1.81,308,2.01,308,2.01,308
3578,2019/06/15 00:00UTC,2.21,283,1.13,270,2.31,280,1.65,258,1.6,259,1.97,277,2.23,280,2.23,280
3579,2019/06/15 06:00UTC,3.1,242,3.35,253,3.37,251,3.61,255,3.6,255,3.46,252,3.36,251,3.36,251
3580,2019/06/15 12:00UTC,5.28,223,4.86,235,4.96,234,4.27,239,4.31,239,4.9,234,4.91,236,4.91,236
3581,2019/06/15 18:00UTC,4.51,231,3.61,239,3.85,244,3.63,244,3.63,244,3.73,243,3.85,245,3.85,245
3582,2019/06/16 00:00UTC,3.95,220,2.71,220,3.31,226,2.66,219,2.66,219,3.06,223,3.24,227,3.24,227
3583,2019/06/16 06:00UTC,3.6,218,2.99,224,3.26,228,3.18,211,3.16,212,3.24,227,3.23,228,3.23,228
3584,2019/06/16 12:00UTC,4.34,228,3.13,228,3.37,221,2.46,213,2.49,215,3.21,222,3.25,222,3.25,222
3585,2019/06/16 18:00UTC,2.66,221,1.49,187,1.54,248,1.28,128,1.25,132,1.21,222,1.43,252,1.43,251
3586,2019/06/17 00:00UTC,0.86,212,0.73,152,0.79,120,1.23,109,1.16,112,0.75,131,0.79,118,0.79,119
3587,2019/06/17 06:00UTC,1.22,159,0.73,104,1.18,119,1.12,76,1.08,76,0.96,110,1.13,115,1.13,115
3588,2019/06/17 12:00UTC,1.78,203,2.12,107,2.04,117,2.29,87,2.26,88,2.04,113,2.07,112,2.07,112
3589,2019/06/17 18:00UTC,2.32,331,1.64,93,1.57,73,2.14,60,2.09,62,1.54,78,1.67,74,1.66,74
3590,2019/06/18 00:00UTC,1.44,352,0.84,56,1.26,69,1.48,55,1.43,55,1.09,66,1.28,67,1.28,67
3591,2019/06/18 06:00UTC,1.87,79,2.4,94,3.24,93,2.74,91,2.72,91,3.03,93,3.21,93,3.2,93
3592,2019/06/18 12:00UTC,3.35,144,3.31,123,4.05,123,2.75,124,2.79,123,3.64,125,3.92,123,3.92,123
3593,2019/06/18 18:00UTC,2.18,153,2.36,106,2.78,117,1.97,96,1.97,97,2.55,112,2.73,116,2.72,116
3594,2019/06/19 00:00UTC,1.66,153,3.18,155,3.54,188,3.44,191,3.39,189,3.45,181,3.5,188,3.5,188
3595,2019/06/19 06:00UTC,4.9,216,2.51,232,3.82,250,2.56,210,2.55,213,3.32,246,3.66,250,3.65,250
3596,2019/06/19 12:00UTC,5.37,234,4.44,240,5.97,230,5.03,243,4.97,243,5.43,233,5.88,232,5.87,232
3597,2019/06/19 18:00UTC,3.68,286,4.26,239,4.74,242,4.03,244,4.05,243,4.58,240,4.71,241,4.71,241
3598,2019/06/20 00:00UTC,2.1,280,3.93,227,3.28,222,4.66,214,4.69,215,3.76,222,3.47,222,3.47,222
3599,2019/06/20 06:00UTC,3.82,286,2.91,283,3.96,299,3.66,240,3.55,243,3.52,292,3.83,296,3.83,296
3600,2019/06/20 12:00UTC,4.48,282,3.83,273,4.19,289,3.69,299,3.65,296,4.01,285,4.15,289,4.15,289
3601,2019/06/20 18:00UTC,3.02,305,2.1,274,1.5,306,1.77,302,1.77,297,1.6,289,1.5,304,1.5,304
3602,2019/06/21 00:00UTC,1.74,329,2.56,24,3.27,355,2.32,1,2.32,3,2.92,0,3.19,357,3.19,357
3603,2019/06/21 06:00UTC,1.49,289,1.87,26,2.72,355,2.35,29,2.33,30,2.38,4,2.66,357,2.65,357
3604,2019/06/21 12:00UTC,2.58,356,2.09,57,2.52,11,3.56,43,3.43,45,2.17,29,2.53,15,2.52,15
3605,2019/06/21 18:00UTC,4.11,4,2.07,52,1.43,344,2.11,48,2.07,50,1.08,15,1.34,350,1.33,350
3606,2019/06/22 00:00UTC,2.4,15,3.21,17,2.95,16,3.14,13,3.13,13,2.92,15,2.98,16,2.98,16
3607,2019/06/22 06:00UTC,2.54,33,3.31,25,3.08,15,3.58,31,3.56,31,3.2,20,3.09,17,3.1,17
3608,2019/06/22 12:00UTC,3.37,27,3.18,51,2.79,53,3.52,48,3.51,49,2.97,54,2.86,54,2.86,54
3609,2019/06/22 18:00UTC,3.13,31,2.25,73,1.72,140,1.47,72,1.54,73,1.68,123,1.76,137,1.76,137
3610,2019/06/23 00:00UTC,2.09,53,2.37,47,1.83,70,2.08,64,2.09,63,1.95,63,1.83,69,1.83,69
3611,2019/06/23 06:00UTC,3.05,82,3.36,89,3.82,85,3.36,95,3.37,94,3.74,86,3.78,86,3.78,86
3612,2019/06/23 12:00UTC,4.73,127,4.8,119,4.86,128,4.56,121,4.58,120,4.86,125,4.83,127,4.84,127
3613,2019/06/23 18:00UTC,3.28,149,2.75,125,2.88,119,2.86,111,2.83,112,2.78,120,2.85,119,2.85,119
3614,2019/06/24 00:00UTC,2.76,132,2.94,132,2.79,143,2.58,150,2.59,149,2.82,141,2.76,143,2.76,143
3615,2019/06/24 06:00UTC,2.08,194,2.82,147,2.26,159,2.72,150,2.72,149,2.5,155,2.37,156,2.37,156
3616,2019/06/24 12:00UTC,5.13,320,1.32,41,3.1,354,2.15,57,2.1,57,2.32,4,2.81,359,2.8,359
3617,2019/06/24 18:00UTC,4.3,31,3.74,68,2.63,41,3.69,63,3.71,64,2.93,54,2.61,46,2.61,46
3618,2019/06/25 00:00UTC,3.11,8,2.28,119,1.59,110,2.51,173,2.46,169,1.97,123,1.76,119,1.77,119
3619,2019/06/25 06:00UTC,1.67,266,3.2,201,2.94,230,4.03,200,3.97,201,3.09,221,3.01,227,3.01,227
3620,2019/06/25 12:00UTC,3.26,240,3.52,225,2.99,237,3.56,209,3.54,210,3.14,232,3.0,235,3.0,235
3621,2019/06/25 18:00UTC,3.31,334,0.79,262,1.21,302,1.6,168,1.51,170,0.88,270,1.17,301,1.16,301
3622,2019/06/26 00:00UTC,2.68,22,2.65,20,2.69,26,1.24,39,1.36,36,2.61,26,2.58,27,2.58,27
3623,2019/06/26 06:00UTC,4.54,37,4.01,43,4.73,50,3.98,52,3.98,52,4.51,49,4.67,51,4.67,51
3624,2019/06/26 12:00UTC,6.33,50,5.86,64,5.79,72,4.47,83,4.59,81,5.76,72,5.7,73,5.7,73
3625,2019/06/26 18:00UTC,6.74,34,4.47,35,3.4,54,2.77,58,2.86,55,3.48,49,3.35,54,3.36,54
3626,2019/06/27 00:00UTC,5.8,41,4.81,28,5.11,41,4.15,33,4.2,33,4.92,37,5.04,41,5.04,41
3627,2019/06/27 06:00UTC,5.5,53,4.81,48,5.13,57,4.38,49,4.43,48,5.06,53,5.09,56,5.1,56
3628,2019/06/27 12:00UTC,5.54,44,5.22,55,4.8,61,5.04,57,5.06,57,4.97,59,4.81,61,4.82,61
3629,2019/06/27 18:00UTC,5.61,45,4.44,39,4.39,61,4.4,45,4.39,45,4.36,54,4.39,59,4.39,59
3630,2019/06/28 00:00UTC,5.05,55,3.75,47,4.34,60,4.0,55,3.96,55,4.11,56,4.31,60,4.31,60
3631,2019/06/28 06:00UTC,5.46,67,4.5,58,5.26,66,4.37,57,4.38,57,4.94,63,5.19,66,5.19,66
3632,2019/06/28 12:00UTC,4.43,71,4.87,67,4.77,77,5.06,61,5.06,62,4.85,73,4.77,76,4.77,76
3633,2019/06/28 18:00UTC,5.21,52,3.55,54,3.34,69,3.54,48,3.53,49,3.36,64,3.36,67,3.36,67
3634,2019/06/29 00:00UTC,3.01,69,2.81,68,3.49,74,3.12,68,3.1,68,3.33,72,3.47,74,3.46,74
3635,2019/06/29 06:00UTC,2.18,87,2.78,97,3.01,87,2.5,92,2.51,93,2.91,89,2.97,88,2.97,88
3636,2019/06/29 12:00UTC,3.05,116,3.24,110,3.28,110,3.12,100,3.11,100,3.23,109,3.26,108,3.27,108
3637,2019/06/29 18:00UTC,2.12,183,2.2,105,1.95,128,1.88,123,1.89,121,1.99,120,2.02,126,2.02,126
3638,2019/06/30 00:00UTC,4.31,285,2.49,202,2.99,240,2.71,222,2.69,221,2.85,228,2.93,238,2.93,237
3639,2019/06/30 06:00UTC,3.95,295,2.88,301,2.65,322,3.51,304,3.45,304,2.78,314,2.53,322,2.54,322
3640,2019/06/30 12:00UTC,3.96,291,2.92,227,2.84,289,1.7,212,1.83,212,2.48,264,2.64,285,2.64,285
3641,2019/06/30 18:00UTC,3.31,312,3.12,315,3.5,339,2.91,326,2.92,324,3.29,328,3.43,338,3.43,338
3642,2019/07/01 00:00UTC,2.55,323,3.45,19,3.37,335,2.67,30,2.74,30,3.0,352,3.3,337,3.29,337
3643,2019/07/01 06:00UTC,1.87,273,2.07,314,2.81,345,2.53,346,2.48,344,2.48,335,2.82,345,2.81,345
3644,2019/07/01 12:00UTC,2.48,295,2.3,288,2.76,326,2.32,323,2.26,319,2.45,311,2.72,325,2.71,325
3645,2019/07/01 18:00UTC,3.96,325,2.31,337,3.24,340,1.46,330,1.49,331,2.77,336,3.08,340,3.08,340
3646,2019/07/02 00:00UTC,2.83,334,2.52,5,3.63,341,3.0,14,2.95,14,3.13,349,3.53,343,3.52,343
3647,2019/07/02 06:00UTC,2.58,33,3.74,40,3.56,41,3.75,41,3.77,41,3.7,41,3.59,42,3.59,42
3648,2019/07/02 12:00UTC,3.91,32,4.48,42,3.82,47,4.69,35,4.68,36,4.06,45,3.89,46,3.9,46
3649,2019/07/02 18:00UTC,4.92,15,3.54,41,2.5,59,3.5,26,3.48,28,2.77,58,2.59,61,2.59,61
3650,2019/07/03 00:00UTC,5.41,31,4.65,21,4.34,23,4.88,17,4.85,17,4.36,22,4.39,24,4.39,24
3651,2019/07/03 06:00UTC,5.17,50,4.8,43,5.08,47,4.99,43,4.97,43,5.02,46,5.04,47,5.04,47
3652,2019/07/03 12:00UTC,5.08,39,5.29,49,4.86,56,5.51,49,5.51,49,5.11,54,4.88,55,4.89,55
3653,2019/07/03 18:00UTC,4.81,23,4.35,25,3.34,46,4.38,28,4.37,28,3.57,41,3.4,46,3.4,46
3654,2019/07/04 00:00UTC,4.85,36,4.41,31,4.39,33,4.36,28,4.35,28,4.32,32,4.39,33,4.39,33
3655,2019/07/04 06:00UTC,4.63,61,4.27,49,4.93,56,4.57,49,4.55,48,4.73,53,4.9,55,4.9,55
3656,2019/07/04 12:00UTC,3.97,46,4.05,52,4.06,63,4.73,51,4.69,51,4.14,60,4.1,62,4.1,62
3657,2019/07/04 18:00UTC,4.28,20,3.1,33,2.42,66,3.18,36,3.17,36,2.52,59,2.46,66,2.46,66
3658,2019/07/05 00:00UTC,2.29,21,2.33,29,2.46,44,2.56,38,2.54,38,2.37,41,2.47,44,2.47,44
3659,2019/07/05 06:00UTC,1.29,43,2.02,54,2.59,56,2.59,53,2.56,53,2.44,56,2.61,57,2.6,57
3660,2019/07/05 12:00UTC,2.36,26,2.68,56,2.77,60,3.05,49,3.03,50,2.75,60,2.81,59,2.81,60
3661,2019/07/05 18:00UTC,3.31,3,2.32,49,1.4,44,2.87,33,2.82,34,1.68,48,1.48,46,1.48,46
3662,2019/07/06 00:00UTC,1.91,25,1.39,68,0.67,67,1.51,70,1.49,71,0.88,83,0.68,71,0.68,72
3663,2019/07/06 06:00UTC,0.65,354,0.36,127,0.49,89,0.84,80,0.78,82,0.43,109,0.55,94,0.55,94
3664,2019/07/06 12:00UTC,2.64,302,2.76,263,3.09,272,2.47,264,2.52,263,3.09,266,3.11,270,3.11,270
3665,2019/07/06 18:00UTC,5.74,343,2.96,315,3.11,325,2.72,314,2.71,313,2.95,322,3.05,324,3.05,324
3666,2019/07/07 00:00UTC,2.04,343,2.12,18,2.69,2,2.64,39,2.6,38,2.45,10,2.59,6,2.59,6
3667,2019/07/07 06:00UTC,1.58,8,1.77,18,2.5,335,1.6,346,1.58,348,2.13,342,2.39,336,2.38,336
3668,2019/07/07 12:00UTC,2.91,357,1.69,11,2.24,293,2.5,329,2.36,330,1.65,304,2.19,295,2.18,295
3669,2019/07/07 18:00UTC,5.06,40,5.73,34,3.95,6,3.54,356,3.68,0,4.45,17,3.83,4,3.85,5
3670,2019/07/08 00:00UTC,4.37,39,3.87,31,3.39,49,3.57,36,3.59,35,3.43,44,3.41,49,3.41,49
3671,2019/07/08 06:00UTC,4.3,40,4.94,39,4.66,42,4.51,41,4.56,41,4.81,41,4.64,43,4.65,43
3672,2019/07/08 12:00UTC,4.82,56,4.77,52,4.39,60,4.89,47,4.89,48,4.55,57,4.42,59,4.42,59
3673,2019/07/08 18:00UTC,4.64,33,4.37,43,4.17,62,4.41,43,4.41,43,4.2,58,4.22,61,4.22,61
3674,2019/07/09 00:00UTC,3.89,40,3.57,38,3.3,50,3.55,44,3.54,44,3.28,48,3.34,50,3.34,50
3675,2019/07/09 06:00UTC,4.15,69,4.42,51,4.78,52,5.14,44,5.1,45,4.77,51,4.81,51,4.81,51
3676,2019/07/09 12:00UTC,3.71,40,4.9,45,5.07,47,5.81,40,5.75,40,5.16,46,5.12,46,5.12,47
3677,2019/07/09 18:00UTC,3.31,12,3.49,34,2.89,45,3.87,27,3.84,28,3.08,43,2.99,47,2.99,47
3678,2019/07/10 00:00UTC,2.09,32,2.37,45,2.02,50,2.76,48,2.73,48,2.11,51,2.08,51,2.07,51
3679,2019/07/10 06:00UTC,0.88,32,1.75,65,1.89,76,2.05,56,2.03,57,1.84,73,1.93,74,1.93,74
3680,2019/07/10 12:00UTC,2.28,352,2.62,47,2.41,35,3.17,34,3.13,35,2.52,40,2.48,36,2.48,36
3681,2019/07/10 18:00UTC,2.66,317,1.31,74,0.5,339,1.63,48,1.59,50,0.45,37,0.48,357,0.48,357
3682,2019/07/11 00:00UTC,1.2,318,1.18,176,1.46,187,1.45,163,1.42,165,1.43,187,1.49,183,1.49,183
3683,2019/07/11 06:00UTC,0.26,268,1.72,184,2.02,184,1.33,175,1.36,176,1.97,184,1.93,183,1.93,183
3684,2019/07/11 12:00UTC,3.39,257,2.07,243,2.76,256,3.04,216,2.95,217,2.38,248,2.71,254,2.7,254
3685,2019/07/11 18:00UTC,4.19,327,0.44,19,2.01,278,1.09,287,1.06,290,1.47,285,2.0,277,1.99,277
3686,2019/07/12 00:00UTC,2.41,306,2.53,349,3.49,335,3.61,345,3.52,346,3.2,339,3.42,337,3.42,337
3687,2019/07/12 06:00UTC,3.23,301,3.55,305,3.18,322,3.18,305,3.21,306,3.32,316,3.17,321,3.17,321
3688,2019/07/12 12:00UTC,4.19,296,4.42,288,4.24,290,4.25,294,4.26,294,4.34,290,4.25,290,4.25,290
3689,2019/07/12 18:00UTC,5.0,328,4.22,316,4.67,323,3.84,316,3.87,315,4.51,319,4.6,322,4.6,322
3690,2019/07/13 00:00UTC,1.95,300,1.56,348,3.04,341,1.68,11,1.66,9,2.47,344,2.95,342,2.94,342
3691,2019/07/13 06:00UTC,2.21,356,2.32,12,3.04,356,1.99,350,2.0,352,2.75,359,2.93,356,2.93,356
3692,2019/07/13 12:00UTC,3.73,0,3.77,11,3.19,4,3.77,9,3.77,9,3.41,7,3.19,5,3.2,5
3693,2019/07/13 18:00UTC,4.89,30,4.46,51,2.78,22,4.3,51,4.35,52,3.26,40,2.77,25,2.77,26
3694,2019/07/14 00:00UTC,2.89,25,2.76,21,2.61,33,3.02,30,2.99,30,2.62,30,2.66,35,2.66,34
3695,2019/07/14 06:00UTC,3.9,33,3.96,25,3.57,22,3.73,20,3.75,20,3.68,23,3.56,23,3.57,23
3696,2019/07/14 12:00UTC,4.44,34,5.25,21,5.16,31,5.33,21,5.33,21,5.23,28,5.15,31,5.15,31
3697,2019/07/14 18:00UTC,5.46,30,4.86,40,4.51,40,5.67,35,5.62,36,4.75,41,4.56,42,4.56,42
3698,2019/07/15 00:00UTC,4.2,22,4.03,16,3.4,20,3.87,15,3.88,16,3.55,19,3.42,21,3.42,20
3699,2019/07/15 06:00UTC,3.34,28,4.05,23,4.32,28,4.33,20,4.32,21,4.31,26,4.31,28,4.31,28
3700,2019/07/15 12:00UTC,3.31,7,4.04,19,3.65,17,4.36,17,4.35,17,3.86,18,3.69,19,3.7,18
3701,2019/07/15 18:00UTC,4.29,20,3.53,45,2.84,24,3.4,36,3.4,38,3.01,33,2.83,29,2.83,29
3702,2019/07/16 00:00UTC,2.35,9,2.34,20,2.11,35,2.66,27,2.63,27,2.17,32,2.16,35,2.16,35
3703,2019/07/16 06:00UTC,1.54,53,2.03,58,1.67,66,2.13,53,2.12,54,1.78,65,1.71,66,1.71,66
3704,2019/07/16 12:00UTC,1.72,19,2.31,23,2.15,356,2.65,359,2.62,1,2.18,5,2.18,357,2.18,357
3705,2019/07/16 18:00UTC,1.55,346,1.6,65,3.2,306,1.64,39,1.62,44,1.83,319,3.13,307,3.12,307
3706,2019/07/17 00:00UTC,1.83,39,1.71,72,1.6,84,1.84,77,1.84,78,1.7,84,1.65,84,1.65,84
3707,2019/07/17 06:00UTC,0.69,111,0.81,97,1.3,125,1.13,132,1.1,131,1.15,121,1.28,125,1.28,124
3708,2019/07/17 12:00UTC,2.59,260,2.22,243,3.47,268,2.72,278,2.69,276,3.2,263,3.4,268,3.4,267
3709,2019/07/17 18:00UTC,3.7,326,2.78,280,2.17,334,2.34,318,2.32,314,2.14,314,2.15,331,2.15,330
3710,2019/07/18 00:00UTC,1.61,317,2.29,22,2.43,342,2.01,8,2.05,9,2.34,353,2.37,344,2.37,344
3711,2019/07/18 06:00UTC,1.99,261,2.54,321,3.19,318,2.47,304,2.47,306,3.04,317,3.17,318,3.17,318
3712,2019/07/18 12:00UTC,3.98,249,4.69,247,5.03,246,4.75,252,4.79,252,5.05,246,5.0,247,5.0,247
3713,2019/07/18 18:00UTC,2.14,272,2.3,291,1.96,289,3.8,310,3.69,309,2.16,293,2.05,294,2.05,294
3714,2019/07/19 00:00UTC,2.37,275,2.15,269,2.07,259,1.94,236,1.96,238,2.1,258,2.11,257,2.11,257
3715,2019/07/19 06:00UTC,1.02,223,1.27,226,1.21,234,2.89,224,2.78,224,1.38,229,1.38,234,1.37,234
3716,2019/07/19 12:00UTC,3.35,209,3.96,225,4.47,229,3.97,242,3.98,241,4.4,229,4.39,229,4.39,229
3717,2019/07/19 18:00UTC,2.26,242,2.01,270,2.07,254,2.87,213,2.74,216,2.06,254,2.08,251,2.08,251
3718,2019/07/20 00:00UTC,1.77,163,2.01,180,2.13,190,2.5,188,2.48,189,2.22,192,2.13,191,2.13,191
3719,2019/07/20 06:00UTC,2.97,223,3.5,221,3.4,240,3.37,227,3.39,227,3.45,234,3.41,239,3.41,239
3720,2019/07/20 12:00UTC,5.64,244,6.57,247,6.15,248,6.98,244,6.94,245,6.4,248,6.19,248,6.19,248
3721,2019/07/20 18:00UTC,4.15,287,5.03,256,5.74,244,5.18,260,5.2,260,5.67,247,5.7,245,5.7,245
3722,2019/07/21 00:00UTC,2.04,299,1.91,331,2.48,332,1.93,286,1.91,289,2.29,328,2.42,330,2.42,330
3723,2019/07/21 06:00UTC,2.07,294,2.49,320,2.6,332,2.35,335,2.36,334,2.62,328,2.6,333,2.6,333
3724,2019/07/21 12:00UTC,2.6,264,2.44,269,2.49,264,1.63,310,1.64,305,2.42,267,2.43,265,2.43,265
3725,2019/07/21 18:00UTC,2.24,319,1.75,309,2.07,323,2.1,339,2.03,337,1.86,315,2.07,326,2.06,325
3726,2019/07/22 00:00UTC,1.82,41,2.48,51,1.99,55,2.14,42,2.19,42,2.15,53,2.01,55,2.01,55
3727,2019/07/22 06:00UTC,0.39,148,1.27,117,1.27,94,1.32,89,1.31,91,1.27,100,1.27,94,1.27,94
3728,2019/07/22 12:00UTC,1.1,59,1.75,66,1.99,81,2.13,58,2.13,59,1.99,74,1.98,79,1.98,79
3729,2019/07/22 18:00UTC,2.26,22,2.31,39,1.79,69,3.1,39,3.03,39,2.01,58,1.87,66,1.87,66
3730,2019/07/23 00:00UTC,2.17,63,2.24,96,2.82,90,2.7,94,2.66,95,2.63,92,2.83,90,2.83,90
3731,2019/07/23 06:00UTC,2.4,93,2.45,91,3.16,91,2.66,92,2.64,92,2.94,90,3.11,91,3.11,91
3732,2019/07/23 12:00UTC,3.71,132,3.28,111,3.82,132,3.28,116,3.29,116,3.62,126,3.72,131,3.72,131
3733,2019/07/23 18:00UTC,1.85,84,2.47,56,2.2,83,1.89,45,1.97,46,2.26,69,2.18,79,2.18,79
3734,2019/07/24 00:00UTC,2.46,158,2.2,157,2.5,138,1.95,154,1.97,156,2.33,146,2.47,138,2.47,138
3735,2019/07/24 06:00UTC,2.53,262,1.95,198,3.04,249,2.95,219,2.87,218,2.62,237,3.0,247,2.99,247
3736,2019/07/24 12:00UTC,2.43,260,2.77,254,2.82,253,2.82,262,2.82,261,2.87,254,2.81,254,2.81,254
3737,2019/07/24 18:00UTC,1.33,252,0.41,198,0.84,244,1.2,186,1.21,188,0.86,233,0.84,234,0.84,235
3738,2019/07/25 00:00UTC,2.55,67,2.86,92,1.35,73,2.17,97,2.23,97,1.86,84,1.36,77,1.37,77
3739,2019/07/25 06:00UTC,0.93,149,2.26,166,2.39,155,2.46,169,2.44,170,2.39,160,2.34,154,2.35,154
3740,2019/07/25 12:00UTC,4.26,171,4.69,162,5.14,164,5.15,155,5.14,156,5.19,163,5.13,163,5.14,163
3741,2019/07/25 18:00UTC,2.9,124,1.62,116,1.64,178,1.91,123,1.87,124,1.44,150,1.66,180,1.65,180
3742,2019/07/26 00:00UTC,4.13,338,2.99,18,1.28,351,0.69,277,0.67,299,1.7,3,0.94,349,0.96,349
3743,2019/07/26 06:00UTC,5.33,303,5.38,314,6.46,325,5.65,316,5.67,316,6.31,321,6.42,324,6.42,324
3744,2019/07/26 12:00UTC,4.77,295,2.99,321,5.44,282,3.42,325,3.37,324,4.58,288,5.33,283,5.32,283
3745,2019/07/26 18:00UTC,3.9,341,5.18,318,4.1,312,5.31,297,5.32,298,4.43,312,4.2,311,4.2,311
3746,2019/07/27 00:00UTC,2.2,339,2.23,0,2.83,330,2.14,327,2.11,329,2.51,332,2.77,330,2.77,330
3747,2019/07/27 06:00UTC,3.06,338,2.41,331,2.92,339,2.7,336,2.67,336,2.78,336,2.88,339,2.88,339
3748,2019/07/27 12:00UTC,3.42,325,3.89,334,3.53,335,4.05,331,4.05,332,3.71,334,3.54,335,3.54,335
3749,2019/07/27 18:00UTC,5.82,326,5.03,331,5.62,330,5.25,328,5.25,328,5.5,329,5.51,330,5.52,330
3750,2019/07/28 00:00UTC,3.18,291,3.6,306,2.87,311,3.83,305,3.81,305,3.15,308,2.91,311,2.92,311
3751,2019/07/28 06:00UTC,4.32,285,3.95,290,4.06,293,4.0,282,4.0,283,4.08,291,4.01,292,4.01,292
3752,2019/07/28 12:00UTC,5.29,281,5.47,288,5.23,286,5.37,286,5.39,286,5.4,287,5.24,286,5.25,286
3753,2019/07/28 18:00UTC,3.77,290,3.05,289,3.86,287,3.68,283,3.65,283,3.83,286,3.83,287,3.84,287
3754,2019/07/29 00:00UTC,0.62,3,1.06,23,1.35,20,0.42,115,0.42,105,1.11,25,1.28,21,1.28,21
3755,2019/07/29 06:00UTC,1.54,141,1.9,118,2.39,126,1.69,140,1.71,138,2.26,124,2.35,125,2.35,125
3756,2019/07/29 12:00UTC,4.11,175,3.32,167,4.09,169,3.29,166,3.31,166,3.9,169,3.98,169,3.99,169
3757,2019/07/29 18:00UTC,2.77,230,1.59,181,2.63,234,2.32,209,2.25,208,2.31,228,2.55,233,2.55,233
3758,2019/07/30 00:00UTC,2.8,212,2.7,216,2.84,226,3.36,227,3.33,227,2.92,224,2.81,226,2.81,226
3759,2019/07/30 06:00UTC,6.43,204,5.57,215,6.45,212,5.18,214,5.21,214,6.2,213,6.32,212,6.32,212
3760,2019/07/30 12:00UTC,8.43,215,7.45,215,8.05,222,7.45,219,7.47,219,7.9,220,7.92,221,7.92,221
3761,2019/07/30 18:00UTC,5.7,237,6.3,241,4.95,245,5.49,237,5.56,238,5.36,242,5.01,245,5.01,245
3762,2019/07/31 00:00UTC,3.72,236,3.4,243,3.32,243,3.19,230,3.2,231,3.29,240,3.32,243,3.32,243
3763,2019/07/31 06:00UTC,4.4,232,3.66,236,3.61,239,3.69,229,3.69,229,3.68,236,3.55,238,3.56,238
3764,2019/07/31 12:00UTC,4.88,244,4.94,239,5.21,241,4.96,237,4.99,237,5.26,240,5.16,241,5.16,241
3765,2019/07/31 18:00UTC,2.5,272,1.99,270,1.86,281,1.75,268,1.79,268,1.97,276,1.86,279,1.86,279
3766,2019/08/01 00:00UTC,0.98,243,0.87,197,1.55,240,1.29,206,1.3,206,1.42,228,1.53,237,1.53,236
3767,2019/08/01 06:00UTC,1.13,328,1.49,193,0.44,333,1.2,184,1.26,186,0.48,231,0.29,314,0.29,312
3768,2019/08/01 12:00UTC,1.57,293,1.2,196,0.76,249,1.04,114,1.01,120,0.74,214,0.68,243,0.68,243
3769,2019/08/01 18:00UTC,3.11,334,2.2,343,3.44,334,2.23,9,2.21,7,2.97,336,3.39,335,3.38,335
3770,2019/08/02 00:00UTC,2.87,8,3.7,24,3.73,14,3.22,24,3.28,24,3.71,19,3.71,16,3.71,16
3771,2019/08/02 06:00UTC,2.5,3,2.99,19,3.08,359,3.07,15,3.05,15,2.99,5,3.03,360,3.03,360
3772,2019/08/02 12:00UTC,2.61,309,3.0,332,2.94,320,2.58,313,2.61,316,2.97,325,2.93,318,2.94,319
3773,2019/08/02 18:00UTC,4.59,360,2.21,344,2.85,328,2.57,359,2.47,357,2.48,328,2.83,331,2.83,331
3774,2019/08/03 00:00UTC,2.69,27,2.76,32,2.89,47,3.1,40,3.08,40,2.83,44,2.95,48,2.95,48
3775,2019/08/03 06:00UTC,2.02,36,2.26,33,2.44,52,2.85,39,2.83,39,2.43,48,2.48,52,2.47,52
3776,2019/08/03 12:00UTC,2.26,65,3.05,47,2.59,56,3.04,40,3.05,40,2.8,52,2.62,54,2.63,54
3777,2019/08/03 18:00UTC,3.31,42,2.19,51,2.0,68,2.51,42,2.49,43,2.13,65,2.01,67,2.01,67
3778,2019/08/04 00:00UTC,1.72,74,2.15,73,2.3,85,2.09,82,2.1,81,2.27,81,2.3,84,2.3,84
3779,2019/08/04 06:00UTC,1.23,130,1.18,130,1.83,119,1.69,111,1.65,112,1.65,122,1.81,118,1.81,118
3780,2019/08/04 12:00UTC,2.27,180,2.0,175,2.36,183,1.6,200,1.63,197,2.2,182,2.29,182,2.29,182
3781,2019/08/04 18:00UTC,1.6,270,0.11,215,2.55,240,3.31,279,3.11,278,2.32,245,2.48,243,2.48,243
3782,2019/08/05 00:00UTC,2.32,300,2.98,307,2.26,316,2.65,306,2.67,306,2.52,310,2.28,316,2.28,316
3783,2019/08/05 06:00UTC,1.68,210,2.14,263,1.8,243,2.11,257,2.14,257,2.01,250,1.78,247,1.78,247
3784,2019/08/05 12:00UTC,5.03,263,4.86,238,4.88,248,4.83,251,4.84,249,4.97,243,4.81,249,4.81,249
3785,2019/08/05 18:00UTC,3.66,260,3.91,243,4.04,246,3.73,259,3.78,257,4.17,245,4.04,247,4.04,247
3786,2019/08/06 00:00UTC,2.08,272,2.1,268,2.79,269,2.49,270,2.49,270,2.69,268,2.8,269,2.8,269
3787,2019/08/06 06:00UTC,0.8,308,1.71,241,1.84,236,2.03,235,2.06,235,1.93,234,1.83,237,1.83,237
3788,2019/08/06 12:00UTC,4.68,226,4.91,232,5.06,232,5.27,213,5.24,215,5.09,229,5.07,231,5.07,231
3789,2019/08/06 18:00UTC,3.86,240,2.72,252,3.28,273,3.26,275,3.23,274,3.22,271,3.25,272,3.25,272
3790,2019/08/07 00:00UTC,2.58,224,1.89,237,1.47,229,1.54,221,1.56,222,1.52,230,1.46,230,1.46,230
3791,2019/08/07 06:00UTC,0.92,243,1.47,275,1.48,281,1.1,257,1.12,259,1.46,278,1.49,282,1.49,282
3792,2019/08/07 12:00UTC,3.96,250,3.59,247,4.43,258,3.93,260,3.92,259,4.23,256,4.37,258,4.37,258
3793,2019/08/07 18:00UTC,2.96,300,2.71,266,3.0,253,2.87,240,2.86,241,2.93,252,3.0,252,3.0,252
3794,2019/08/08 00:00UTC,0.72,324,0.69,152,1.5,196,1.32,187,1.26,187,1.33,195,1.47,193,1.47,193
3795,2019/08/08 06:00UTC,0.31,47,1.79,171,1.5,206,2.53,185,2.5,185,1.72,196,1.59,204,1.59,204
3796,2019/08/08 12:00UTC,2.89,190,3.05,181,3.27,187,3.14,176,3.15,176,3.26,185,3.23,187,3.23,187
3797,2019/08/08 18:00UTC,0.77,244,1.41,101,1.35,206,1.66,210,1.47,206,0.91,179,1.3,204,1.29,204
3798,2019/08/09 00:00UTC,1.94,156,2.58,155,2.81,158,3.0,154,2.96,154,2.77,158,2.79,157,2.79,157
3799,2019/08/09 06:00UTC,3.01,217,2.67,199,2.81,219,3.92,197,3.79,197,2.79,214,2.88,218,2.88,218
3800,2019/08/09 12:00UTC,5.2,241,4.99,238,5.6,245,5.75,246,5.73,246,5.68,243,5.61,246,5.61,246
3801,2019/08/09 18:00UTC,6.32,199,4.86,214,5.86,203,5.09,217,5.07,217,5.51,206,5.76,205,5.75,205
3802,2019/08/10 00:00UTC,7.31,212,5.76,212,6.76,219,5.38,208,5.37,208,6.29,216,6.62,219,6.62,219
3803,2019/08/10 06:00UTC,7.61,231,7.15,235,7.49,239,6.48,234,6.53,234,7.34,238,7.42,239,7.42,239
3804,2019/08/10 12:00UTC,8.83,232,8.58,235,8.91,238,8.59,235,8.6,235,8.87,237,8.81,237,8.82,237
3805,2019/08/10 18:00UTC,5.04,240,4.88,242,5.36,238,4.82,243,4.84,243,5.27,239,5.3,239,5.3,239
3806,2019/08/11 00:00UTC,4.22,234,3.01,240,3.17,246,2.58,236,2.6,237,3.02,243,3.12,247,3.11,246
3807,2019/08/11 06:00UTC,3.03,222,2.35,213,2.27,218,2.18,199,2.2,200,2.28,213,2.21,217,2.21,217
3808,2019/08/11 12:00UTC,4.45,223,3.54,228,3.34,222,3.23,208,3.24,209,3.43,222,3.25,221,3.26,221
3809,2019/08/11 18:00UTC,3.21,233,2.2,191,2.71,230,2.9,179,2.84,179,2.37,213,2.58,227,2.58,227
3810,2019/08/12 00:00UTC,3.04,246,2.48,225,2.55,248,2.77,210,2.74,211,2.48,238,2.51,245,2.51,245
3811,2019/08/12 06:00UTC,2.65,228,2.6,230,2.53,230,2.69,228,2.69,228,2.65,230,2.5,230,2.5,230
3812,2019/08/12 12:00UTC,5.12,239,5.02,243,4.74,240,5.22,230,5.2,231,4.82,239,4.75,239,4.75,239
3813,2019/08/12 18:00UTC,4.12,286,3.72,282,3.47,293,3.94,252,3.89,254,3.53,286,3.43,290,3.43,290
3814,2019/08/13 00:00UTC,3.44,258,2.73,276,2.52,286,2.14,286,2.18,285,2.52,283,2.48,286,2.49,286
3815,2019/08/13 06:00UTC,3.17,243,3.35,249,3.14,254,2.93,247,2.97,247,3.22,252,3.1,254,3.1,254
3816,2019/08/13 12:00UTC,4.97,255,4.32,270,4.52,270,3.97,281,4.0,280,4.48,272,4.45,271,4.45,271
3817,2019/08/13 18:00UTC,2.48,276,2.48,300,2.18,308,2.39,304,2.4,303,2.28,303,2.2,309,2.2,309
3818,2019/08/14 00:00UTC,0.97,243,0.51,202,0.63,212,0.41,211,0.44,214,0.66,218,0.57,210,0.57,211
3819,2019/08/14 06:00UTC,1.57,212,1.58,217,1.78,214,1.85,213,1.84,213,1.78,216,1.76,213,1.76,214
3820,2019/08/14 12:00UTC,5.62,204,5.3,214,4.99,220,5.26,225,5.3,224,5.33,220,4.96,221,4.97,221
3821,2019/08/14 18:00UTC,4.57,221,4.21,241,4.35,245,4.16,236,4.18,237,4.41,245,4.37,246,4.37,246
3822,2019/08/15 00:00UTC,4.79,240,4.65,235,4.88,236,4.57,230,4.59,230,4.9,235,4.85,235,4.85,235
3823,2019/08/15 06:00UTC,5.91,269,5.87,273,5.38,274,5.14,264,5.2,265,5.55,273,5.36,274,5.37,274
3824,2019/08/15 12:00UTC,7.01,276,5.65,256,5.72,260,5.94,264,5.92,263,5.78,259,5.61,259,5.61,259
3825,2019/08/15 18:00UTC,4.86,294,4.49,275,4.23,268,3.93,270,3.97,271,4.32,269,4.19,268,4.19,268
3826,2019/08/16 00:00UTC,2.33,283,1.82,292,1.64,306,1.76,284,1.76,284,1.69,298,1.64,304,1.64,304
3827,2019/08/16 06:00UTC,1.18,204,1.03,237,0.51,144,0.74,191,0.74,196,0.49,198,0.46,148,0.46,149
3828,2019/08/16 12:00UTC,5.64,207,4.37,206,5.35,216,4.45,209,4.45,209,5.07,214,5.23,216,5.23,216
3829,2019/08/16 18:00UTC,4.0,219,3.36,235,3.6,231,3.2,237,3.23,237,3.55,234,3.56,233,3.56,233
3830,2019/08/17 00:00UTC,4.84,220,3.44,228,4.1,230,3.13,222,3.13,223,3.78,230,3.97,231,3.97,231
3831,2019/08/17 06:00UTC,5.06,214,4.74,207,5.46,212,5.11,215,5.08,214,5.32,211,5.35,212,5.36,212
3832,2019/08/17 12:00UTC,5.08,215,5.77,207,6.42,208,6.43,206,6.39,206,6.38,207,6.34,207,6.35,207
3833,2019/08/17 18:00UTC,3.46,231,4.77,220,4.24,238,5.38,226,5.37,225,4.58,233,4.34,237,4.34,236
3834,2019/08/18 00:00UTC,3.05,211,1.67,188,1.81,195,2.62,196,2.54,195,1.85,194,1.84,194,1.84,194
3835,2019/08/18 06:00UTC,3.94,190,6.49,212,7.13,214,6.44,213,6.49,213,7.1,214,7.01,214,7.01,214
3836,2019/08/18 12:00UTC,5.65,288,7.5,271,6.01,285,9.04,257,8.95,258,6.76,278,6.2,282,6.2,282
3837,2019/08/18 18:00UTC,3.91,288,2.98,252,4.06,254,3.15,254,3.15,253,3.76,252,4.02,254,4.01,254
3838,2019/08/19 00:00UTC,2.94,277,1.85,269,2.03,289,2.17,223,2.13,226,1.95,279,1.97,284,1.97,284
3839,2019/08/19 06:00UTC,3.46,237,2.67,268,2.7,260,2.33,258,2.35,259,2.67,262,2.65,262,2.65,262
3840,2019/08/19 12:00UTC,4.89,247,4.66,252,4.72,257,4.35,258,4.39,257,4.73,256,4.67,257,4.68,257
3841,2019/08/19 18:00UTC,2.81,309,2.05,263,1.95,256,2.52,266,2.48,265,2.01,256,1.95,256,1.95,256
3842,2019/08/20 00:00UTC,2.01,314,1.57,14,1.99,351,0.7,333,0.73,340,1.73,356,1.85,351,1.85,351
3843,2019/08/20 06:00UTC,1.38,294,1.45,31,2.59,343,1.81,16,1.8,18,2.15,354,2.53,345,2.53,345
3844,2019/08/20 12:00UTC,3.71,278,1.97,302,2.49,303,1.78,357,1.76,354,2.24,308,2.43,307,2.43,307
3845,2019/08/20 18:00UTC,3.32,326,2.02,334,2.06,344,2.4,357,2.35,355,2.01,342,2.07,343,2.07,343
3846,2019/08/21 00:00UTC,1.52,14,2.59,40,2.66,32,3.08,34,3.06,35,2.71,35,2.69,34,2.69,34
3847,2019/08/21 06:00UTC,1.2,35,2.26,49,2.58,57,2.92,59,2.88,58,2.55,56,2.62,58,2.62,58
3848,2019/08/21 12:00UTC,1.54,53,2.59,65,3.05,76,3.77,58,3.71,59,3.09,73,3.09,74,3.09,74
3849,2019/08/21 18:00UTC,2.29,6,2.09,32,1.37,59,2.43,33,2.4,33,1.58,50,1.43,57,1.43,57
3850,2019/08/22 00:00UTC,0.54,1,1.52,11,1.77,28,2.19,22,2.14,21,1.73,23,1.82,26,1.82,26
3851,2019/08/22 06:00UTC,0.84,354,1.41,39,1.49,40,1.91,44,1.87,44,1.49,41,1.52,41,1.52,41
3852,2019/08/22 12:00UTC,1.39,357,2.84,19,2.87,24,3.55,26,3.51,26,2.98,24,2.92,25,2.92,25
3853,2019/08/22 18:00UTC,1.91,350,2.05,71,1.64,347,2.35,39,2.3,43,1.37,14,1.54,353,1.54,353
3854,2019/08/23 00:00UTC,2.36,30,2.86,21,2.63,34,2.59,37,2.59,35,2.63,30,2.61,34,2.61,34
3855,2019/08/23 06:00UTC,1.59,46,2.4,49,2.46,53,2.46,50,2.46,50,2.46,52,2.47,53,2.47,53
3856,2019/08/23 12:00UTC,2.82,72,3.24,69,3.51,71,3.95,67,3.91,67,3.52,70,3.52,70,3.52,70
3857,2019/08/23 18:00UTC,2.93,39,2.7,44,2.5,65,2.97,36,2.94,37,2.52,60,2.51,64,2.51,64
3858,2019/08/24 00:00UTC,2.08,59,2.28,67,2.45,73,2.12,84,2.13,83,2.37,72,2.42,73,2.42,73
3859,2019/08/24 06:00UTC,1.43,67,1.64,86,1.9,81,1.57,96,1.57,95,1.81,83,1.86,82,1.86,82
3860,2019/08/24 12:00UTC,2.34,126,2.09,143,2.52,144,1.91,120,1.91,122,2.33,142,2.43,144,2.43,144
3861,2019/08/24 18:00UTC,1.39,69,1.66,87,1.78,92,1.94,91,1.91,91,1.76,91,1.76,91,1.76,91
3862,2019/08/25 00:00UTC,0.85,127,1.76,98,2.08,102,2.16,96,2.13,96,2.02,101,2.1,102,2.1,102
3863,2019/08/25 06:00UTC,0.52,110,0.78,82,1.08,95,0.91,102,0.89,100,0.99,93,1.11,93,1.11,93
3864,2019/08/25 12:00UTC,1.85,113,1.25,54,1.55,117,1.51,52,1.5,53,1.38,97,1.48,112,1.48,112
3865,2019/08/25 18:00UTC,2.27,39,2.25,66,1.49,352,2.21,50,2.19,53,1.37,24,1.45,355,1.45,356
3866,2019/08/26 00:00UTC,0.71,36,1.79,77,2.03,92,1.7,99,1.7,97,1.93,89,2.04,91,2.03,91
3867,2019/08/26 06:00UTC,0.88,47,1.51,67,1.35,46,1.35,58,1.37,58,1.36,52,1.38,47,1.37,47
3868,2019/08/26 12:00UTC,1.6,74,2.33,77,2.46,52,1.98,46,2.02,48,2.42,55,2.43,50,2.43,50
3869,2019/08/26 18:00UTC,1.97,3,2.43,25,1.86,16,1.59,0,1.68,3,1.97,17,1.84,16,1.84,16
3870,2019/08/27 00:00UTC,1.43,39,2.07,71,2.08,68,2.18,90,2.18,88,2.09,72,2.12,70,2.12,70
3871,2019/08/27 06:00UTC,1.46,72,1.78,127,1.7,129,2.0,152,1.98,151,1.78,131,1.69,132,1.69,132
3872,2019/08/27 12:00UTC,2.48,186,2.91,176,3.01,226,2.57,190,2.6,189,2.79,209,2.97,226,2.96,226
3873,2019/08/27 18:00UTC,4.02,215,3.43,264,2.95,261,5.96,233,5.77,236,3.67,264,3.2,260,3.2,260
3874,2019/08/28 00:00UTC,2.18,291,1.28,259,1.78,234,1.67,239,1.65,239,1.6,237,1.78,233,1.77,233
3875,2019/08/28 06:00UTC,2.24,239,1.69,225,2.08,242,2.13,193,2.09,195,1.98,235,2.01,240,2.01,240
3876,2019/08/28 12:00UTC,4.46,236,3.75,239,4.61,243,3.58,244,3.62,244,4.38,242,4.51,243,4.51,243
3877,2019/08/28 18:00UTC,1.46,271,3.47,281,2.69,281,3.5,296,3.5,295,2.98,280,2.84,283,2.84,283
3878,2019/08/29 00:00UTC,2.63,265,1.75,278,2.42,281,1.6,240,1.64,242,2.23,274,2.33,280,2.33,280
3879,2019/08/29 06:00UTC,3.34,284,2.76,276,2.79,282,2.67,269,2.69,269,2.84,278,2.77,281,2.77,281
3880,2019/08/29 12:00UTC,2.47,281,3.24,304,3.09,307,3.23,307,3.24,307,3.23,307,3.1,307,3.1,307
3881,2019/08/29 18:00UTC,2.45,338,1.86,340,2.3,351,1.86,333,1.87,333,2.22,348,2.26,350,2.26,350
3882,2019/08/30 00:00UTC,1.82,21,2.95,28,3.07,32,3.17,33,3.17,33,3.08,33,3.09,32,3.09,32
3883,2019/08/30 06:00UTC,0.63,65,1.76,62,1.91,68,2.45,49,2.41,50,1.93,66,1.96,67,1.96,67
3884,2019/08/30 12:00UTC,0.46,102,1.17,46,1.53,75,2.19,60,2.14,60,1.54,69,1.58,73,1.58,73
3885,2019/08/30 18:00UTC,2.3,30,2.88,43,2.7,37,3.7,30,3.66,31,2.87,40,2.8,37,2.8,38
3886,2019/08/31 00:00UTC,1.84,89,2.5,88,2.99,86,2.81,78,2.79,78,2.88,85,2.97,85,2.97,85
3887,2019/08/31 06:00UTC,1.84,119,2.55,120,2.08,127,2.49,143,2.47,141,2.2,125,2.08,129,2.08,129
3888,2019/08/31 12:00UTC,4.0,261,6.2,230,6.27,242,6.63,232,6.64,232,6.47,237,6.3,241,6.31,241
3889,2019/08/31 18:00UTC,4.72,316,4.26,282,4.49,278,4.55,281,4.54,280,4.52,276,4.51,278,4.51,278
3890,2019/09/01 00:00UTC,3.1,304,2.25,306,2.13,329,1.74,316,1.79,314,2.1,319,2.05,329,2.05,329
3891,2019/09/01 06:00UTC,2.08,297,2.43,290,2.72,318,3.01,314,2.95,312,2.7,310,2.71,316,2.71,316
3892,2019/09/01 12:00UTC,2.77,316,2.76,321,3.27,326,2.09,337,2.15,335,3.07,325,3.21,326,3.21,326
3893,2019/09/01 18:00UTC,3.5,330,4.3,324,4.61,334,4.17,328,4.21,327,4.55,329,4.67,333,4.66,333
3894,2019/09/02 00:00UTC,2.08,315,2.42,355,3.37,345,2.98,8,2.92,8,3.0,349,3.31,347,3.31,347
3895,2019/09/02 06:00UTC,1.49,327,1.13,3,2.19,345,1.5,12,1.44,12,1.76,348,2.1,347,2.09,347
3896,2019/09/02 12:00UTC,2.59,340,3.28,12,3.46,3,3.87,17,3.85,16,3.54,7,3.47,5,3.47,5
3897,2019/09/02 18:00UTC,2.49,313,1.27,13,2.49,345,2.5,10,2.39,10,2.15,349,2.47,346,2.46,346
3898,2019/09/03 00:00UTC,1.59,319,2.28,31,2.82,360,2.49,22,2.5,23,2.6,10,2.8,2,2.79,2
3899,2019/09/03 06:00UTC,1.98,268,0.46,263,1.52,332,0.99,16,0.87,16,1.02,327,1.43,335,1.42,335
3900,2019/09/03 12:00UTC,2.72,279,2.32,288,2.37,285,1.8,331,1.81,327,2.32,289,2.31,286,2.31,286
3901,2019/09/03 18:00UTC,3.25,339,0.95,343,1.99,344,1.88,349,1.76,348,1.62,339,1.9,342,1.9,342
3902,2019/09/04 00:00UTC,0.29,291,1.6,53,1.77,12,2.14,45,2.13,46,1.64,25,1.8,16,1.79,16
3903,2019/09/04 06:00UTC,1.84,213,1.23,167,0.85,175,1.06,188,1.06,186,0.97,175,0.82,174,0.83,174
3904,2019/09/04 12:00UTC,6.82,276,5.06,262,5.6,269,5.32,271,5.31,270,5.52,268,5.53,269,5.53,269
3905,2019/09/04 18:00UTC,4.37,289,4.73,309,3.67,316,4.14,313,4.21,313,4.19,314,3.7,314,3.7,314
3906,2019/09/05 00:00UTC,3.62,270,3.35,285,3.11,298,3.01,304,3.02,302,3.13,294,3.08,299,3.08,299
3907,2019/09/05 06:00UTC,2.84,315,2.98,302,3.13,308,2.79,291,2.81,291,3.04,304,3.11,307,3.11,307
3908,2019/09/05 12:00UTC,4.21,346,4.19,350,4.09,350,4.14,348,4.15,348,4.15,350,4.06,350,4.06,350
3909,2019/09/05 18:00UTC,4.76,352,2.64,0,3.63,345,3.18,1,3.08,1,3.24,347,3.47,346,3.47,346
3910,2019/09/06 00:00UTC,1.66,10,2.79,34,3.17,6,3.18,23,3.14,24,2.99,14,3.13,8,3.13,8
3911,2019/09/06 06:00UTC,1.22,286,1.62,5,2.56,341,2.67,359,2.6,359,2.31,346,2.53,343,2.53,343
3912,2019/09/06 12:00UTC,3.06,268,2.28,328,2.56,320,2.95,345,2.93,345,2.58,327,2.57,324,2.57,324
3913,2019/09/06 18:00UTC,4.46,303,2.97,294,2.92,301,2.0,292,2.06,291,2.81,297,2.88,299,2.88,299
3914,2019/09/07 00:00UTC,2.83,254,2.6,271,2.49,279,2.01,287,2.04,285,2.48,278,2.46,279,2.46,279
3915,2019/09/07 06:00UTC,2.12,296,1.8,267,2.4,282,1.85,247,1.85,248,2.15,274,2.31,279,2.31,279
3916,2019/09/07 12:00UTC,5.16,329,4.96,343,4.54,340,3.9,314,3.93,318,4.73,342,4.38,338,4.39,338
3917,2019/09/07 18:00UTC,4.08,355,3.76,356,3.12,346,2.58,353,2.67,353,3.15,349,3.08,346,3.08,346
3918,2019/09/08 00:00UTC,2.87,11,2.59,13,2.77,358,2.21,9,2.22,10,2.58,3,2.7,359,2.7,359
3919,2019/09/08 06:00UTC,2.36,337,2.72,347,3.24,341,2.71,344,2.69,344,2.99,341,3.19,341,3.19,341
3920,2019/09/08 12:00UTC,3.43,352,4.3,358,4.45,2,4.24,1,4.29,0,4.54,1,4.4,2,4.4,2
3921,2019/09/08 18:00UTC,3.07,354,2.53,353,3.38,338,2.17,354,2.17,354,3.04,342,3.27,338,3.27,338
3922,2019/09/09 00:00UTC,0.67,326,0.6,54,1.43,354,0.64,51,0.64,55,0.95,5,1.35,356,1.35,356
3923,2019/09/09 06:00UTC,0.95,158,1.84,149,1.79,153,1.99,159,1.98,159,1.85,155,1.82,153,1.82,153
3924,2019/09/09 12:00UTC,4.11,196,3.65,200,3.94,210,3.98,209,3.96,208,3.91,208,3.88,210,3.88,210
3925,2019/09/09 18:00UTC,0.27,32,2.02,200,1.67,228,0.38,96,0.36,131,1.82,218,1.49,227,1.5,227
3926,2019/09/10 00:00UTC,0.37,302,1.95,60,1.86,60,1.54,57,1.62,56,1.91,55,1.93,59,1.93,59
3927,2019/09/10 06:00UTC,1.16,354,1.75,36,2.24,32,2.57,40,2.5,40,2.15,33,2.25,32,2.25,32
3928,2019/09/10 12:00UTC,2.36,7,2.82,12,2.87,32,3.24,28,3.23,27,3.0,27,2.86,32,2.86,32
3929,2019/09/10 18:00UTC,2.27,347,1.65,33,1.72,5,2.16,46,2.11,46,1.6,20,1.7,9,1.7,9
3930,2019/09/11 00:00UTC,1.9,324,2.48,9,3.58,350,2.5,358,2.5,360,3.19,354,3.48,351,3.48,351
3931,2019/09/11 06:00UTC,2.01,246,0.91,319,1.62,338,1.41,8,1.36,6,1.43,338,1.6,341,1.6,341
3932,2019/09/11 12:00UTC,4.82,253,4.62,256,4.78,257,4.35,259,4.39,258,4.83,257,4.71,257,4.72,257
3933,2019/09/11 18:00UTC,2.82,274,2.89,270,2.56,267,2.94,285,2.93,283,2.71,267,2.56,268,2.56,267
3934,2019/09/12 00:00UTC,3.23,251,2.31,276,2.0,283,1.84,279,1.86,280,2.07,282,1.96,283,1.96,283
3935,2019/09/12 06:00UTC,3.25,239,2.47,240,2.27,241,1.89,241,1.94,241,2.33,241,2.2,241,2.21,241
3936,2019/09/12 12:00UTC,2.34,300,1.92,278,2.36,268,2.12,283,2.09,282,2.19,270,2.33,268,2.33,268
3937,2019/09/12 18:00UTC,2.61,345,1.89,11,2.67,2,2.61,31,2.56,30,2.54,8,2.64,3,2.64,3
3938,2019/09/13 00:00UTC,1.62,302,1.94,3,2.93,4,2.75,17,2.71,17,2.7,6,2.92,5,2.91,5
3939,2019/09/13 06:00UTC,1.45,300,0.95,20,1.95,14,2.36,41,2.25,41,1.68,19,1.94,17,1.94,17
3940,2019/09/13 12:00UTC,2.05,9,2.3,12,2.34,40,3.09,44,3.01,42,2.36,34,2.38,41,2.37,40
3941,2019/09/13 18:00UTC,3.21,28,3.68,41,3.52,33,4.21,32,4.18,33,3.59,35,3.58,33,3.58,33
3942,2019/09/14 00:00UTC,4.75,49,4.21,38,3.91,47,3.71,39,3.75,38,3.97,44,3.9,47,3.9,47
3943,2019/09/14 06:00UTC,3.5,50,3.14,36,3.3,41,2.74,42,2.77,42,3.21,39,3.25,42,3.25,42
3944,2019/09/14 12:00UTC,3.69,74,4.13,63,4.18,60,4.19,58,4.21,58,4.25,60,4.15,60,4.16,60
3945,2019/09/14 18:00UTC,2.41,44,2.17,47,2.02,65,2.61,34,2.55,35,2.01,60,2.03,63,2.03,63
3946,2019/09/15 00:00UTC,1.36,34,2.05,36,2.44,38,2.21,43,2.21,42,2.37,38,2.42,39,2.42,39
3947,2019/09/15 06:00UTC,1.07,7,1.29,39,1.85,31,1.85,37,1.81,37,1.68,33,1.85,32,1.85,32
3948,2019/09/15 12:00UTC,1.13,10,2.21,5,2.28,34,2.71,15,2.69,14,2.36,25,2.32,33,2.32,32
3949,2019/09/15 18:00UTC,2.26,337,1.83,1,2.33,19,3.27,3,3.14,3,2.19,12,2.38,18,2.37,18
3950,2019/09/16 00:00UTC,1.05,4,2.06,36,2.63,35,2.05,52,2.06,51,2.48,38,2.57,37,2.57,37
3951,2019/09/16 06:00UTC,1.02,298,1.79,13,2.34,5,1.82,28,1.84,27,2.23,9,2.25,7,2.25,7
3952,2019/09/16 12:00UTC,1.53,313,2.24,341,2.25,351,2.67,9,2.65,7,2.39,351,2.24,352,2.25,352
3953,2019/09/16 18:00UTC,3.38,351,1.82,7,2.97,350,2.84,20,2.7,20,2.39,355,2.86,351,2.86,351
3954,2019/09/17 00:00UTC,2.72,355,2.61,9,2.79,358,2.59,14,2.59,13,2.71,2,2.71,360,2.71,360
3955,2019/09/17 06:00UTC,1.33,25,2.36,29,2.47,27,2.63,35,2.61,34,2.45,28,2.47,29,2.46,29
3956,2019/09/17 12:00UTC,3.96,7,3.68,14,4.34,32,5.17,29,5.06,28,4.22,28,4.38,31,4.38,31
3957,2019/09/17 18:00UTC,4.02,12,3.99,25,3.71,25,4.28,20,4.25,21,3.75,27,3.73,26,3.73,26
3958,2019/09/18 00:00UTC,4.7,45,4.66,35,4.59,43,4.88,39,4.86,39,4.58,40,4.62,43,4.62,43
3959,2019/09/18 06:00UTC,4.73,52,4.95,45,5.08,50,5.01,44,5.02,44,5.07,48,5.08,50,5.08,50
3960,2019/09/18 12:00UTC,5.74,46,6.19,40,6.72,43,7.11,41,7.06,41,6.72,42,6.71,43,6.71,43
3961,2019/09/18 18:00UTC,4.1,31,3.65,29,3.74,36,4.17,30,4.12,30,3.68,35,3.74,37,3.74,37
3962,2019/09/19 00:00UTC,4.71,46,4.62,42,4.85,47,4.94,40,4.92,40,4.79,46,4.87,47,4.87,47
3963,2019/09/19 06:00UTC,4.46,56,4.69,45,4.7,47,5.04,44,5.02,44,4.73,47,4.71,47,4.71,47
3964,2019/09/19 12:00UTC,5.48,59,6.12,54,6.67,56,7.12,53,7.07,53,6.66,55,6.67,56,6.67,56
3965,2019/09/19 18:00UTC,4.78,47,4.04,46,4.24,55,4.63,43,4.58,44,4.19,53,4.27,55,4.27,55
3966,2019/09/20 00:00UTC,4.27,68,4.03,60,4.8,69,4.1,59,4.08,58,4.53,66,4.76,69,4.76,68
3967,2019/09/20 06:00UTC,4.36,75,4.05,74,4.92,76,4.14,70,4.13,70,4.61,75,4.85,75,4.85,75
3968,2019/09/20 12:00UTC,5.6,91,5.67,87,5.99,86,5.76,83,5.76,83,5.95,86,5.93,86,5.93,86
3969,2019/09/20 18:00UTC,3.99,83,3.98,71,4.07,74,3.97,70,3.96,70,4.05,72,4.05,74,4.05,74
3970,2019/09/21 00:00UTC,3.76,101,3.77,102,3.64,97,3.4,101,3.42,101,3.64,99,3.6,97,3.6,97
3971,2019/09/21 06:00UTC,2.87,115,2.84,129,2.73,131,2.93,158,2.89,156,2.7,133,2.71,132,2.71,132
3972,2019/09/21 12:00UTC,3.72,142,3.91,150,3.89,153,3.46,167,3.49,165,3.86,152,3.8,154,3.8,154
3973,2019/09/21 18:00UTC,1.88,134,2.57,128,2.62,126,2.56,128,2.55,129,2.57,128,2.58,126,2.58,126
3974,2019/09/22 00:00UTC,2.83,171,3.8,173,3.55,180,3.83,178,3.84,178,3.64,179,3.55,180,3.55,180
3975,2019/09/22 06:00UTC,3.95,172,3.34,163,3.83,169,3.63,168,3.6,168,3.63,167,3.73,169,3.73,169
3976,2019/09/22 12:00UTC,5.7,233,6.24,244,4.76,245,5.02,255,5.1,254,5.26,249,4.74,246,4.75,246
3977,2019/09/22 18:00UTC,4.19,191,3.72,183,4.05,197,3.35,190,3.4,189,3.97,193,3.95,197,3.96,197
3978,2019/09/23 00:00UTC,4.31,229,2.84,190,5.18,231,3.47,199,3.42,198,4.21,221,5.01,230,4.99,230
3979,2019/09/23 06:00UTC,3.74,229,3.15,237,3.49,241,3.38,237,3.36,237,3.51,240,3.46,242,3.46,242
3980,2019/09/23 12:00UTC,4.84,211,4.17,231,4.38,220,4.25,238,4.25,237,4.34,225,4.31,221,4.31,221
3981,2019/09/23 18:00UTC,4.06,206,2.66,195,3.25,213,3.03,199,2.99,199,3.07,209,3.2,212,3.2,212
3982,2019/09/24 00:00UTC,4.2,183,2.66,180,3.68,183,2.73,172,2.72,172,3.26,179,3.51,183,3.51,183
3983,2019/09/24 06:00UTC,8.15,162,6.39,184,7.16,178,5.88,190,5.92,189,6.79,182,6.88,179,6.88,179
3984,2019/09/24 12:00UTC,4.98,201,5.64,194,6.19,209,5.95,203,5.93,203,6.1,205,6.14,209,6.14,209
3985,2019/09/24 18:00UTC,3.7,269,4.46,257,4.33,258,4.77,243,4.77,244,4.47,257,4.39,257,4.39,257
3986,2019/09/25 00:00UTC,4.92,222,4.42,232,4.81,227,4.83,233,4.8,233,4.69,228,4.75,228,4.75,228
3987,2019/09/25 06:00UTC,5.29,215,5.08,216,5.23,216,5.37,214,5.36,214,5.29,215,5.2,215,5.21,215
3988,2019/09/25 12:00UTC,5.94,238,6.0,227,6.77,237,5.78,229,5.85,229,6.68,233,6.67,236,6.68,236
3989,2019/09/25 18:00UTC,3.73,228,2.94,228,3.3,229,3.38,226,3.36,226,3.25,230,3.27,229,3.27,229
3990,2019/09/26 00:00UTC,4.22,232,3.44,233,4.66,240,4.03,237,3.98,237,4.3,238,4.57,240,4.57,240
3991,2019/09/26 06:00UTC,5.75,214,5.35,216,5.96,221,5.57,218,5.57,218,5.88,220,5.87,221,5.87,221
3992,2019/09/26 12:00UTC,6.88,224,6.89,222,7.59,226,6.59,224,6.62,224,7.36,225,7.43,226,7.43,226
3993,2019/09/26 18:00UTC,6.98,216,6.65,216,6.93,212,6.41,216,6.46,216,6.91,214,6.85,212,6.85,212
3994,2019/09/27 00:00UTC,3.82,247,4.68,226,5.13,238,5.61,220,5.57,220,5.09,234,5.1,237,5.1,237
3995,2019/09/27 06:00UTC,5.0,225,3.98,226,3.44,223,2.86,250,2.91,247,3.47,226,3.39,224,3.39,224
3996,2019/09/27 12:00UTC,7.96,236,7.96,239,7.97,239,7.65,241,7.7,241,8.08,239,7.89,239,7.9,239
3997,2019/09/27 18:00UTC,6.16,234,4.77,233,4.95,239,4.45,232,4.45,232,4.78,236,4.86,239,4.86,239
3998,2019/09/28 00:00UTC,5.32,231,4.69,228,5.0,235,4.82,224,4.81,224,4.9,231,4.94,234,4.94,234
3999,2019/09/28 06:00UTC,6.15,228,4.76,226,4.77,233,4.37,224,4.39,224,4.71,231,4.72,233,4.72,233
4000,2019/09/28 12:00UTC,7.0,244,6.62,238,7.02,241,6.48,239,6.51,239,7.01,240,6.9,241,6.91,241
4001,2019/09/28 18:00UTC,4.58,216,3.32,218,3.58,216,3.56,206,3.52,207,3.44,214,3.53,216,3.53,216
4002,2019/09/29 00:00UTC,5.94,201,3.9,200,4.87,211,4.3,199,4.24,199,4.49,208,4.75,211,4.75,211
4003,2019/09/29 06:00UTC,7.16,211,6.17,205,7.12,212,6.7,204,6.65,204,6.89,210,6.99,211,6.99,211
4004,2019/09/29 12:00UTC,9.2,224,8.87,217,9.3,219,9.6,218,9.55,218,9.31,218,9.24,219,9.24,219
4005,2019/09/29 18:00UTC,8.9,258,8.68,246,8.88,257,8.53,240,8.54,240,8.76,251,8.82,255,8.82,255
4006,2019/09/30 00:00UTC,6.05,262,5.84,262,5.43,264,4.87,261,4.96,261,5.64,262,5.39,263,5.4,263
4007,2019/09/30 06:00UTC,4.64,233,3.85,243,3.67,243,3.51,240,3.54,241,3.79,242,3.65,243,3.66,243
4008,2019/09/30 12:00UTC,4.22,230,4.26,237,4.11,232,3.99,239,4.03,239,4.21,234,4.06,232,4.07,232
4009,2019/09/30 18:00UTC,3.91,178,2.78,188,3.38,189,2.88,190,2.87,190,3.21,189,3.27,189,3.27,189
4010,2019/10/01 00:00UTC,5.54,217,5.26,199,5.63,211,5.04,203,5.05,203,5.49,207,5.56,210,5.56,210
4011,2019/10/01 06:00UTC,5.8,212,5.64,217,6.47,218,5.54,217,5.54,218,6.27,218,6.32,218,6.32,218
4012,2019/10/01 12:00UTC,6.64,231,6.85,227,7.23,234,7.47,226,7.46,226,7.27,232,7.19,233,7.2,233
4013,2019/10/01 18:00UTC,4.37,265,4.65,243,6.09,247,4.97,230,4.94,231,5.67,245,5.98,247,5.97,247
4014,2019/10/02 00:00UTC,4.42,267,5.41,255,6.53,256,5.97,246,5.99,247,6.46,256,6.47,255,6.47,255
4015,2019/10/02 06:00UTC,4.33,355,5.64,358,6.2,356,4.54,330,4.59,333,5.91,354,6.04,355,6.04,355
4016,2019/10/02 12:00UTC,4.4,356,4.31,346,4.8,340,4.7,345,4.66,345,4.65,342,4.78,340,4.77,340
4017,2019/10/02 18:00UTC,3.09,342,3.61,343,4.11,345,3.75,348,3.73,348,3.94,343,4.1,344,4.1,344
4018,2019/10/03 00:00UTC,0.59,351,1.03,49,1.37,18,1.61,34,1.56,36,1.21,27,1.37,20,1.36,20
4019,2019/10/03 06:00UTC,0.48,239,0.22,105,0.37,101,0.76,97,0.72,97,0.31,104,0.4,99,0.4,99
4020,2019/10/03 12:00UTC,2.24,159,2.38,155,2.39,147,2.22,145,2.23,146,2.38,149,2.35,147,2.35,147
4021,2019/10/03 18:00UTC,2.31,177,1.62,153,1.85,159,1.98,148,1.95,148,1.79,153,1.79,159,1.79,158
4022,2019/10/04 00:00UTC,5.75,195,4.34,195,5.07,202,4.58,191,4.54,191,4.83,200,4.96,202,4.96,202
4023,2019/10/04 06:00UTC,5.55,272,5.19,254,5.64,277,5.02,242,5.03,243,5.37,269,5.55,275,5.54,275
4024,2019/10/04 12:00UTC,6.41,266,6.52,260,6.32,261,6.26,263,6.28,263,6.4,260,6.28,262,6.28,262
4025,2019/10/04 18:00UTC,5.51,251,5.83,245,5.61,246,4.98,241,5.05,241,5.67,245,5.52,245,5.52,245
4026,2019/10/05 00:00UTC,4.11,267,4.31,260,4.91,260,4.44,254,4.44,254,4.78,259,4.85,259,4.85,259
4027,2019/10/05 06:00UTC,2.04,254,2.05,255,2.77,259,2.54,249,2.52,250,2.61,257,2.72,259,2.72,259
4028,2019/10/05 12:00UTC,2.44,256,2.74,248,3.17,264,3.75,266,3.7,265,3.17,261,3.16,263,3.16,263
4029,2019/10/05 18:00UTC,1.63,244,1.89,220,2.2,256,1.78,230,1.81,229,2.06,245,2.14,254,2.14,254
4030,2019/10/06 00:00UTC,1.7,223,1.72,242,1.83,240,2.07,242,2.06,242,1.87,243,1.82,241,1.82,241
4031,2019/10/06 06:00UTC,4.97,208,3.74,211,4.05,221,3.29,212,3.33,212,3.94,218,3.94,221,3.95,221
4032,2019/10/06 12:00UTC,8.11,287,5.6,276,7.23,290,5.08,262,5.09,263,6.58,285,6.97,289,6.97,289
4033,2019/10/06 18:00UTC,5.41,275,4.46,288,4.06,295,3.95,287,3.97,287,4.1,294,4.05,295,4.05,295
4034,2019/10/07 00:00UTC,4.86,284,4.47,279,4.5,282,4.68,268,4.65,268,4.47,280,4.48,281,4.48,281
4035,2019/10/07 06:00UTC,3.34,276,2.8,291,3.55,282,2.58,275,2.58,276,3.21,283,3.47,281,3.46,281
4036,2019/10/07 12:00UTC,3.7,269,3.1,279,3.34,273,3.4,281,3.38,281,3.22,276,3.25,274,3.25,274
4037,2019/10/07 18:00UTC,4.69,203,3.43,223,3.63,211,3.13,225,3.16,225,3.53,216,3.51,212,3.51,212
4038,2019/10/08 00:00UTC,5.88,213,5.5,210,6.33,215,5.58,204,5.58,205,6.15,213,6.21,215,6.21,215
4039,2019/10/08 06:00UTC,5.08,225,5.41,215,6.6,217,6.53,211,6.45,211,6.37,216,6.53,217,6.53,217
4040,2019/10/08 12:00UTC,3.69,243,4.21,240,3.35,273,6.99,229,6.83,230,3.79,260,3.5,266,3.5,266
4041,2019/10/08 18:00UTC,4.52,234,4.15,253,3.84,257,3.59,257,3.63,257,3.91,256,3.82,257,3.82,257
4042,2019/10/09 00:00UTC,3.68,222,2.92,218,3.19,227,3.67,222,3.61,221,3.16,223,3.15,225,3.15,225
4043,2019/10/09 06:00UTC,5.74,217,5.46,215,5.49,219,5.88,217,5.86,217,5.65,219,5.49,219,5.49,219
4044,2019/10/09 12:00UTC,8.43,252,8.12,250,8.12,253,8.5,253,8.5,252,8.27,252,8.06,253,8.06,253
4045,2019/10/09 18:00UTC,3.69,239,3.76,239,4.51,240,4.21,239,4.19,239,4.33,238,4.51,240,4.51,240
4046,2019/10/10 00:00UTC,7.7,241,6.46,241,6.65,244,6.03,232,6.06,233,6.62,242,6.58,243,6.58,243
4047,2019/10/10 06:00UTC,5.36,244,5.23,247,5.17,246,4.8,245,4.84,245,5.23,246,5.12,246,5.12,246
4048,2019/10/10 12:00UTC,5.81,262,5.52,263,5.5,259,5.5,262,5.51,262,5.54,261,5.45,260,5.46,260
4049,2019/10/10 18:00UTC,3.16,225,2.4,217,2.47,226,2.36,212,2.36,212,2.41,222,2.45,225,2.45,224
4050,2019/10/11 00:00UTC,3.65,209,3.05,202,3.39,224,3.88,216,3.8,216,3.32,218,3.37,224,3.37,223
4051,2019/10/11 06:00UTC,4.69,206,4.32,195,4.75,204,4.91,201,4.85,200,4.69,201,4.68,203,4.68,203
4052,2019/10/11 12:00UTC,6.51,216,6.77,215,7.06,214,6.28,213,6.34,213,7.05,214,6.92,214,6.93,214
4053,2019/10/11 18:00UTC,3.83,196,3.28,194,3.31,197,3.28,190,3.28,190,3.32,195,3.26,196,3.26,196
4054,2019/10/12 00:00UTC,4.26,226,4.07,207,4.52,223,4.46,206,4.41,206,4.37,217,4.5,222,4.5,222
4055,2019/10/12 06:00UTC,3.93,211,3.56,202,3.23,201,3.55,196,3.54,196,3.37,200,3.21,201,3.22,201
4056,2019/10/12 12:00UTC,4.2,206,5.53,193,5.58,205,5.34,197,5.4,197,5.66,202,5.56,204,5.56,204
4057,2019/10/12 18:00UTC,1.98,186,2.3,169,2.44,195,2.42,192,2.4,191,2.34,188,2.4,194,2.4,194
4058,2019/10/13 00:00UTC,3.49,172,3.63,172,3.91,195,4.18,180,4.14,180,3.79,188,3.9,195,3.9,195
4059,2019/10/13 06:00UTC,4.83,171,4.82,159,5.01,166,4.72,167,4.7,166,4.91,164,4.92,165,4.92,165
4060,2019/10/13 12:00UTC,7.87,218,8.79,222,9.49,220,9.24,226,9.25,226,9.49,222,9.37,221,9.38,221
4061,2019/10/13 18:00UTC,4.64,265,4.39,273,3.98,278,3.2,264,3.27,266,3.99,276,3.97,278,3.97,278
4062,2019/10/14 00:00UTC,1.58,50,0.88,337,0.68,26,0.47,196,0.4,207,0.44,352,0.6,18,0.6,18
4063,2019/10/14 06:00UTC,3.23,121,4.12,148,4.02,149,4.19,161,4.2,160,4.12,152,4.03,150,4.03,150
4064,2019/10/14 12:00UTC,4.61,184,5.17,178,4.59,166,5.29,181,5.3,181,4.97,174,4.57,164,4.58,164
4065,2019/10/14 18:00UTC,6.57,208,8.89,211,9.29,210,7.66,211,7.77,211,9.15,210,9.12,211,9.12,211
4066,2019/10/15 00:00UTC,2.63,197,1.74,165,1.72,170,0.89,179,0.93,175,1.66,165,1.61,166,1.61,166
4067,2019/10/15 06:00UTC,3.54,226,2.27,221,2.95,230,2.1,245,2.09,243,2.53,229,2.85,231,2.85,231
4068,2019/10/15 12:00UTC,5.48,232,5.0,229,5.22,241,4.82,223,4.85,224,5.14,235,5.11,241,5.11,241
4069,2019/10/15 18:00UTC,5.2,247,4.34,239,3.71,242,3.56,236,3.61,236,3.84,240,3.71,242,3.71,242
4070,2019/10/16 00:00UTC,4.67,202,4.21,187,5.11,200,4.68,191,4.65,190,4.87,195,5.0,199,5.0,199
4071,2019/10/16 06:00UTC,8.53,206,7.27,201,8.06,206,6.12,198,6.21,198,7.74,204,7.85,205,7.85,205
4072,2019/10/16 12:00UTC,7.11,210,8.14,210,9.52,214,8.8,213,8.79,213,9.45,213,9.39,214,9.4,214
4073,2019/10/16 18:00UTC,7.94,191,6.8,197,7.8,200,7.03,201,7.01,201,7.58,200,7.65,201,7.66,201
4074,2019/10/17 00:00UTC,4.37,271,6.37,217,5.56,229,5.58,218,5.67,218,5.95,225,5.68,227,5.69,227
4075,2019/10/17 06:00UTC,1.78,200,2.73,210,2.18,186,3.67,204,3.59,204,2.39,195,2.24,189,2.25,189
4076,2019/10/17 12:00UTC,2.22,137,4.42,190,4.29,201,5.44,202,5.39,201,4.56,197,4.34,201,4.34,201
4077,2019/10/17 18:00UTC,3.16,192,4.56,185,5.33,192,5.27,193,5.26,193,5.31,191,5.38,192,5.38,192
4078,2019/10/18 00:00UTC,4.82,191,3.97,187,4.61,194,4.48,191,4.44,191,4.38,191,4.53,195,4.53,195
4079,2019/10/18 06:00UTC,8.15,226,7.42,223,8.45,236,6.84,216,6.87,216,8.01,232,8.31,236,8.31,235
4080,2019/10/18 12:00UTC,8.52,235,7.93,239,7.93,240,7.52,239,7.57,239,7.98,240,7.84,240,7.85,240
4081,2019/10/18 18:00UTC,5.76,210,3.65,200,3.89,204,3.44,193,3.44,193,3.74,201,3.84,204,3.84,204
4082,2019/10/19 00:00UTC,4.98,210,4.23,194,4.4,204,4.53,200,4.51,199,4.35,200,4.37,204,4.37,204
4083,2019/10/19 06:00UTC,4.64,217,4.47,210,4.68,209,4.15,214,4.18,213,4.55,209,4.7,209,4.7,209
4084,2019/10/19 12:00UTC,3.46,227,3.27,221,2.78,229,2.99,224,3.03,224,3.01,226,2.73,228,2.74,228
4085,2019/10/19 18:00UTC,0.52,220,2.68,154,2.75,153,1.98,151,2.06,151,2.82,153,2.71,153,2.72,153
4086,2019/10/20 00:00UTC,0.77,322,0.41,136,1.32,98,1.31,19,1.2,20,0.97,98,1.32,94,1.31,94
4087,2019/10/20 06:00UTC,3.42,26,4.1,18,4.35,26,4.07,35,4.1,33,4.35,25,4.32,27,4.32,27
4088,2019/10/20 12:00UTC,3.89,24,4.92,29,5.33,28,4.55,33,4.58,32,5.19,29,5.22,30,5.22,30
4089,2019/10/20 18:00UTC,4.95,16,3.66,10,5.88,10,3.76,26,3.79,25,5.19,12,5.68,11,5.68,11
4090,2019/10/21 00:00UTC,4.02,8,2.47,162,1.79,278,5.78,200,5.52,199,1.58,226,1.77,260,1.76,260
4091,2019/10/21 06:00UTC,3.57,261,5.24,223,4.64,241,5.71,221,5.68,221,4.92,233,4.66,238,4.67,238
4092,2019/10/21 12:00UTC,4.68,277,4.05,262,3.93,264,3.33,256,3.37,257,3.95,264,3.87,264,3.87,264
4093,2019/10/21 18:00UTC,1.39,280,1.48,234,1.15,277,1.1,261,1.11,259,1.16,262,1.13,275,1.13,275
4094,2019/10/22 00:00UTC,1.34,269,1.68,249,1.55,252,1.58,233,1.59,234,1.67,249,1.54,251,1.55,251
4095,2019/10/22 06:00UTC,1.05,244,0.58,277,1.17,321,0.55,13,0.5,6,0.99,313,1.08,323,1.08,323
4096,2019/10/22 12:00UTC,0.98,102,2.03,75,2.49,65,2.84,62,2.8,63,2.46,65,2.54,65,2.54,65
4097,2019/10/22 18:00UTC,2.82,64,3.17,60,3.54,69,4.01,53,3.94,54,3.51,65,3.59,68,3.58,68
4098,2019/10/23 00:00UTC,4.23,55,4.21,48,5.37,57,4.89,56,4.84,55,5.12,54,5.33,57,5.33,57
4099,2019/10/23 06:00UTC,3.25,67,3.61,55,4.18,61,3.67,57,3.68,56,4.09,58,4.14,61,4.14,61
4100,2019/10/23 18:00UTC,2.12,154,1.02,134,1.54,101,1.15,49,1.09,51,1.26,102,1.46,97,1.46,97
4101,2019/10/24 00:00UTC,3.14,124,3.62,138,3.99,164,3.93,151,3.94,150,3.95,156,3.9,163,3.91,163
4102,2019/10/24 06:00UTC,4.07,179,3.9,183,3.93,184,4.45,185,4.41,185,4.0,185,3.93,184,3.93,184
4103,2019/10/24 12:00UTC,6.5,216,6.19,207,6.23,215,6.61,206,6.58,206,6.37,212,6.22,215,6.23,215
4104,2019/10/24 18:00UTC,3.7,211,2.67,203,3.52,211,3.4,187,3.32,188,3.32,204,3.46,209,3.46,209
4105,2019/10/25 00:00UTC,3.27,242,2.53,245,3.28,246,2.37,220,2.36,222,2.95,243,3.26,246,3.25,246
4106,2019/10/25 06:00UTC,3.59,207,2.99,192,3.0,200,3.28,189,3.27,189,3.05,196,2.97,199,2.97,199
4107,2019/10/25 12:00UTC,6.08,190,5.7,199,5.55,199,5.14,209,5.18,208,5.6,199,5.46,199,5.46,199
4108,2019/10/25 18:00UTC,4.57,190,3.94,181,3.73,189,3.42,177,3.47,177,3.78,185,3.65,187,3.66,187
4109,2019/10/26 00:00UTC,4.47,187,4.14,181,4.1,185,3.76,177,3.8,177,4.14,184,4.02,184,4.03,184
4110,2019/10/26 06:00UTC,4.41,188,3.37,185,3.44,184,3.29,182,3.28,182,3.4,184,3.37,184,3.37,184
4111,2019/10/26 12:00UTC,6.58,210,6.0,202,6.56,207,5.73,207,5.76,207,6.44,206,6.43,207,6.44,207
4112,2019/10/26 18:00UTC,5.58,202,4.95,203,5.34,204,4.48,204,4.51,204,5.17,204,5.26,204,5.26,204
4113,2019/10/27 00:00UTC,4.11,231,3.1,221,3.36,228,3.35,214,3.32,214,3.28,225,3.34,228,3.34,228
4114,2019/10/27 06:00UTC,5.17,7,2.26,289,2.72,321,2.33,236,2.35,238,2.4,302,2.51,313,2.51,313
4115,2019/10/27 12:00UTC,3.99,41,4.53,35,4.4,40,3.95,27,4.04,28,4.48,37,4.34,39,4.35,39
4116,2019/10/27 18:00UTC,1.98,63,3.78,50,4.6,54,4.48,39,4.47,40,4.48,52,4.6,53,4.6,53
4117,2019/10/28 00:00UTC,4.34,50,4.29,51,4.8,61,4.98,50,4.92,50,4.71,58,4.79,60,4.79,60
4118,2019/10/28 06:00UTC,4.79,65,4.34,54,5.06,68,4.41,56,4.41,56,4.84,64,5.04,68,5.04,68
4119,2019/10/28 12:00UTC,4.69,68,4.14,64,4.33,66,4.34,59,4.32,59,4.3,64,4.29,66,4.29,66
4120,2019/10/28 18:00UTC,4.95,67,4.57,52,4.49,55,4.42,48,4.44,48,4.52,53,4.5,54,4.5,54
4121,2019/10/29 00:00UTC,4.82,65,3.5,57,3.94,61,3.59,50,3.57,50,3.74,59,3.91,60,3.91,60
4122,2019/10/29 06:00UTC,4.65,66,4.96,58,4.79,60,5.13,51,5.13,52,4.98,58,4.8,59,4.8,59
4123,2019/10/29 12:00UTC,4.76,73,3.06,75,4.45,73,3.71,58,3.6,58,3.81,72,4.37,72,4.36,72
4124,2019/10/29 18:00UTC,3.82,70,4.5,73,4.93,74,5.02,71,4.99,71,4.91,74,4.93,74,4.93,74
4125,2019/10/30 00:00UTC,4.49,86,4.07,78,4.75,71,3.95,68,3.98,69,4.67,72,4.63,70,4.64,70
4126,2019/10/30 06:00UTC,4.01,82,3.32,81,3.4,79,2.85,79,2.87,79,3.32,78,3.38,79,3.38,79
4127,2019/10/30 12:00UTC,3.41,70,2.25,70,2.1,64,2.12,70,2.11,70,2.08,65,2.03,64,2.04,64
4128,2019/10/30 18:00UTC,2.43,99,2.21,91,2.04,93,2.01,54,2.0,57,1.99,89,1.98,90,1.98,90
4129,2019/10/31 00:00UTC,3.52,97,2.57,94,2.74,88,2.25,82,2.27,83,2.64,88,2.63,88,2.64,88
4130,2019/10/31 06:00UTC,3.79,97,3.92,102,3.79,106,3.7,106,3.72,105,3.88,104,3.74,106,3.75,106
4131,2019/10/31 12:00UTC,3.37,80,3.3,90,3.32,92,3.52,101,3.51,100,3.4,92,3.3,92,3.3,92
4132,2019/10/31 18:00UTC,1.98,64,2.48,43,2.19,44,1.81,9,1.87,12,2.33,40,2.19,42,2.19,42
4133,2019/11/01 00:00UTC,1.41,202,0.86,219,1.8,225,2.41,241,2.29,240,1.6,227,1.8,228,1.79,228
4134,2019/11/01 06:00UTC,3.95,177,3.56,191,4.52,186,3.74,191,3.72,191,4.24,187,4.37,186,4.37,186
4135,2019/11/01 12:00UTC,5.02,207,6.43,194,6.38,212,5.7,204,5.75,203,6.36,207,6.3,211,6.31,211
4136,2019/11/01 18:00UTC,5.82,214,5.52,202,6.19,221,6.19,205,6.17,205,6.14,216,6.11,220,6.11,220
4137,2019/11/02 00:00UTC,6.55,223,6.86,216,7.38,223,7.56,217,7.52,217,7.37,221,7.38,222,7.38,222
4138,2019/11/02 06:00UTC,6.94,233,6.65,236,7.33,241,6.7,239,6.7,239,7.18,239,7.26,241,7.26,241
4139,2019/11/02 12:00UTC,8.98,231,8.76,225,9.03,226,7.65,229,7.75,229,8.97,226,8.9,227,8.9,227
4140,2019/11/02 18:00UTC,7.99,219,7.32,216,7.31,219,7.11,215,7.14,215,7.31,218,7.26,219,7.27,219
4141,2019/11/03 00:00UTC,5.36,202,4.85,209,4.99,206,5.91,210,5.82,210,5.02,208,4.99,207,4.99,207
4142,2019/11/03 06:00UTC,3.79,141,5.71,171,6.97,169,6.56,175,6.51,174,6.72,172,6.88,170,6.88,170
4143,2019/11/03 12:00UTC,5.81,320,4.0,265,5.59,287,4.78,275,4.75,275,5.23,281,5.39,284,5.39,284
4144,2019/11/03 18:00UTC,5.09,242,5.78,244,6.58,250,6.13,246,6.14,246,6.43,248,6.52,250,6.52,250
4145,2019/11/04 00:00UTC,5.37,211,4.76,213,5.43,210,5.36,209,5.31,209,5.31,211,5.38,211,5.38,211
4146,2019/11/04 06:00UTC,5.34,237,5.4,235,6.13,237,5.73,233,5.73,233,5.99,236,6.07,237,6.07,237
4147,2019/11/04 12:00UTC,7.42,225,7.82,233,7.89,234,7.7,237,7.74,237,7.99,234,7.89,235,7.89,235
4148,2019/11/04 18:00UTC,7.26,240,7.38,236,7.84,252,6.81,242,6.88,242,7.82,248,7.8,253,7.8,252
4149,2019/11/05 00:00UTC,4.87,195,4.71,195,5.45,201,4.97,198,4.94,197,5.24,199,5.36,201,5.36,201
4150,2019/11/05 06:00UTC,3.4,194,4.15,195,4.63,201,4.58,194,4.54,194,4.55,199,4.62,200,4.62,200
4151,2019/11/05 12:00UTC,0.85,182,1.82,180,2.12,213,2.26,198,2.21,197,2.0,204,2.12,213,2.11,213
4152,2019/11/05 18:00UTC,2.08,345,1.81,16,2.16,358,1.43,340,1.46,344,1.99,2,2.13,358,2.12,358
4153,2019/11/06 00:00UTC,1.87,277,2.36,277,2.64,288,2.59,279,2.59,279,2.63,284,2.61,287,2.61,287
4154,2019/11/06 06:00UTC,1.77,292,2.57,277,2.61,294,2.74,254,2.71,256,2.6,287,2.6,291,2.6,291
4155,2019/11/06 12:00UTC,2.72,290,3.27,276,3.01,257,3.58,244,3.54,246,3.18,261,3.05,256,3.05,256
4156,2019/11/06 18:00UTC,2.99,184,2.67,210,3.65,207,3.71,202,3.65,203,3.52,206,3.59,206,3.59,206
4157,2019/11/07 00:00UTC,3.4,175,4.89,174,4.94,179,4.88,180,4.9,180,5.06,179,4.88,180,4.88,180
4158,2019/11/07 06:00UTC,3.76,247,5.82,209,7.23,280,5.78,217,5.83,217,5.93,261,6.99,278,6.97,278
4159,2019/11/07 12:00UTC,6.73,242,6.82,246,6.76,247,6.87,248,6.88,248,6.88,247,6.73,247,6.74,247
4160,2019/11/07 18:00UTC,4.12,195,3.54,187,3.77,198,3.62,191,3.61,191,3.63,193,3.75,198,3.74,198
4161,2019/11/08 00:00UTC,2.28,171,2.47,163,2.52,175,2.65,170,2.63,169,2.47,170,2.49,175,2.49,175
4162,2019/11/08 06:00UTC,2.05,137,2.16,145,2.68,123,2.61,142,2.57,142,2.49,129,2.64,124,2.64,124
4163,2019/11/08 12:00UTC,1.34,32,1.37,67,1.97,62,1.83,100,1.79,98,1.85,66,1.9,65,1.9,65
4164,2019/11/08 18:00UTC,0.63,340,0.64,19,1.35,8,1.9,4,1.78,4,1.15,8,1.33,9,1.33,9
4165,2019/11/09 00:00UTC,1.64,262,1.67,268,1.98,288,1.7,268,1.72,268,1.94,282,1.92,288,1.92,288
4166,2019/11/09 06:00UTC,2.27,259,2.69,241,1.87,257,2.79,234,2.8,234,2.16,249,1.9,254,1.9,254
4167,2019/11/09 12:00UTC,4.02,205,3.8,215,4.07,210,3.82,214,3.83,214,4.04,212,4.01,210,4.01,210
4168,2019/11/09 18:00UTC,4.04,162,3.61,165,4.14,155,3.09,159,3.12,160,3.89,158,4.02,156,4.02,156
4169,2019/11/10 00:00UTC,1.53,164,1.56,117,2.46,120,3.65,139,3.46,138,2.39,122,2.55,120,2.55,120
4170,2019/11/10 06:00UTC,1.5,59,1.47,337,1.76,262,3.49,286,3.37,288,1.95,284,1.85,265,1.85,265
4171,2019/11/10 12:00UTC,2.8,60,1.62,143,1.16,140,2.09,217,1.98,214,1.24,148,1.09,151,1.09,150
4172,2019/11/10 18:00UTC,0.62,163,1.81,191,1.76,190,1.55,188,1.61,189,1.93,193,1.76,189,1.76,190
4173,2019/11/11 00:00UTC,3.21,191,3.35,185,3.22,203,2.92,200,2.96,199,3.28,198,3.18,202,3.19,202
4174,2019/11/11 06:00UTC,5.44,201,4.97,193,4.92,199,5.03,192,5.03,192,5.0,197,4.87,198,4.88,198
4175,2019/11/11 12:00UTC,4.71,277,6.15,231,5.69,250,7.1,225,7.05,225,5.93,243,5.86,247,5.86,247
4176,2019/11/11 18:00UTC,4.87,244,4.0,252,4.24,255,3.74,252,3.77,252,4.16,254,4.17,256,4.17,256
4177,2019/11/12 00:00UTC,4.68,232,4.52,227,4.91,230,4.57,222,4.58,222,4.88,228,4.83,229,4.84,229
4178,2019/11/12 06:00UTC,5.76,250,6.1,235,6.23,241,5.91,228,5.94,229,6.27,238,6.17,241,6.18,241
4179,2019/11/12 12:00UTC,5.47,277,5.45,258,6.52,261,5.34,251,5.39,251,6.39,259,6.44,261,6.44,261
4180,2019/11/12 18:00UTC,4.35,234,3.09,230,3.37,245,2.95,238,2.95,237,3.25,240,3.31,245,3.31,245
4181,2019/11/13 00:00UTC,4.73,255,3.8,236,4.1,248,3.63,232,3.64,232,4.0,243,3.99,247,3.99,247
4182,2019/11/13 06:00UTC,2.84,239,2.85,247,2.91,256,2.95,241,2.93,242,2.88,253,2.88,255,2.88,255
4183,2019/11/13 12:00UTC,3.6,248,3.66,243,3.83,248,4.02,243,4.0,243,3.87,247,3.8,248,3.8,248
4184,2019/11/13 18:00UTC,4.75,194,4.42,193,4.96,195,4.8,196,4.79,196,4.88,194,4.88,195,4.89,195
4185,2019/11/14 00:00UTC,6.73,178,5.85,164,7.13,175,6.59,169,6.52,168,6.74,171,7.03,173,7.03,173
4186,2019/11/14 06:00UTC,4.32,214,3.36,212,3.32,213,3.21,200,3.2,201,3.31,211,3.24,213,3.24,212
4187,2019/11/14 12:00UTC,3.35,180,2.67,166,2.17,164,2.56,160,2.56,161,2.37,165,2.16,163,2.16,163
4188,2019/11/14 18:00UTC,0.56,28,2.03,68,1.85,51,1.96,80,1.96,79,1.86,58,1.87,54,1.87,54
4189,2019/11/15 00:00UTC,2.91,20,2.95,39,2.99,19,3.06,31,3.06,32,2.98,26,2.96,20,2.96,20
4190,2019/11/15 06:00UTC,3.58,358,3.56,2,3.66,0,3.6,8,3.61,7,3.67,2,3.61,360,3.61,360
4191,2019/11/15 12:00UTC,2.2,54,2.28,209,1.94,249,3.08,227,3.05,226,2.16,237,2.02,246,2.02,246
4192,2019/11/15 18:00UTC,1.44,174,4.77,181,4.02,190,4.19,190,4.26,189,4.38,188,4.11,189,4.11,189
4193,2019/11/16 00:00UTC,3.45,173,5.3,167,4.7,181,5.62,174,5.62,173,5.02,177,4.77,181,4.78,181
4194,2019/11/16 06:00UTC,4.14,127,4.92,150,3.83,169,5.18,165,5.17,165,4.33,163,3.83,169,3.84,169
4195,2019/11/16 12:00UTC,3.82,134,4.3,150,4.26,153,4.96,161,4.91,160,4.36,153,4.28,153,4.29,153
4196,2019/11/16 18:00UTC,1.32,133,2.16,135,2.32,127,2.21,133,2.22,133,2.35,130,2.31,128,2.31,128
4197,2019/11/17 00:00UTC,0.45,129,1.22,111,1.41,120,0.96,90,0.96,91,1.28,117,1.37,118,1.37,118
4198,2019/11/17 06:00UTC,0.68,346,1.21,50,1.26,359,0.53,61,0.59,59,1.1,15,1.22,2,1.22,3
4199,2019/11/17 12:00UTC,1.68,59,2.29,21,2.2,32,1.87,1,1.89,4,2.24,29,2.17,31,2.17,31
4200,2019/11/17 18:00UTC,2.23,358,2.28,355,2.36,356,1.86,347,1.88,348,2.28,355,2.31,356,2.31,356
4201,2019/11/18 00:00UTC,2.42,330,2.57,335,3.05,336,2.55,332,2.55,333,2.9,335,2.99,336,2.99,336
4202,2019/11/18 06:00UTC,2.45,299,2.19,291,2.37,304,2.07,291,2.08,291,2.32,299,2.3,304,2.3,304
4203,2019/11/18 12:00UTC,3.16,294,5.52,288,4.43,288,4.86,275,4.95,276,4.95,287,4.48,286,4.49,286
4204,2019/11/18 18:00UTC,3.35,312,3.89,311,3.98,316,3.99,307,3.98,307,4.01,312,3.93,315,3.93,315
4205,2019/11/19 00:00UTC,1.88,300,2.1,314,2.74,316,1.94,306,1.97,307,2.6,315,2.69,315,2.69,315
4206,2019/11/19 06:00UTC,0.46,228,1.01,9,1.39,326,0.84,109,0.79,103,1.05,341,1.32,330,1.32,330
4207,2019/11/19 12:00UTC,1.05,185,0.52,167,1.0,158,1.17,146,1.14,147,1.0,154,0.96,156,0.96,156
4208,2019/11/19 18:00UTC,1.24,174,1.8,137,1.57,136,1.98,120,1.96,122,1.68,137,1.62,134,1.62,134
4209,2019/11/20 00:00UTC,2.43,140,2.5,130,2.86,124,2.84,115,2.8,116,2.78,126,2.82,123,2.82,123
4210,2019/11/20 06:00UTC,2.57,110,2.92,97,3.39,93,3.5,95,3.46,95,3.27,93,3.38,93,3.38,93
4211,2019/11/20 12:00UTC,4.34,108,4.5,98,4.74,102,4.49,102,4.49,101,4.74,100,4.69,101,4.69,101
4212,2019/11/20 18:00UTC,3.92,117,3.76,105,3.65,103,3.32,103,3.34,103,3.64,102,3.6,103,3.6,103
4213,2019/11/21 00:00UTC,2.82,106,3.08,110,3.13,117,2.99,128,2.99,127,3.11,116,3.08,117,3.08,117
4214,2019/11/21 06:00UTC,2.6,131,2.81,150,3.07,145,3.12,149,3.09,149,3.0,148,3.03,145,3.03,145
4215,2019/11/21 12:00UTC,3.76,147,4.09,161,4.62,159,4.98,168,4.93,167,4.6,160,4.58,159,4.58,159
4216,2019/11/21 18:00UTC,4.09,175,2.86,171,3.81,175,3.28,165,3.24,165,3.52,172,3.67,174,3.67,174
4217,2019/11/22 00:00UTC,4.26,189,4.02,178,4.02,185,4.18,177,4.19,177,4.11,183,3.97,185,3.97,185
4218,2019/11/22 06:00UTC,4.85,172,3.75,164,4.09,163,3.99,162,3.97,162,4.0,163,4.01,162,4.01,162
4219,2019/11/22 12:00UTC,6.09,137,6.09,140,6.74,138,7.25,142,7.17,142,6.68,139,6.68,138,6.68,138
4220,2019/11/22 18:00UTC,6.28,116,7.94,126,7.04,125,8.01,128,8.02,128,7.5,126,7.06,126,7.07,126
4221,2019/11/23 00:00UTC,6.0,118,6.74,128,5.26,141,5.68,144,5.69,142,5.52,138,5.2,142,5.2,142
4222,2019/11/23 06:00UTC,4.56,121,5.74,107,5.3,96,8.38,135,8.07,133,5.57,101,5.33,99,5.34,99
4223,2019/11/23 12:00UTC,5.59,132,5.66,131,6.43,141,6.02,150,6.03,149,6.49,141,6.42,141,6.42,141
4224,2019/11/23 18:00UTC,1.8,178,1.93,156,1.92,214,1.71,172,1.71,171,1.78,203,1.85,213,1.85,213
4225,2019/11/24 00:00UTC,1.68,244,0.92,253,2.23,251,1.77,239,1.72,240,2.0,252,2.18,251,2.18,251
4226,2019/11/24 06:00UTC,1.88,233,2.26,238,2.36,238,2.42,230,2.42,231,2.47,239,2.34,238,2.35,238
4227,2019/11/24 12:00UTC,3.6,209,2.97,204,3.76,222,3.04,215,3.05,215,3.56,220,3.7,222,3.7,222
4228,2019/11/24 18:00UTC,3.05,153,2.71,161,3.62,157,3.04,165,3.03,165,3.39,159,3.54,158,3.54,158
4229,2019/11/25 00:00UTC,3.57,184,3.08,176,3.36,193,2.93,179,2.94,179,3.22,189,3.27,193,3.27,193
4230,2019/11/25 06:00UTC,4.32,168,3.04,162,3.74,162,3.04,159,3.04,159,3.5,162,3.61,161,3.61,161
4231,2019/11/25 12:00UTC,4.89,174,4.32,168,4.57,173,4.38,171,4.37,171,4.5,172,4.44,172,4.44,172
4232,2019/11/25 18:00UTC,3.98,181,3.94,176,4.43,188,4.22,181,4.2,180,4.34,184,4.37,187,4.37,187
4233,2019/11/26 00:00UTC,4.09,218,4.17,216,4.85,223,5.04,222,5.0,222,4.91,223,4.81,223,4.82,223
4234,2019/11/26 06:00UTC,5.27,187,4.52,190,5.39,197,4.72,194,4.71,194,5.19,196,5.27,197,5.27,197
4235,2019/11/26 12:00UTC,6.47,195,6.13,195,7.23,198,6.49,199,6.5,199,7.05,198,7.09,198,7.09,198
4236,2019/11/26 18:00UTC,5.32,185,4.87,173,4.46,171,4.28,163,4.32,164,4.57,170,4.41,171,4.42,171
4237,2019/11/27 00:00UTC,6.13,160,5.76,160,6.01,173,5.69,171,5.69,171,5.93,170,5.85,173,5.86,173
4238,2019/11/27 06:00UTC,6.13,204,6.03,205,7.47,215,7.12,210,7.03,209,7.06,212,7.4,214,7.4,214
4239,2019/11/27 12:00UTC,7.47,221,6.8,224,8.38,229,7.55,230,7.52,230,8.04,228,8.28,229,8.28,229
4240,2019/11/27 18:00UTC,7.5,230,7.02,228,7.36,231,6.49,226,6.54,226,7.29,229,7.27,230,7.27,230
4241,2019/11/28 00:00UTC,6.58,234,6.88,234,7.2,235,6.9,231,6.91,231,7.21,235,7.13,235,7.14,235
4242,2019/11/28 06:00UTC,6.5,236,5.94,235,6.35,240,5.88,232,5.89,232,6.28,238,6.27,239,6.27,239
4243,2019/11/28 12:00UTC,6.5,252,6.94,248,7.2,250,6.94,244,6.98,245,7.28,249,7.15,249,7.15,249
4244,2019/11/28 18:00UTC,5.0,251,5.15,255,5.42,250,5.16,244,5.16,245,5.39,251,5.37,250,5.37,250
4245,2019/11/29 00:00UTC,2.86,262,3.53,253,3.91,259,3.76,251,3.76,251,3.83,256,3.89,258,3.89,258
4246,2019/11/29 06:00UTC,2.56,269,3.44,265,3.86,266,4.29,264,4.23,264,3.81,265,3.85,266,3.85,266
4247,2019/11/29 12:00UTC,2.98,26,3.02,320,3.84,299,4.04,290,3.99,291,3.81,301,3.82,298,3.82,298
4248,2019/11/29 18:00UTC,1.74,43,1.9,37,1.82,27,2.05,27,2.03,28,1.87,33,1.82,28,1.82,28
4249,2019/11/30 00:00UTC,1.9,99,1.96,75,1.91,95,1.98,85,1.98,84,1.93,89,1.88,93,1.88,93
4250,2019/11/30 06:00UTC,3.99,90,4.4,95,5.07,93,4.74,90,4.75,90,5.06,93,5.02,92,5.03,92
4251,2019/11/30 12:00UTC,4.81,109,5.07,101,4.73,108,5.23,106,5.23,105,4.94,106,4.67,108,4.68,108
4252,2019/11/30 18:00UTC,5.57,87,5.7,89,6.99,83,5.88,85,5.87,86,6.59,84,6.92,83,6.92,83
4253,2019/12/01 00:00UTC,4.71,76,4.32,89,4.07,84,3.8,90,3.84,90,4.06,86,4.03,85,4.03,85
4254,2019/12/01 06:00UTC,3.96,58,2.69,57,2.62,56,2.03,64,2.08,63,2.64,57,2.53,57,2.54,57
4255,2019/12/01 12:00UTC,5.07,26,3.98,15,3.77,18,3.78,360,3.79,1,3.81,16,3.74,17,3.74,17
4256,2019/12/01 18:00UTC,4.99,4,4.24,351,4.62,1,4.21,343,4.2,343,4.4,355,4.49,0,4.49,0
4257,2019/12/02 00:00UTC,3.97,23,5.23,14,4.65,17,5.56,8,5.55,8,4.92,16,4.68,17,4.68,17
4258,2019/12/02 06:00UTC,2.37,25,3.73,28,4.31,27,4.65,29,4.6,29,4.21,28,4.32,28,4.32,28
4259,2019/12/02 12:00UTC,2.41,15,3.51,21,4.38,32,4.82,34,4.74,33,4.29,30,4.39,32,4.39,32
4260,2019/12/02 18:00UTC,2.34,6,3.02,12,3.61,17,3.75,21,3.7,21,3.51,16,3.61,17,3.61,17
4261,2019/12/03 00:00UTC,2.28,355,2.64,17,3.08,30,3.36,27,3.29,27,2.96,26,3.09,31,3.09,31
4262,2019/12/03 06:00UTC,0.83,60,2.19,50,2.72,47,2.84,49,2.79,49,2.63,47,2.74,48,2.74,48
4263,2019/12/03 12:00UTC,0.82,101,2.17,55,3.21,65,4.03,62,3.9,61,3.03,61,3.26,65,3.26,65
4264,2019/12/03 18:00UTC,2.62,68,2.83,65,3.33,68,3.39,58,3.33,59,3.15,67,3.34,68,3.34,68
4265,2019/12/04 00:00UTC,2.01,101,2.22,96,2.72,87,2.56,86,2.54,86,2.6,88,2.69,87,2.69,87
4266,2019/12/04 06:00UTC,1.54,102,2.07,91,2.39,87,2.4,85,2.38,85,2.32,86,2.38,86,2.38,86
4267,2019/12/04 12:00UTC,1.63,119,1.83,105,2.02,105,1.45,120,1.49,118,2.0,105,1.96,106,1.96,106
4268,2019/12/04 18:00UTC,1.09,86,1.49,90,1.49,85,1.53,92,1.53,92,1.48,89,1.48,86,1.48,86
4269,2019/12/05 00:00UTC,1.47,315,1.25,342,1.47,345,1.07,335,1.08,335,1.36,344,1.45,345,1.45,345
4270,2019/12/05 06:00UTC,1.37,215,1.02,276,0.83,319,1.37,319,1.34,317,0.93,307,0.9,320,0.89,319
4271,2019/12/05 12:00UTC,1.91,208,2.13,167,2.02,156,1.79,127,1.82,130,2.06,155,2.01,153,2.01,153
4272,2019/12/05 18:00UTC,2.74,194,1.71,202,1.83,218,1.43,213,1.45,212,1.78,217,1.77,216,1.77,216
4273,2019/12/06 00:00UTC,3.55,214,2.72,214,3.04,221,2.73,214,2.72,215,2.98,219,2.97,221,2.98,221
4274,2019/12/06 06:00UTC,5.63,217,4.56,217,5.19,224,4.69,212,4.67,212,5.03,222,5.09,223,5.1,223
4275,2019/12/06 12:00UTC,7.82,223,7.28,222,7.25,225,6.58,226,6.66,226,7.35,224,7.16,225,7.17,225
4276,2019/12/06 18:00UTC,8.29,228,7.76,225,7.6,229,7.6,221,7.64,221,7.81,228,7.56,229,7.56,229
4277,2019/12/07 00:00UTC,4.49,247,5.11,238,5.26,237,5.73,230,5.7,230,5.41,237,5.26,237,5.27,237
4278,2019/12/07 06:00UTC,3.31,243,3.19,242,3.38,248,4.24,230,4.16,231,3.47,246,3.4,247,3.4,247
4279,2019/12/07 12:00UTC,3.64,255,3.41,262,3.47,257,3.53,236,3.5,238,3.53,260,3.43,256,3.43,256
4280,2019/12/07 18:00UTC,2.76,221,2.61,209,2.67,215,3.02,214,3.0,213,2.71,213,2.69,214,2.68,214
4281,2019/12/08 00:00UTC,4.79,208,4.82,206,5.4,207,4.64,211,4.66,211,5.25,207,5.31,207,5.31,207
4282,2019/12/08 06:00UTC,6.29,226,7.15,221,7.99,228,7.35,227,7.38,226,7.95,226,7.9,228,7.91,228
4283,2019/12/08 12:00UTC,5.28,271,7.13,232,7.29,233,8.33,220,8.29,221,7.58,230,7.38,231,7.38,231
4284,2019/12/08 18:00UTC,6.13,249,6.05,229,6.88,233,5.63,231,5.67,231,6.66,231,6.76,232,6.76,232
4285,2019/12/09 00:00UTC,8.56,234,7.34,235,7.97,239,7.13,240,7.15,239,7.77,238,7.84,239,7.84,239
4286,2019/12/09 06:00UTC,7.14,254,7.63,246,9.12,262,9.61,251,9.48,251,8.86,258,9.1,261,9.09,261
4287,2019/12/09 12:00UTC,9.47,318,8.8,312,9.4,313,9.01,306,9.02,306,9.3,312,9.27,312,9.28,312
4288,2019/12/09 18:00UTC,4.58,321,4.44,328,5.12,323,4.58,322,4.57,322,4.87,324,5.05,323,5.05,323
4289,2019/12/10 00:00UTC,1.32,264,2.28,278,2.24,286,2.88,289,2.85,288,2.38,281,2.26,286,2.26,286
4290,2019/12/10 06:00UTC,3.28,199,2.89,211,2.98,214,2.66,212,2.69,212,3.0,214,2.93,215,2.93,215
4291,2019/12/10 12:00UTC,6.72,194,5.89,185,5.97,192,5.63,184,5.66,184,5.97,189,5.85,191,5.86,191
4292,2019/12/10 18:00UTC,7.3,193,6.23,187,6.53,198,6.0,182,6.02,183,6.44,194,6.34,198,6.35,198
4293,2019/12/11 00:00UTC,6.11,213,5.97,199,6.79,207,5.65,197,5.67,198,6.58,205,6.58,207,6.59,207
4294,2019/12/11 06:00UTC,2.57,254,4.54,206,4.72,217,4.97,206,4.95,206,4.85,213,4.76,216,4.77,216
4295,2019/12/11 12:00UTC,4.6,245,4.62,267,5.14,260,5.6,268,5.55,268,5.16,263,5.12,261,5.12,261
4296,2019/12/11 18:00UTC,6.24,213,4.8,200,4.49,212,5.06,201,5.05,201,4.61,207,4.51,211,4.51,211
4297,2019/12/12 00:00UTC,6.06,262,5.83,263,6.65,263,6.39,262,6.36,262,6.52,263,6.61,263,6.61,263
4298,2019/12/12 06:00UTC,4.04,206,3.38,204,3.95,212,3.65,206,3.63,206,3.85,210,3.9,212,3.9,212
4299,2019/12/12 12:00UTC,7.5,178,7.25,176,7.47,178,6.87,179,6.92,179,7.46,178,7.34,178,7.35,178
4300,2019/12/12 18:00UTC,7.01,168,7.49,168,6.82,171,8.71,171,8.59,171,7.32,167,7.03,171,7.04,171
4301,2019/12/13 00:00UTC,7.38,213,6.82,209,7.51,212,7.12,209,7.12,209,7.41,211,7.39,211,7.4,211
4302,2019/12/13 06:00UTC,8.86,275,8.26,269,8.53,274,8.32,270,8.3,270,8.44,272,8.42,274,8.43,274
4303,2019/12/13 12:00UTC,10.36,277,9.23,275,10.27,279,9.78,275,9.78,275,10.13,278,10.21,279,10.21,279
4304,2019/12/13 18:00UTC,5.09,240,5.51,248,5.06,243,5.37,246,5.37,246,5.24,245,5.03,243,5.03,243
4305,2019/12/14 00:00UTC,7.41,254,7.47,227,9.81,247,8.06,235,8.05,234,9.15,242,9.58,246,9.58,246
4306,2019/12/14 06:00UTC,6.95,258,6.97,258,7.71,259,7.7,258,7.62,258,7.47,258,7.71,258,7.71,258
4307,2019/12/14 12:00UTC,8.59,233,8.5,227,8.91,231,7.71,223,7.79,223,8.89,228,8.79,230,8.8,230
4308,2019/12/14 18:00UTC,3.1,212,2.84,217,2.77,209,2.58,205,2.58,205,2.72,209,2.71,210,2.71,210
4309,2019/12/15 00:00UTC,8.34,211,6.69,208,7.86,212,5.7,215,5.75,214,7.43,211,7.6,212,7.6,212
4310,2019/12/15 06:00UTC,5.18,245,6.51,256,5.88,256,7.76,251,7.68,252,6.26,256,6.02,256,6.02,256
4311,2019/12/15 12:00UTC,6.21,231,5.35,233,5.46,231,4.95,240,4.98,239,5.45,232,5.35,232,5.36,232
4312,2019/12/15 18:00UTC,3.55,195,3.25,192,3.4,197,4.24,204,4.15,203,3.47,196,3.4,197,3.41,197
4313,2019/12/16 00:00UTC,3.36,183,2.79,176,2.97,178,3.16,172,3.13,172,2.88,176,2.99,177,2.99,177
4314,2019/12/16 06:00UTC,3.03,184,3.12,181,2.7,180,2.29,172,2.36,173,2.77,180,2.63,180,2.63,180
4315,2019/12/16 12:00UTC,1.0,130,2.46,165,2.42,149,3.58,166,3.51,166,2.59,155,2.48,150,2.48,150
4316,2019/12/16 18:00UTC,2.8,130,2.95,147,3.17,140,3.68,152,3.62,152,3.19,144,3.12,141,3.12,141
4317,2019/12/17 00:00UTC,3.67,151,3.69,162,4.09,156,4.05,166,4.01,166,3.99,158,4.04,157,4.04,157
4318,2019/12/17 06:00UTC,4.44,177,5.29,176,5.29,183,5.57,175,5.56,175,5.36,180,5.22,182,5.22,182
4319,2019/12/17 12:00UTC,5.24,212,5.56,193,6.59,206,5.62,200,5.64,199,6.4,202,6.49,205,6.49,205
4320,2019/12/17 18:00UTC,2.02,295,2.29,260,3.22,272,2.31,256,2.32,256,2.93,266,3.17,273,3.17,273
4321,2019/12/18 00:00UTC,3.38,213,2.76,218,3.25,214,2.9,233,2.89,231,3.14,216,3.16,215,3.16,215
4322,2019/12/18 06:00UTC,2.81,179,1.48,187,1.93,190,1.74,174,1.7,175,1.76,191,1.85,190,1.85,190
4323,2019/12/18 12:00UTC,4.35,150,3.96,145,4.04,147,3.59,151,3.63,151,4.03,146,3.99,146,3.99,146
4324,2019/12/18 18:00UTC,4.57,150,4.64,158,5.34,160,4.64,163,4.65,162,5.16,161,5.21,160,5.21,160
4325,2019/12/19 00:00UTC,5.74,168,5.59,165,6.01,169,5.74,166,5.72,166,5.92,167,5.93,168,5.93,168
4326,2019/12/19 06:00UTC,5.63,175,5.62,169,5.59,174,5.86,168,5.85,168,5.64,172,5.53,174,5.53,174
4327,2019/12/19 12:00UTC,7.44,167,6.71,168,8.6,172,7.5,174,7.44,174,8.08,171,8.43,171,8.43,171
4328,2019/12/19 18:00UTC,5.07,159,5.33,160,5.73,168,6.24,169,6.15,168,5.67,166,5.66,168,5.66,168
4329,2019/12/20 00:00UTC,6.69,153,6.7,160,8.14,157,8.17,166,8.05,165,7.91,157,8.02,157,8.03,157
4330,2019/12/20 06:00UTC,8.3,178,10.41,180,10.16,177,9.39,173,9.5,173,10.37,177,10.02,177,10.03,177
4331,2019/12/20 12:00UTC,7.85,227,8.15,238,8.29,231,8.8,237,8.81,237,8.54,234,8.25,232,8.26,232
4332,2019/12/20 18:00UTC,5.29,204,4.63,189,4.7,200,4.6,191,4.59,191,4.64,195,4.66,199,4.66,199
4333,2019/12/21 00:00UTC,5.07,198,4.82,191,4.83,194,4.78,189,4.8,189,4.88,193,4.76,194,4.77,194
4334,2019/12/21 06:00UTC,5.16,201,3.99,201,4.05,196,3.0,197,3.07,198,3.9,197,3.94,197,3.94,197
4335,2019/12/21 12:00UTC,7.07,201,6.86,203,7.61,202,7.21,203,7.22,203,7.56,203,7.5,202,7.51,202
4336,2019/12/21 18:00UTC,7.86,167,8.3,173,8.29,178,8.81,176,8.79,176,8.62,175,8.21,177,8.22,177
4337,2019/12/22 00:00UTC,6.44,173,6.31,180,7.14,187,6.51,186,6.48,186,6.89,185,7.01,187,7.01,187
4338,2019/12/22 06:00UTC,6.27,267,5.59,264,7.51,277,6.25,276,6.24,276,6.94,274,7.32,277,7.31,277
4339,2019/12/22 12:00UTC,8.56,259,8.8,257,8.49,256,8.91,256,8.92,256,8.74,256,8.49,256,8.5,256
4340,2019/12/22 18:00UTC,5.88,256,5.26,256,5.74,260,5.12,254,5.12,254,5.55,258,5.69,260,5.69,260
4341,2019/12/23 00:00UTC,6.64,256,6.86,254,6.89,257,6.96,255,6.95,254,6.92,255,6.87,256,6.87,256
4342,2019/12/23 06:00UTC,6.69,266,6.36,257,6.34,258,6.32,252,6.31,253,6.39,257,6.31,257,6.31,257
4343,2019/12/23 12:00UTC,6.5,275,5.26,271,6.4,271,5.97,267,5.91,268,6.15,271,6.28,270,6.28,270
4344,2019/12/23 18:00UTC,4.47,228,4.34,239,3.94,234,3.76,232,3.81,233,4.06,235,3.92,234,3.92,234
4345,2019/12/24 00:00UTC,5.05,171,4.3,177,5.4,182,4.69,183,4.65,182,5.02,180,5.24,182,5.24,182
4346,2019/12/24 06:00UTC,5.08,254,5.38,234,5.86,246,5.78,234,5.77,234,5.82,243,5.81,245,5.81,245
4347,2019/12/24 12:00UTC,7.37,257,6.84,260,7.36,260,7.25,263,7.22,263,7.26,260,7.29,260,7.29,260
4348,2019/12/24 18:00UTC,6.29,248,5.36,244,6.07,247,4.7,249,4.74,249,5.77,246,5.96,247,5.96,247
4349,2019/12/25 00:00UTC,6.07,266,5.99,260,5.84,260,5.42,255,5.47,256,5.89,260,5.81,260,5.82,260
4350,2019/12/25 06:00UTC,4.02,296,3.96,291,3.91,280,3.47,275,3.49,276,3.89,282,3.89,280,3.89,280
4351,2019/12/25 12:00UTC,2.34,332,2.76,339,2.6,349,2.57,333,2.58,334,2.65,344,2.58,348,2.58,348
4352,2019/12/25 18:00UTC,0.42,87,1.79,89,1.22,81,2.16,81,2.13,81,1.44,86,1.27,81,1.27,81
4353,2019/12/26 00:00UTC,2.69,125,2.95,118,3.17,118,3.02,113,3.01,114,3.09,119,3.13,118,3.13,118
4354,2019/12/26 06:00UTC,3.82,151,3.29,142,3.43,145,2.76,148,2.78,148,3.29,146,3.37,144,3.37,144
4355,2019/12/26 12:00UTC,4.13,212,3.92,214,4.48,230,4.42,232,4.38,231,4.34,227,4.41,230,4.41,230
4356,2019/12/26 18:00UTC,5.59,228,4.98,235,5.53,241,4.85,235,4.89,235,5.43,240,5.45,241,5.45,241
4357,2019/12/27 00:00UTC,7.86,262,7.56,250,7.95,255,7.45,247,7.48,247,8.01,253,7.86,254,7.86,254
4358,2019/12/27 06:00UTC,3.58,309,3.93,319,5.3,316,5.81,304,5.66,305,5.02,318,5.26,314,5.26,315
4359,2019/12/27 12:00UTC,3.46,331,3.19,342,4.62,348,4.82,354,4.71,353,4.32,346,4.61,348,4.6,348
4360,2019/12/27 18:00UTC,1.33,3,1.36,14,2.18,346,1.8,8,1.75,7,1.9,349,2.15,347,2.14,347
4361,2019/12/28 00:00UTC,1.24,91,1.31,32,1.65,71,1.92,22,1.87,23,1.48,59,1.62,69,1.61,69
4362,2019/12/28 06:00UTC,1.38,81,2.21,74,2.3,62,2.51,51,2.48,52,2.33,63,2.32,61,2.32,61
4363,2019/12/28 12:00UTC,2.37,105,3.0,95,3.32,88,3.53,79,3.49,80,3.31,88,3.33,87,3.33,87
4364,2019/12/28 18:00UTC,2.27,87,2.52,76,2.72,69,3.21,62,3.17,63,2.69,70,2.75,69,2.75,69
4365,2019/12/29 00:00UTC,2.34,118,2.37,95,2.99,90,2.52,82,2.51,82,2.82,90,2.95,89,2.95,89
4366,2019/12/29 06:00UTC,1.06,113,1.55,91,2.44,91,2.08,80,2.04,80,2.18,90,2.44,91,2.44,91
4367,2019/12/29 12:00UTC,1.68,160,1.93,138,2.15,124,2.01,112,1.99,113,2.07,125,2.14,123,2.14,123
4368,2019/12/29 18:00UTC,1.83,132,2.12,103,2.64,99,2.63,88,2.59,88,2.52,97,2.64,97,2.64,97
4369,2019/12/30 00:00UTC,2.25,166,1.87,153,2.35,141,2.09,132,2.05,134,2.19,143,2.3,140,2.3,140
4370,2019/12/30 06:00UTC,2.05,170,1.65,156,1.56,158,1.49,147,1.49,147,1.55,157,1.52,157,1.52,157
4371,2019/12/30 12:00UTC,1.72,191,1.75,186,1.65,180,1.64,162,1.65,164,1.69,180,1.59,178,1.6,178
4372,2019/12/30 18:00UTC,1.98,189,1.73,180,1.76,188,1.41,170,1.44,172,1.75,186,1.68,187,1.68,187
4373,2019/12/31 00:00UTC,1.5,223,1.61,215,2.06,228,1.66,208,1.66,209,1.98,226,2.0,228,2.0,228
4374,2019/12/31 06:00UTC,1.98,178,2.31,184,2.08,181,1.98,164,1.99,166,2.15,182,2.02,181,2.03,181
4375,2019/12/31 12:00UTC,1.77,124,1.49,121,1.43,149,0.68,129,0.74,128,1.34,139,1.37,147,1.37,146
4376,2019/12/31 18:00UTC,1.45,131,2.26,120,1.73,138,2.31,127,2.32,126,1.95,131,1.76,135,1.77,135
4377,2020/01/01 00:00UTC,1.24,125,1.91,121,1.35,177,1.71,160,1.69,157,1.39,161,1.35,176,1.35,175
4378,2020/01/01 06:00UTC,1.24,176,1.14,157,2.42,222,1.58,215,1.51,213,1.97,218,2.35,223,2.35,223
4379,2020/01/01 12:00UTC,2.51,167,2.56,193,3.64,170,2.93,209,2.91,208,3.27,179,3.52,171,3.52,171
4380,2020/01/01 18:00UTC,2.64,134,2.26,148,2.55,153,2.6,153,2.56,153,2.48,150,2.51,152,2.51,152
4381,2020/01/02 00:00UTC,2.06,143,2.64,151,2.28,164,3.21,168,3.15,167,2.46,160,2.29,163,2.3,163
4382,2020/01/02 06:00UTC,1.27,215,2.79,196,2.95,227,2.98,200,2.98,201,3.02,219,2.9,225,2.91,225
4383,2020/01/02 12:00UTC,3.67,215,3.82,207,4.17,216,4.5,214,4.46,213,4.21,215,4.14,216,4.14,216
4384,2020/01/02 18:00UTC,4.24,193,4.26,197,4.74,202,4.09,193,4.11,194,4.63,200,4.64,202,4.65,202
4385,2020/01/03 00:00UTC,4.78,211,3.6,202,4.18,216,3.32,209,3.32,208,3.88,212,4.06,215,4.06,215
4386,2020/01/03 06:00UTC,6.85,223,6.17,214,6.96,216,6.29,212,6.3,212,6.84,215,6.86,216,6.86,216
4387,2020/01/03 12:00UTC,6.79,250,6.85,252,6.96,251,6.97,247,6.99,248,7.04,251,6.92,251,6.93,251
4388,2020/01/03 18:00UTC,5.52,327,4.1,267,4.28,267,4.05,251,4.05,252,4.23,265,4.21,265,4.21,265
4389,2020/01/04 00:00UTC,2.32,345,2.68,350,2.36,344,2.63,341,2.63,342,2.45,347,2.33,345,2.33,345
4390,2020/01/04 06:00UTC,2.61,274,2.52,290,2.65,309,2.65,323,2.62,320,2.64,305,2.63,311,2.64,310
4391,2020/01/04 12:00UTC,4.67,299,3.68,295,3.49,300,3.06,299,3.11,299,3.52,300,3.41,300,3.41,300
4392,2020/01/04 18:00UTC,2.79,278,2.88,286,2.67,294,2.74,305,2.74,303,2.74,290,2.66,296,2.67,295
4393,2020/01/05 00:00UTC,1.91,274,1.91,308,2.13,319,1.81,328,1.82,327,2.08,318,2.07,320,2.08,320
4394,2020/01/05 06:00UTC,1.46,235,0.68,238,0.91,317,0.51,38,0.42,34,0.68,305,0.85,319,0.84,319
4395,2020/01/05 12:00UTC,1.03,242,0.97,347,0.91,7,1.66,28,1.62,26,1.06,3,0.93,9,0.93,9
4396,2020/01/05 18:00UTC,0.79,149,1.72,92,1.99,83,2.35,75,2.31,76,2.0,83,2.01,83,2.01,83
4397,2020/01/06 00:00UTC,2.18,156,1.95,123,2.28,117,2.15,99,2.13,100,2.18,116,2.25,115,2.25,115
4398,2020/01/06 06:00UTC,2.54,142,2.56,128,2.69,125,2.66,120,2.65,120,2.67,125,2.65,124,2.65,124
4399,2020/01/06 12:00UTC,4.29,171,4.27,178,4.41,194,4.27,196,4.26,195,4.38,190,4.34,194,4.34,194
4400,2020/01/06 18:00UTC,3.92,224,4.0,226,4.39,229,4.09,221,4.08,222,4.33,228,4.37,229,4.37,229
4401,2020/01/07 00:00UTC,3.16,242,3.67,239,3.91,227,4.14,233,4.1,234,3.97,231,3.9,227,3.9,227
4402,2020/01/07 06:00UTC,2.96,215,2.82,225,2.53,211,2.74,217,2.75,217,2.67,217,2.53,211,2.53,212
4403,2020/01/07 12:00UTC,3.84,203,3.18,185,3.76,202,2.99,196,3.01,195,3.57,197,3.65,201,3.65,201
4404,2020/01/07 18:00UTC,3.62,187,3.76,175,4.07,191,3.45,186,3.49,185,4.01,188,3.98,190,3.98,190
4405,2020/01/08 00:00UTC,3.7,203,3.92,203,4.33,222,3.96,215,3.96,215,4.23,218,4.26,222,4.27,222
4406,2020/01/08 06:00UTC,3.28,216,3.53,218,4.04,227,3.58,226,3.58,226,3.95,226,3.99,227,3.99,227
4407,2020/01/08 12:00UTC,3.88,221,3.78,220,4.23,219,4.44,224,4.41,223,4.23,221,4.22,220,4.22,220
4408,2020/01/08 18:00UTC,3.72,194,4.22,198,4.52,204,4.11,208,4.13,207,4.49,203,4.48,204,4.49,204
4409,2020/01/09 00:00UTC,4.79,193,4.21,200,5.08,207,4.3,207,4.3,206,4.84,206,4.95,208,4.95,208
4410,2020/01/09 06:00UTC,6.28,203,6.06,201,6.98,204,5.95,207,5.97,207,6.76,205,6.83,205,6.83,205
4411,2020/01/09 12:00UTC,6.58,206,6.0,209,6.46,208,6.11,208,6.1,208,6.39,209,6.33,208,6.34,208
4412,2020/01/09 18:00UTC,6.61,203,6.06,210,6.9,212,6.61,211,6.56,211,6.69,212,6.85,213,6.85,213
4413,2020/01/10 00:00UTC,5.43,190,6.97,196,8.04,198,8.18,198,8.14,198,8.05,197,8.03,198,8.03,198
4414,2020/01/10 06:00UTC,5.88,306,5.1,295,6.1,304,5.35,272,5.31,274,5.76,299,5.97,302,5.97,302
4415,2020/01/10 12:00UTC,4.74,330,4.54,322,4.2,324,4.6,311,4.58,312,4.32,322,4.18,322,4.19,322
4416,2020/01/11 00:00UTC,1.02,225,1.73,302,1.21,304,2.17,312,2.15,311,1.51,303,1.28,306,1.28,306
4417,2020/01/11 06:00UTC,3.12,197,2.46,180,2.29,193,2.06,168,2.09,170,2.3,188,2.22,190,2.22,190
4418,2020/01/11 12:00UTC,4.45,201,3.35,202,3.54,209,2.65,217,2.7,215,3.42,208,3.43,210,3.43,210
4419,2020/01/11 18:00UTC,3.41,194,2.79,179,2.64,189,2.51,176,2.54,176,2.68,185,2.6,188,2.6,188
4420,2020/01/12 00:00UTC,3.74,188,3.41,185,3.61,192,3.15,193,3.17,192,3.53,190,3.52,192,3.52,192
4421,2020/01/12 06:00UTC,5.55,203,4.68,197,5.28,208,4.45,200,4.46,200,5.09,205,5.15,208,5.15,208
4422,2020/01/12 12:00UTC,6.64,230,6.04,217,6.47,221,6.48,218,6.46,218,6.5,220,6.41,221,6.42,221
4423,2020/01/12 18:00UTC,3.4,216,4.15,202,3.94,206,3.75,201,3.8,201,4.01,205,3.91,205,3.91,205
4424,2020/01/13 00:00UTC,2.71,196,2.99,215,3.52,221,3.83,223,3.78,223,3.46,221,3.5,221,3.5,221
4425,2020/01/13 06:00UTC,3.44,192,3.59,198,3.77,192,3.6,194,3.59,195,3.71,194,3.71,192,3.71,192
4426,2020/01/13 12:00UTC,6.32,182,6.92,186,6.92,199,6.45,193,6.52,192,7.04,196,6.84,199,6.85,199
4427,2020/01/13 18:00UTC,6.6,183,6.12,187,7.05,189,5.73,190,5.77,190,6.75,189,6.88,189,6.88,189
4428,2020/01/14 00:00UTC,8.12,197,6.98,201,7.56,204,7.08,200,7.09,200,7.44,203,7.47,204,7.47,204
4429,2020/01/14 06:00UTC,8.96,203,8.71,205,9.31,208,7.85,204,7.93,204,9.11,208,9.13,208,9.14,208
4430,2020/01/14 12:00UTC,10.27,204,9.72,206,10.28,208,9.2,206,9.27,206,10.17,208,10.09,208,10.1,208
4431,2020/01/14 18:00UTC,9.45,209,8.0,204,8.99,206,6.63,202,6.74,202,8.63,205,8.74,206,8.75,206
4432,2020/01/15 00:00UTC,7.7,198,6.78,194,7.38,202,5.73,192,5.82,192,7.11,199,7.15,202,7.15,202
4433,2020/01/15 06:00UTC,7.85,195,7.19,191,7.18,195,6.61,189,6.67,189,7.19,193,7.05,194,7.06,194
4434,2020/01/15 12:00UTC,9.15,207,8.99,214,8.78,214,9.08,218,9.11,218,9.04,215,8.71,215,8.72,215
4435,2020/01/15 18:00UTC,1.83,268,4.32,232,3.93,230,4.3,227,4.33,227,4.25,229,4.07,229,4.07,229
4436,2020/01/16 00:00UTC,2.04,184,1.86,216,1.85,204,2.55,214,2.52,214,1.98,210,1.85,206,1.85,206
4437,2020/01/16 06:00UTC,2.81,147,2.9,156,2.94,165,3.25,161,3.22,161,2.98,163,2.92,165,2.92,165
4438,2020/01/16 12:00UTC,6.66,168,6.16,166,6.29,168,6.04,167,6.05,167,6.31,168,6.19,168,6.19,168
4439,2020/01/16 18:00UTC,5.99,160,6.58,155,6.3,155,6.6,154,6.61,154,6.54,154,6.29,154,6.29,154
4440,2020/01/17 00:00UTC,5.8,191,5.13,182,5.05,192,5.0,182,5.01,182,5.08,188,4.98,191,4.98,191
4441,2020/01/17 06:00UTC,5.48,205,5.39,197,6.19,209,5.38,205,5.36,204,5.94,205,6.09,209,6.09,209
4442,2020/01/17 12:00UTC,7.06,263,6.7,250,7.0,260,6.76,252,6.78,252,7.0,257,6.97,259,6.97,259
4443,2020/01/17 18:00UTC,4.91,261,4.67,264,5.1,266,4.46,260,4.48,260,4.98,265,5.08,266,5.08,266
4444,2020/01/18 00:00UTC,4.11,245,4.06,229,4.68,236,4.03,226,4.03,226,4.51,233,4.62,235,4.62,235
4445,2020/01/18 06:00UTC,3.91,233,3.79,235,3.84,234,3.67,230,3.68,231,3.88,234,3.8,234,3.8,234
4446,2020/01/18 12:00UTC,1.48,320,1.7,272,1.64,264,2.25,243,2.2,245,1.74,265,1.65,261,1.65,261
4447,2020/01/18 18:00UTC,2.7,32,2.8,34,3.05,35,3.09,34,3.08,35,3.04,36,3.03,35,3.03,35
4448,2020/01/19 00:00UTC,2.65,5,2.98,15,3.52,22,3.18,27,3.17,26,3.38,21,3.47,23,3.47,23
4449,2020/01/19 06:00UTC,2.86,357,2.75,358,3.47,6,3.65,15,3.58,14,3.27,5,3.47,6,3.46,6
4450,2020/01/19 12:00UTC,5.58,19,5.77,17,6.25,24,6.37,23,6.34,22,6.2,22,6.21,24,6.21,24
4451,2020/01/19 18:00UTC,3.89,15,4.15,23,4.1,22,4.68,25,4.64,25,4.16,23,4.09,23,4.09,23
4452,2020/01/20 00:00UTC,3.68,36,4.59,35,5.06,39,5.19,37,5.15,37,4.96,38,5.1,40,5.09,40
4453,2020/01/20 06:00UTC,3.1,43,4.04,44,4.53,46,4.48,42,4.45,42,4.41,45,4.56,46,4.56,46
4454,2020/01/20 12:00UTC,4.08,54,5.35,46,5.96,48,6.31,48,6.27,48,5.98,47,5.96,48,5.96,48
4455,2020/01/20 18:00UTC,3.3,42,3.57,41,3.71,49,4.04,45,4.0,45,3.7,48,3.74,49,3.74,49
4456,2020/01/21 00:00UTC,2.54,46,2.99,35,3.36,44,3.49,28,3.46,28,3.27,40,3.38,43,3.38,43
4457,2020/01/21 06:00UTC,2.36,60,2.72,50,2.98,48,3.0,49,2.98,49,2.92,48,2.98,48,2.98,48
4458,2020/01/21 12:00UTC,1.88,78,1.79,79,2.41,81,2.32,64,2.28,65,2.25,80,2.38,80,2.38,80
4459,2020/01/21 18:00UTC,2.63,54,2.94,44,3.0,48,3.14,42,3.13,42,3.02,46,3.01,48,3.01,48
4460,2020/01/22 00:00UTC,1.45,74,2.18,47,2.51,52,2.45,49,2.45,48,2.46,50,2.51,52,2.51,52
4461,2020/01/22 06:00UTC,2.47,51,2.41,46,3.04,46,2.9,44,2.87,44,2.83,46,3.04,47,3.04,47
4462,2020/01/22 12:00UTC,2.96,55,2.79,55,3.53,64,3.43,58,3.39,58,3.34,62,3.52,63,3.52,63
4463,2020/01/22 18:00UTC,3.04,63,3.69,49,4.15,50,4.03,46,4.02,46,4.13,49,4.15,50,4.15,50
4464,2020/01/23 00:00UTC,3.27,58,3.49,48,4.32,53,4.1,45,4.06,45,4.15,51,4.3,53,4.3,53
4465,2020/01/23 06:00UTC,3.59,72,3.2,58,4.15,66,3.68,54,3.65,54,3.89,63,4.13,65,4.13,65
4466,2020/01/23 12:00UTC,3.01,56,3.09,41,3.97,49,3.6,42,3.58,42,3.78,46,3.92,49,3.92,49
4467,2020/01/23 18:00UTC,2.61,56,2.5,70,2.65,71,2.53,74,2.53,74,2.6,72,2.65,72,2.65,72
4468,2020/01/24 00:00UTC,1.53,66,1.8,65,1.73,61,1.44,73,1.47,72,1.72,61,1.72,61,1.72,61
4469,2020/01/24 06:00UTC,1.46,111,1.11,89,1.74,85,1.04,73,1.06,73,1.51,84,1.7,84,1.7,84
4470,2020/01/24 12:00UTC,1.17,152,1.3,214,1.84,181,1.39,203,1.37,204,1.6,191,1.78,182,1.78,182
4471,2020/01/24 18:00UTC,1.17,108,0.71,56,1.32,83,1.2,63,1.18,61,1.15,75,1.31,79,1.31,79
4472,2020/01/25 00:00UTC,1.54,186,1.34,178,1.53,137,1.3,145,1.29,147,1.44,149,1.51,136,1.51,136
4473,2020/01/25 06:00UTC,1.67,97,1.75,89,1.85,107,1.83,115,1.81,113,1.83,101,1.85,105,1.85,105
4474,2020/01/25 12:00UTC,2.14,143,1.84,133,1.95,142,2.05,146,2.04,145,1.97,140,1.9,143,1.9,143
4475,2020/01/25 18:00UTC,2.4,142,2.1,137,2.0,145,2.01,151,2.0,150,2.01,144,1.96,144,1.96,144
4476,2020/01/26 00:00UTC,1.51,176,1.88,173,2.07,189,2.26,178,2.23,178,2.05,185,2.03,188,2.03,188
4477,2020/01/26 06:00UTC,1.99,178,2.15,182,2.48,197,2.25,190,2.25,190,2.39,195,2.42,197,2.42,197
4478,2020/01/26 12:00UTC,4.88,209,4.81,216,5.09,214,4.79,224,4.81,224,5.08,216,5.02,215,5.02,215
4479,2020/01/26 18:00UTC,4.64,189,4.43,194,4.16,194,4.39,193,4.42,193,4.34,194,4.09,194,4.1,194
4480,2020/01/27 00:00UTC,7.09,210,6.59,204,7.46,212,6.39,209,6.43,209,7.27,210,7.32,211,7.32,211
4481,2020/01/27 06:00UTC,5.79,208,6.73,202,7.13,204,6.7,203,6.73,203,7.18,203,7.02,204,7.02,204
4482,2020/01/27 12:00UTC,5.99,213,6.17,214,6.89,216,5.95,218,5.99,218,6.71,216,6.77,216,6.77,216
4483,2020/01/27 18:00UTC,7.45,220,7.52,222,7.74,224,6.61,227,6.7,226,7.76,224,7.63,224,7.63,224
4484,2020/01/28 00:00UTC,6.12,219,6.15,216,6.85,217,6.66,214,6.63,215,6.73,217,6.77,217,6.77,217
4485,2020/01/28 06:00UTC,8.54,258,7.83,250,8.72,254,7.44,248,7.48,248,8.43,252,8.59,254,8.59,254
4486,2020/01/28 12:00UTC,9.4,263,9.96,260,10.06,260,10.44,261,10.43,261,10.23,260,10.03,260,10.04,260
4487,2020/01/28 18:00UTC,6.27,240,7.12,242,7.46,248,6.16,241,6.24,241,7.35,246,7.33,247,7.33,247
4488,2020/01/29 00:00UTC,5.66,255,5.58,254,6.16,255,5.85,255,5.83,255,6.02,254,6.14,255,6.14,255
4489,2020/01/29 06:00UTC,5.38,250,5.4,254,4.3,254,4.72,251,4.78,252,4.71,254,4.33,254,4.34,254
4490,2020/01/29 12:00UTC,5.82,272,6.43,279,5.98,277,6.38,274,6.39,274,6.26,278,5.98,277,5.99,277
4491,2020/01/29 18:00UTC,3.27,232,2.92,225,3.39,234,2.88,230,2.89,230,3.31,231,3.31,234,3.32,234
4492,2020/01/30 00:00UTC,3.76,203,3.09,195,3.37,194,3.44,191,3.41,191,3.31,194,3.33,194,3.33,194
4493,2020/01/30 06:00UTC,4.5,175,4.92,177,4.79,172,4.92,172,4.93,172,4.91,173,4.74,172,4.75,172
4494,2020/01/30 12:00UTC,4.78,201,5.33,194,5.31,217,5.67,207,5.63,206,5.34,210,5.28,216,5.28,216
4495,2020/01/30 18:00UTC,6.43,231,6.16,233,7.1,231,7.33,230,7.27,230,7.02,232,7.05,231,7.05,231
4496,2020/01/31 00:00UTC,4.9,240,4.5,230,4.99,233,5.18,233,5.13,233,4.98,231,4.96,233,4.97,233
4497,2020/01/31 06:00UTC,4.2,232,4.56,241,4.69,248,4.24,248,4.28,248,4.73,248,4.64,248,4.65,248
4498,2020/01/31 12:00UTC,5.41,234,6.21,234,6.11,234,5.95,233,6.01,233,6.29,235,6.08,235,6.08,235
4499,2020/01/31 18:00UTC,6.6,217,5.05,224,5.75,228,4.39,222,4.43,223,5.45,227,5.63,228,5.63,228
4500,2020/02/01 00:00UTC,6.13,205,5.22,199,6.28,207,5.08,207,5.09,207,5.92,205,6.13,207,6.13,207
4501,2020/02/01 06:00UTC,8.04,224,6.39,224,7.15,222,7.23,214,7.14,214,6.95,222,7.12,222,7.12,222
4502,2020/02/01 12:00UTC,7.28,262,7.29,273,7.38,268,7.27,273,7.29,273,7.45,270,7.35,269,7.35,269
4503,2020/02/01 18:00UTC,4.9,252,6.29,239,7.01,238,6.4,233,6.41,234,6.84,237,6.95,238,6.95,238
4504,2020/02/02 00:00UTC,4.09,218,4.27,226,4.03,219,4.23,226,4.25,226,4.14,222,4.02,220,4.02,220
4505,2020/02/02 06:00UTC,5.49,211,6.25,218,6.52,213,6.41,221,6.41,220,6.47,215,6.44,213,6.44,213
4506,2020/02/02 12:00UTC,7.32,262,7.37,256,7.56,252,7.87,253,7.85,253,7.69,253,7.56,252,7.56,252
4507,2020/02/02 18:00UTC,4.87,241,6.37,244,7.03,242,7.33,239,7.32,240,7.16,242,7.08,242,7.08,242
4508,2020/02/03 00:00UTC,3.19,255,6.0,245,6.87,241,7.4,242,7.36,242,6.93,242,6.91,241,6.91,241
4509,2020/02/03 06:00UTC,4.74,257,4.34,266,4.75,264,5.0,261,4.94,262,4.69,264,4.74,264,4.74,264
4510,2020/02/03 12:00UTC,5.23,243,5.81,248,6.06,249,5.8,255,5.82,254,6.06,249,6.03,249,6.03,249
4511,2020/02/03 18:00UTC,7.17,224,7.05,219,8.08,226,7.3,221,7.3,221,7.86,224,8.01,226,8.01,226
4512,2020/02/04 00:00UTC,7.52,308,7.62,315,7.84,311,8.64,317,8.59,316,7.99,312,7.89,312,7.89,312
4513,2020/02/04 06:00UTC,6.41,273,5.63,275,5.33,277,5.19,273,5.22,273,5.39,276,5.31,277,5.31,277
4514,2020/02/04 12:00UTC,8.36,312,8.09,312,8.4,310,8.56,308,8.52,309,8.39,311,8.34,310,8.34,310
4515,2020/02/04 18:00UTC,5.27,308,5.14,316,5.59,319,5.12,317,5.12,317,5.5,318,5.53,319,5.54,319
4516,2020/02/05 00:00UTC,3.53,310,3.85,313,3.68,320,4.45,313,4.4,313,3.84,317,3.69,320,3.69,320
4517,2020/02/05 06:00UTC,2.21,320,1.91,326,2.53,323,2.29,329,2.26,329,2.37,323,2.5,323,2.5,323
4518,2020/02/05 12:00UTC,0.87,16,2.32,41,2.23,41,2.78,47,2.76,46,2.38,41,2.28,42,2.28,42
4519,2020/02/05 18:00UTC,1.11,35,1.66,117,1.98,100,2.25,107,2.23,109,1.99,108,2.06,103,2.05,103
4520,2020/02/06 00:00UTC,1.18,107,2.16,99,2.54,102,3.09,90,3.02,91,2.52,101,2.56,100,2.56,101
4521,2020/02/06 06:00UTC,1.31,76,2.17,60,2.72,69,2.6,64,2.58,63,2.6,66,2.72,69,2.71,69
4522,2020/02/06 12:00UTC,2.84,101,3.25,91,3.95,92,3.95,82,3.91,83,3.81,91,3.93,91,3.93,91
4523,2020/02/06 18:00UTC,3.5,80,3.89,79,4.4,79,4.04,74,4.04,74,4.27,79,4.37,79,4.37,79
4524,2020/02/07 00:00UTC,3.12,106,3.06,104,3.03,103,2.84,108,2.85,108,3.04,103,2.99,103,3.0,103
4525,2020/02/07 06:00UTC,2.72,129,3.05,140,2.75,144,3.07,156,3.06,155,2.87,144,2.73,145,2.74,145
4526,2020/02/07 12:00UTC,3.8,167,3.01,160,3.28,168,3.02,164,3.03,163,3.23,165,3.18,168,3.18,168
4527,2020/02/07 18:00UTC,2.8,178,2.68,174,2.48,183,2.76,173,2.75,173,2.57,179,2.45,182,2.45,181
4528,2020/02/08 00:00UTC,4.17,208,3.42,197,3.89,210,3.18,201,3.2,201,3.75,207,3.79,209,3.79,209
4529,2020/02/08 06:00UTC,3.9,194,4.21,185,4.44,191,4.49,188,4.47,188,4.44,190,4.42,191,4.43,191
4530,2020/02/08 12:00UTC,3.2,221,4.3,208,4.51,211,4.44,212,4.45,212,4.6,211,4.5,211,4.5,211
4531,2020/02/08 18:00UTC,3.85,192,3.34,207,3.5,210,2.33,232,2.4,230,3.4,212,3.39,211,3.39,211
4532,2020/02/09 00:00UTC,4.89,208,5.06,204,5.91,214,5.26,211,5.26,211,5.76,212,5.81,213,5.82,213
4533,2020/02/09 06:00UTC,8.44,208,7.25,209,8.15,211,7.19,210,7.2,210,7.94,211,8.0,212,8.0,212
4534,2020/02/09 12:00UTC,12.86,203,12.01,208,12.93,208,12.14,208,12.15,208,12.8,209,12.74,209,12.74,209
4535,2020/02/09 18:00UTC,12.82,217,12.18,215,13.47,216,12.36,220,12.35,219,13.17,216,13.29,216,13.3,216
4536,2020/02/10 00:00UTC,10.48,253,13.36,242,12.93,245,12.66,243,12.8,243,13.35,244,12.9,244,12.91,244
4537,2020/02/10 06:00UTC,8.52,262,9.69,270,8.88,266,9.9,264,9.85,264,9.09,267,8.99,266,8.99,266
4538,2020/02/10 12:00UTC,8.96,238,9.46,241,9.84,243,9.81,242,9.82,242,9.86,242,9.78,243,9.78,243
4539,2020/02/10 18:00UTC,7.22,256,8.97,261,9.51,257,9.6,254,9.57,254,9.5,258,9.49,256,9.49,256
4540,2020/02/11 00:00UTC,6.61,257,6.83,273,6.58,273,7.36,272,7.3,272,6.77,274,6.63,274,6.63,274
4541,2020/02/11 06:00UTC,7.72,257,7.08,266,6.89,264,7.41,257,7.35,258,6.97,264,6.9,263,6.9,263
4542,2020/02/11 12:00UTC,9.52,271,9.69,270,9.62,270,9.48,272,9.52,271,9.78,270,9.54,270,9.55,270
4543,2020/02/11 18:00UTC,6.26,261,6.31,274,6.06,270,5.41,263,5.47,264,6.04,271,6.07,270,6.07,270
4544,2020/02/12 00:00UTC,6.54,245,5.9,249,6.25,249,5.61,248,5.65,248,6.22,248,6.2,249,6.21,249
4545,2020/02/12 06:00UTC,6.77,249,5.63,244,5.57,246,5.06,242,5.1,242,5.57,244,5.54,246,5.54,245
4546,2020/02/12 12:00UTC,7.4,272,6.9,265,6.99,265,7.14,261,7.13,262,7.08,265,6.96,265,6.96,265
4547,2020/02/12 18:00UTC,2.8,210,2.76,215,2.88,216,2.73,214,2.75,214,2.93,215,2.82,217,2.82,217
4548,2020/02/13 00:00UTC,4.79,193,5.06,184,4.98,191,5.2,186,5.21,186,5.13,188,4.95,190,4.95,190
4549,2020/02/13 06:00UTC,9.56,192,8.18,194,8.86,197,7.87,197,7.9,197,8.65,197,8.68,198,8.68,198
4550,2020/02/13 12:00UTC,9.69,243,9.83,256,10.98,255,9.04,256,9.13,256,10.72,255,10.78,255,10.78,255
4551,2020/02/13 18:00UTC,5.88,270,6.59,267,7.05,268,7.89,265,7.77,265,6.91,267,7.11,268,7.1,268
4552,2020/02/14 00:00UTC,4.26,262,3.98,269,5.16,267,4.22,265,4.2,265,4.75,267,5.13,267,5.13,267
4553,2020/02/14 06:00UTC,4.56,264,3.51,258,3.95,257,3.55,253,3.55,253,3.84,256,3.89,257,3.89,257
4554,2020/02/14 12:00UTC,3.46,229,3.77,242,3.43,232,3.65,244,3.66,244,3.55,235,3.4,233,3.4,233
4555,2020/02/14 18:00UTC,3.26,204,3.08,194,3.04,203,2.81,195,2.84,195,3.04,200,2.97,203,2.97,203
4556,2020/02/15 00:00UTC,3.02,198,3.25,188,3.44,204,3.49,190,3.48,189,3.4,199,3.39,203,3.4,203
4557,2020/02/15 06:00UTC,4.4,197,3.95,195,4.18,205,4.03,190,4.02,190,4.12,202,4.11,205,4.12,205
4558,2020/02/15 12:00UTC,7.4,190,6.64,195,6.84,194,6.38,199,6.41,199,6.83,195,6.71,195,6.72,195
4559,2020/02/15 18:00UTC,8.36,200,6.32,203,6.91,209,5.5,204,5.56,204,6.59,207,6.78,209,6.78,209
4560,2020/02/16 00:00UTC,10.73,212,7.97,208,8.73,212,7.36,200,7.37,200,8.34,211,8.55,212,8.55,212
4561,2020/02/16 06:00UTC,10.96,210,9.18,202,10.27,208,8.73,203,8.77,203,9.91,206,10.1,207,10.1,207
4562,2020/02/16 12:00UTC,11.77,212,11.63,212,13.04,215,11.11,216,11.17,215,12.66,214,12.84,215,12.84,215
4563,2020/02/16 18:00UTC,8.59,243,10.27,213,11.68,217,10.25,210,10.27,211,11.3,215,11.53,216,11.53,216
4564,2020/02/17 00:00UTC,6.14,247,6.04,249,6.34,251,5.95,253,5.98,253,6.28,251,6.33,252,6.33,252
4565,2020/02/17 06:00UTC,4.47,216,3.98,224,4.45,229,4.24,225,4.2,225,4.25,227,4.42,229,4.41,229
4566,2020/02/17 12:00UTC,9.49,245,8.47,242,8.63,244,8.37,245,8.39,244,8.66,243,8.52,244,8.52,244
4567,2020/02/17 18:00UTC,5.52,251,5.11,251,5.38,246,4.73,246,4.74,246,5.21,246,5.34,247,5.34,247
4568,2020/02/18 00:00UTC,5.88,248,5.2,247,5.5,247,5.06,242,5.07,242,5.36,246,5.46,247,5.46,247
4569,2020/02/18 06:00UTC,5.19,230,4.44,234,4.34,234,4.16,225,4.18,226,4.41,234,4.29,234,4.29,234
4570,2020/02/18 12:00UTC,6.28,244,6.82,241,6.97,245,6.86,243,6.89,243,7.05,243,6.92,245,6.92,245
4571,2020/02/18 18:00UTC,5.72,227,4.79,226,5.06,229,4.4,220,4.42,220,4.93,227,4.99,229,4.99,229
4572,2020/02/19 00:00UTC,8.16,256,7.48,235,7.91,236,6.76,233,6.82,233,7.79,235,7.82,236,7.82,236
4573,2020/02/19 06:00UTC,4.04,259,4.16,271,4.24,268,4.07,270,4.08,270,4.21,268,4.23,268,4.23,268
4574,2020/02/19 12:00UTC,5.26,267,4.88,268,5.62,268,5.36,272,5.34,272,5.46,269,5.57,268,5.56,268
4575,2020/02/19 18:00UTC,3.89,204,3.16,198,2.99,205,2.84,189,2.87,190,3.01,199,2.95,205,2.95,204
4576,2020/02/20 00:00UTC,4.73,221,4.27,223,4.16,222,4.07,215,4.08,215,4.2,222,4.12,222,4.12,222
4577,2020/02/20 06:00UTC,5.59,210,4.99,201,5.43,208,5.35,201,5.33,201,5.38,205,5.37,207,5.37,207
4578,2020/02/20 12:00UTC,7.31,214,7.17,215,7.23,215,7.02,223,7.05,223,7.3,216,7.15,216,7.16,216
4579,2020/02/20 18:00UTC,7.97,314,8.52,249,9.06,266,7.7,230,7.78,231,8.76,256,8.96,261,8.96,261
4580,2020/02/21 00:00UTC,3.73,253,3.11,255,3.03,255,2.85,263,2.86,262,3.05,255,2.99,256,2.99,256
4581,2020/02/21 06:00UTC,3.31,238,2.94,241,2.8,246,2.82,234,2.83,235,2.87,243,2.76,245,2.76,245
4582,2020/02/21 12:00UTC,4.87,236,4.73,239,4.73,240,4.22,241,4.27,241,4.77,240,4.66,240,4.66,240
4583,2020/02/21 18:00UTC,3.51,213,3.01,217,3.0,223,2.76,217,2.78,217,2.98,220,2.95,223,2.95,223
4584,2020/02/22 00:00UTC,4.18,220,3.43,217,3.85,223,3.4,205,3.39,205,3.75,220,3.77,222,3.78,222
4585,2020/02/22 06:00UTC,5.94,224,5.19,213,5.72,219,5.49,204,5.45,204,5.6,217,5.63,218,5.64,218
4586,2020/02/22 12:00UTC,6.23,229,6.13,227,6.38,233,5.75,234,5.79,233,6.35,232,6.29,233,6.3,233
4587,2020/02/22 18:00UTC,4.56,233,4.26,231,4.64,230,4.34,223,4.32,224,4.51,229,4.59,229,4.59,229
4588,2020/02/23 00:00UTC,5.55,226,5.21,229,5.58,227,5.31,229,5.31,229,5.51,228,5.53,227,5.53,227
4589,2020/02/23 06:00UTC,7.91,230,8.25,226,8.35,227,7.42,231,7.52,230,8.48,227,8.18,228,8.19,228
4590,2020/02/23 12:00UTC,8.03,241,8.14,246,8.39,247,8.23,245,8.24,246,8.45,247,8.32,247,8.33,247
4591,2020/02/23 18:00UTC,6.34,250,7.38,248,7.75,245,7.36,245,7.39,245,7.77,245,7.68,245,7.68,245
4592,2020/02/24 00:00UTC,1.89,243,4.2,233,5.44,233,5.73,230,5.7,230,5.47,232,5.43,232,5.43,232
4593,2020/02/24 06:00UTC,5.14,218,4.84,226,5.18,228,5.07,231,5.07,231,5.18,229,5.12,229,5.13,229
4594,2020/02/24 12:00UTC,8.51,226,8.06,221,8.37,225,7.44,224,7.51,224,8.31,224,8.22,225,8.22,225
4595,2020/02/24 18:00UTC,8.06,235,7.35,248,7.94,250,7.33,248,7.35,248,7.86,250,7.84,250,7.85,250
4596,2020/02/25 00:00UTC,7.41,232,7.39,236,7.69,233,7.44,235,7.47,235,7.81,234,7.61,233,7.62,233
4597,2020/02/25 06:00UTC,5.45,272,5.56,275,5.58,273,7.24,238,7.03,240,5.59,270,5.63,271,5.63,271
4598,2020/02/25 12:00UTC,5.78,253,6.25,245,7.09,250,6.0,250,6.04,250,6.92,248,6.96,250,6.96,250
4599,2020/02/25 18:00UTC,6.08,252,5.72,258,6.92,262,5.84,266,5.82,265,6.61,260,6.83,262,6.83,262
4600,2020/02/26 00:00UTC,8.14,253,8.34,248,8.37,251,7.71,247,7.77,247,8.38,249,8.29,250,8.29,250
4601,2020/02/26 06:00UTC,6.21,255,6.46,265,7.3,263,6.98,263,6.97,263,7.13,264,7.18,264,7.18,264
4602,2020/02/26 12:00UTC,8.07,291,7.65,282,8.39,291,7.97,288,7.96,288,8.22,289,8.31,291,8.31,291
4603,2020/02/26 18:00UTC,4.41,274,4.05,276,4.09,274,3.99,271,3.98,271,4.04,273,4.08,275,4.08,275
4604,2020/02/27 00:00UTC,4.46,226,4.27,234,4.14,226,4.16,224,4.17,225,4.28,228,4.13,226,4.13,226
4605,2020/02/27 06:00UTC,7.73,163,7.1,164,7.47,163,7.23,168,7.23,168,7.41,164,7.36,163,7.36,163
4606,2020/02/27 12:00UTC,10.48,293,9.78,257,11.61,268,10.48,258,10.49,258,11.22,264,11.52,267,11.51,267
4607,2020/02/27 18:00UTC,6.1,297,6.57,307,6.45,313,6.59,310,6.59,310,6.56,311,6.44,313,6.44,313
4608,2020/02/28 00:00UTC,2.37,252,2.6,255,2.66,256,2.65,259,2.66,258,2.69,255,2.63,256,2.63,256
4609,2020/02/28 06:00UTC,3.07,179,2.92,173,3.28,182,3.16,174,3.15,174,3.2,179,3.22,181,3.22,181
4610,2020/02/28 12:00UTC,7.52,182,6.34,188,6.31,190,6.28,197,6.26,196,6.31,190,6.17,191,6.18,191
4611,2020/02/28 18:00UTC,6.77,209,6.96,198,7.73,205,7.17,201,7.18,201,7.65,203,7.63,204,7.63,204
4612,2020/02/29 00:00UTC,8.12,207,7.8,208,7.99,205,7.52,206,7.56,206,8.07,206,7.87,205,7.88,205
4613,2020/02/29 06:00UTC,8.52,185,7.81,179,7.23,185,7.37,180,7.4,180,7.41,183,7.12,184,7.13,184
4614,2020/02/29 12:00UTC,7.37,255,8.2,262,6.97,262,9.19,248,9.11,249,7.63,261,7.02,261,7.03,261
4615,2020/02/29 18:00UTC,7.71,229,5.73,231,7.06,236,4.69,228,4.75,228,6.42,233,6.89,236,6.88,236
4616,2020/03/01 00:00UTC,8.09,222,7.07,219,7.12,220,6.89,216,6.89,216,7.07,220,7.08,220,7.09,220
4617,2020/03/01 06:00UTC,5.45,218,5.14,219,5.16,215,4.98,215,4.98,215,5.2,216,5.12,215,5.12,215
4618,2020/03/01 12:00UTC,3.94,202,4.95,189,4.57,169,7.15,184,6.95,184,4.78,176,4.72,171,4.71,171
4619,2020/03/01 18:00UTC,6.0,237,6.04,260,6.87,246,6.55,254,6.51,254,6.75,250,6.84,247,6.84,247
4620,2020/03/02 00:00UTC,6.02,184,5.33,185,5.57,184,5.2,185,5.21,185,5.5,184,5.46,184,5.46,184
4621,2020/03/02 06:00UTC,4.8,195,5.92,182,5.17,192,5.82,184,5.84,184,5.46,188,5.23,191,5.23,191
4622,2020/03/02 12:00UTC,5.39,303,5.15,295,7.25,305,5.6,289,5.64,290,6.89,302,7.14,305,7.14,305
4623,2020/03/02 18:00UTC,5.12,290,5.74,300,5.81,299,5.58,298,5.57,298,5.82,298,5.82,299,5.82,299
4624,2020/03/03 00:00UTC,4.87,252,4.38,252,4.81,252,4.52,249,4.51,249,4.68,251,4.76,252,4.76,252
4625,2020/03/03 06:00UTC,3.33,223,3.18,216,3.52,225,3.59,211,3.56,211,3.5,222,3.5,224,3.5,224
4626,2020/03/03 12:00UTC,3.74,246,4.15,237,3.72,244,3.9,244,3.93,243,3.95,242,3.69,243,3.7,243
4627,2020/03/03 18:00UTC,3.19,282,2.73,291,2.77,299,2.74,290,2.76,290,2.82,297,2.75,298,2.75,298
4628,2020/03/04 00:00UTC,3.61,250,3.45,253,3.46,256,3.28,255,3.3,255,3.5,255,3.44,256,3.45,256
4629,2020/03/04 06:00UTC,2.91,218,2.99,220,2.34,212,2.95,211,2.95,211,2.62,216,2.35,212,2.35,212
4630,2020/03/04 12:00UTC,4.98,183,5.01,197,5.1,184,4.82,190,4.85,190,5.03,187,5.0,185,5.0,185
4631,2020/03/04 18:00UTC,5.8,185,5.36,182,5.64,194,5.83,184,5.78,184,5.61,191,5.58,193,5.58,193
4632,2020/03/05 00:00UTC,3.65,218,4.07,211,4.66,219,4.42,220,4.43,220,4.71,218,4.63,219,4.64,219
4633,2020/03/05 06:00UTC,3.02,141,4.23,137,4.81,131,5.61,144,5.52,144,4.88,132,4.82,132,4.82,132
4634,2020/03/05 12:00UTC,7.22,205,5.93,208,7.69,218,7.92,220,7.87,220,7.64,217,7.71,218,7.71,218
4635,2020/03/05 18:00UTC,6.69,278,6.44,256,10.92,279,9.98,257,9.84,257,9.97,273,10.81,278,10.79,278
4636,2020/03/06 00:00UTC,8.64,294,9.65,279,9.03,279,10.01,271,9.98,271,9.31,278,9.08,278,9.08,278
4637,2020/03/06 06:00UTC,4.62,284,5.42,275,4.0,264,4.86,255,4.9,256,4.51,265,4.07,263,4.07,263
4638,2020/03/06 12:00UTC,4.58,320,4.0,306,4.56,309,4.02,298,4.01,299,4.4,307,4.47,308,4.47,308
4639,2020/03/06 18:00UTC,3.27,315,3.41,304,3.12,304,3.49,301,3.48,300,3.28,301,3.12,304,3.12,304
4640,2020/03/07 00:00UTC,2.21,284,2.55,293,2.63,302,2.67,303,2.67,302,2.66,300,2.62,303,2.62,303
4641,2020/03/07 06:00UTC,1.45,241,1.59,266,2.04,277,1.6,274,1.61,273,1.94,275,2.0,277,2.0,277
4642,2020/03/07 12:00UTC,3.28,248,2.96,250,3.16,254,2.93,253,2.93,253,3.11,253,3.13,253,3.13,253
4643,2020/03/07 18:00UTC,3.45,202,2.97,207,3.08,213,2.97,206,2.97,206,3.11,211,3.02,213,3.03,213
4644,2020/03/08 00:00UTC,5.22,205,4.86,200,5.07,204,4.82,206,4.84,205,5.1,204,5.01,204,5.01,204
4645,2020/03/08 06:00UTC,6.87,211,5.77,200,6.59,214,5.52,199,5.54,199,6.28,210,6.43,213,6.43,213
4646,2020/03/08 12:00UTC,6.98,209,6.89,208,7.51,208,6.74,211,6.77,211,7.41,208,7.4,208,7.4,208
4647,2020/03/08 18:00UTC,2.86,250,3.39,236,3.22,246,5.05,219,4.94,219,3.4,239,3.26,243,3.26,243
4648,2020/03/09 00:00UTC,4.79,244,3.94,245,4.62,249,4.32,249,4.29,249,4.47,247,4.56,249,4.56,249
4649,2020/03/09 06:00UTC,4.69,260,4.03,258,4.82,262,4.12,256,4.11,256,4.6,260,4.75,262,4.75,262
4650,2020/03/09 12:00UTC,6.2,287,5.01,282,5.37,285,5.29,285,5.26,285,5.3,285,5.27,285,5.27,285
4651,2020/03/09 18:00UTC,3.25,251,3.18,231,3.3,242,3.26,232,3.27,231,3.33,237,3.27,241,3.27,241
4652,2020/03/10 00:00UTC,7.25,216,6.63,218,7.42,223,6.32,221,6.37,220,7.24,221,7.28,223,7.28,223
4653,2020/03/10 06:00UTC,6.79,241,6.71,235,7.1,241,6.95,231,6.95,232,7.07,239,7.03,240,7.03,240
4654,2020/03/10 12:00UTC,7.47,244,7.43,237,7.5,237,6.94,237,7.0,237,7.6,237,7.41,236,7.41,236
4655,2020/03/10 18:00UTC,6.38,239,6.7,242,6.73,241,6.86,239,6.87,240,6.87,241,6.69,241,6.7,241
4656,2020/03/11 00:00UTC,7.64,240,8.18,235,7.82,237,7.17,238,7.29,237,8.07,236,7.73,237,7.74,237
4657,2020/03/11 06:00UTC,6.31,232,5.89,226,6.54,231,6.39,219,6.36,220,6.38,229,6.47,230,6.47,230
4658,2020/03/11 12:00UTC,7.14,235,7.02,242,7.31,243,7.39,241,7.38,242,7.35,243,7.24,243,7.25,243
4659,2020/03/11 18:00UTC,6.08,224,6.61,228,6.16,228,6.01,224,6.09,225,6.43,228,6.14,227,6.15,227
4660,2020/03/12 00:00UTC,7.99,232,6.97,234,7.4,235,6.02,227,6.09,228,7.25,234,7.24,235,7.25,235
4661,2020/03/12 06:00UTC,5.56,273,5.94,254,5.9,253,6.49,238,6.47,240,6.07,252,5.98,252,5.98,252
4662,2020/03/12 12:00UTC,6.15,271,6.28,272,6.25,267,6.19,266,6.23,267,6.44,267,6.19,268,6.19,268
4663,2020/03/12 18:00UTC,4.59,277,3.62,261,4.01,262,3.41,246,3.4,246,3.76,259,3.99,261,3.99,261
4664,2020/03/13 00:00UTC,6.22,255,5.05,258,4.93,258,4.23,252,4.28,253,4.87,257,4.87,258,4.87,258
4665,2020/03/13 06:00UTC,4.33,245,3.58,240,3.9,248,3.25,237,3.27,237,3.79,244,3.81,247,3.81,247
4666,2020/03/13 12:00UTC,3.71,266,3.59,257,3.5,257,3.47,256,3.49,256,3.59,258,3.48,258,3.48,258
4667,2020/03/13 18:00UTC,1.09,255,1.31,231,1.58,248,0.92,251,0.96,248,1.52,242,1.53,249,1.53,249
4668,2020/03/14 00:00UTC,1.3,237,1.55,217,1.93,231,1.51,215,1.52,215,1.86,224,1.83,232,1.84,232
4669,2020/03/14 06:00UTC,4.48,186,2.52,179,3.61,192,2.37,188,2.38,187,3.24,190,3.46,193,3.46,193
4670,2020/03/14 12:00UTC,5.07,213,4.89,215,5.09,222,5.25,221,5.28,221,5.27,221,5.07,222,5.08,222
4671,2020/03/14 18:00UTC,2.7,207,3.09,199,3.21,204,3.34,204,3.33,203,3.21,202,3.24,204,3.24,204
4672,2020/03/15 00:00UTC,3.66,205,3.35,202,3.44,209,3.6,203,3.58,203,3.46,207,3.41,209,3.42,209
4673,2020/03/15 06:00UTC,3.96,197,4.11,186,3.73,188,3.95,185,3.97,185,3.83,187,3.73,188,3.73,188
4674,2020/03/15 12:00UTC,4.89,196,5.57,177,5.1,178,5.62,165,5.63,166,5.35,176,5.07,177,5.07,177
4675,2020/03/15 18:00UTC,1.89,247,2.16,176,2.09,221,2.14,171,2.15,172,2.03,204,2.03,219,2.03,219
4676,2020/03/16 00:00UTC,1.87,343,1.44,1,2.12,8,0.55,10,0.63,7,1.8,5,2.03,8,2.03,8
4677,2020/03/16 06:00UTC,1.84,356,2.22,360,3.78,340,0.88,300,0.9,311,3.1,340,3.56,339,3.56,339
4678,2020/03/16 12:00UTC,1.62,325,1.16,333,1.21,5,1.9,315,1.8,316,1.08,356,1.14,4,1.14,4
4679,2020/03/16 18:00UTC,1.22,294,1.38,331,1.43,4,2.28,355,2.18,354,1.44,354,1.47,3,1.47,2
4680,2020/03/17 00:00UTC,2.5,323,2.15,311,1.7,336,0.95,338,1.03,333,1.81,326,1.62,336,1.63,335
4681,2020/03/17 06:00UTC,1.04,358,0.93,99,1.39,102,1.53,93,1.5,94,1.34,106,1.42,103,1.42,103
4682,2020/03/17 12:00UTC,1.87,191,0.48,229,0.21,63,0.46,68,0.4,64,0.15,22,0.21,54,0.21,54
4683,2020/03/17 18:00UTC,1.08,216,1.15,134,1.66,116,1.4,87,1.4,91,1.69,118,1.72,117,1.72,117
4684,2020/03/18 00:00UTC,0.9,220,1.19,176,1.2,172,1.22,148,1.21,151,1.26,172,1.2,169,1.2,169
4685,2020/03/18 06:00UTC,1.19,228,1.12,210,1.52,246,0.99,201,1.0,202,1.33,238,1.48,244,1.48,244
4686,2020/03/18 12:00UTC,1.78,214,1.51,191,1.33,182,0.11,205,0.22,193,1.24,183,1.29,180,1.29,180
4687,2020/03/18 18:00UTC,1.67,7,0.3,209,0.88,124,1.28,100,1.17,102,0.7,128,0.95,122,0.95,122
4688,2020/03/19 00:00UTC,1.95,42,1.02,103,1.19,216,1.14,150,1.12,147,1.02,184,1.16,212,1.16,211
4689,2020/03/19 06:00UTC,1.51,61,1.32,126,1.33,89,1.51,101,1.47,103,1.27,101,1.33,92,1.33,92
4690,2020/03/19 12:00UTC,1.91,159,2.1,127,2.64,122,2.55,112,2.52,113,2.56,121,2.62,122,2.62,122
4691,2020/03/19 18:00UTC,2.69,26,2.68,69,2.47,56,3.22,56,3.19,57,2.65,62,2.51,56,2.51,57
4692,2020/03/20 00:00UTC,2.42,48,2.41,86,2.5,75,2.64,84,2.61,85,2.45,80,2.49,77,2.49,77
4693,2020/03/20 06:00UTC,2.95,44,2.46,49,2.77,60,2.42,46,2.42,46,2.65,57,2.74,59,2.74,59
4694,2020/03/20 12:00UTC,4.92,50,3.69,51,3.99,63,3.7,67,3.69,66,3.9,61,3.93,63,3.94,63
4695,2020/03/20 18:00UTC,6.27,33,6.07,24,4.82,32,4.24,40,4.39,38,5.2,30,4.73,33,4.74,33
4696,2020/03/21 00:00UTC,6.11,47,5.44,35,5.73,41,5.22,37,5.23,36,5.61,39,5.7,41,5.7,41
4697,2020/03/21 06:00UTC,5.52,53,5.1,42,5.53,48,5.07,42,5.07,42,5.37,46,5.49,48,5.49,48
4698,2020/03/21 12:00UTC,5.83,62,5.3,59,5.84,66,6.1,58,6.04,58,5.72,64,5.84,66,5.84,66
4699,2020/03/21 18:00UTC,6.15,70,6.5,66,5.82,64,6.09,57,6.13,57,6.08,64,5.85,64,5.86,64
4700,2020/03/22 00:00UTC,5.6,73,6.22,76,5.95,73,5.42,68,5.5,68,6.07,73,5.91,73,5.92,73
4701,2020/03/22 06:00UTC,5.85,63,5.46,64,5.59,65,5.21,62,5.23,62,5.54,64,5.54,64,5.54,64
4702,2020/03/22 12:00UTC,6.22,73,6.0,76,6.34,73,5.88,71,5.88,71,6.25,73,6.27,73,6.27,73
4703,2020/03/22 18:00UTC,4.84,75,4.52,72,4.37,68,3.66,67,3.71,67,4.23,68,4.29,68,4.29,68
4704,2020/03/23 00:00UTC,4.72,96,4.67,93,4.84,87,4.28,84,4.29,84,4.68,87,4.78,86,4.78,86
4705,2020/03/23 06:00UTC,4.23,93,4.1,87,4.91,83,4.3,76,4.25,77,4.57,82,4.85,82,4.84,82
4706,2020/03/23 12:00UTC,4.75,107,5.07,100,5.22,97,5.02,94,5.03,94,5.26,97,5.18,97,5.19,97
4707,2020/03/23 18:00UTC,2.97,97,3.02,73,3.11,75,3.07,59,3.07,60,3.08,72,3.1,74,3.1,74
4708,2020/03/24 00:00UTC,2.83,105,3.29,99,3.29,88,3.04,89,3.05,90,3.23,90,3.28,89,3.28,89
4709,2020/03/24 06:00UTC,3.49,103,3.77,95,4.14,93,4.33,88,4.27,89,4.03,92,4.15,93,4.15,93
4710,2020/03/24 12:00UTC,3.77,102,4.59,89,4.67,80,4.74,74,4.72,75,4.7,82,4.66,79,4.66,79
4711,2020/03/24 18:00UTC,3.5,73,3.5,68,3.88,71,3.84,49,3.81,51,3.78,68,3.89,69,3.89,69
4712,2020/03/25 00:00UTC,3.41,89,4.06,90,3.69,78,3.83,83,3.84,84,3.76,81,3.68,78,3.68,78
4713,2020/03/25 06:00UTC,3.0,74,3.25,80,3.58,67,3.7,70,3.65,70,3.48,70,3.57,67,3.57,67
4714,2020/03/25 12:00UTC,3.87,52,4.16,49,4.45,50,4.54,46,4.53,46,4.44,49,4.44,50,4.44,50
4715,2020/03/25 18:00UTC,4.25,15,3.71,25,3.93,37,3.78,27,3.78,27,3.87,34,3.94,37,3.94,37
4716,2020/03/26 00:00UTC,4.34,60,4.57,57,4.55,59,4.32,54,4.33,54,4.54,59,4.56,59,4.56,59
4717,2020/03/26 06:00UTC,3.95,36,4.05,41,4.25,34,4.1,37,4.08,37,4.13,36,4.25,35,4.24,35
4718,2020/03/26 12:00UTC,5.52,54,5.74,58,6.11,57,6.0,57,6.0,57,6.08,57,6.08,57,6.08,57
4719,2020/03/26 18:00UTC,3.07,48,3.04,59,3.15,65,3.35,44,3.32,45,3.12,62,3.17,64,3.17,64
4720,2020/03/27 00:00UTC,2.18,38,2.59,34,2.58,32,2.58,33,2.59,33,2.6,33,2.58,34,2.58,34
4721,2020/03/27 06:00UTC,3.16,24,3.06,21,3.28,18,3.09,19,3.09,19,3.21,19,3.25,19,3.25,19
4722,2020/03/27 12:00UTC,3.75,24,3.47,26,3.72,35,3.76,25,3.75,25,3.67,32,3.69,34,3.69,34
4723,2020/03/27 18:00UTC,3.33,16,2.61,22,2.67,3,2.34,16,2.36,16,2.62,9,2.57,4,2.58,4
4724,2020/03/28 00:00UTC,2.74,11,2.14,359,2.07,17,0.62,11,0.7,7,1.83,11,1.93,19,1.93,19
4725,2020/03/28 06:00UTC,2.2,358,1.98,359,2.31,352,1.61,351,1.65,352,2.18,353,2.22,352,2.23,352
4726,2020/03/28 12:00UTC,4.47,30,3.55,18,3.44,22,2.95,9,3.0,9,3.44,19,3.36,21,3.37,21
4727,2020/03/28 18:00UTC,5.66,23,5.72,17,5.1,15,3.77,6,3.91,7,5.17,15,4.91,15,4.92,15
4728,2020/03/29 00:00UTC,7.1,28,7.64,24,7.45,26,7.56,25,7.58,25,7.56,25,7.44,26,7.45,26
4729,2020/03/29 06:00UTC,5.05,12,6.27,18,6.69,23,7.31,19,7.25,19,6.7,22,6.67,23,6.67,23
4730,2020/03/29 12:00UTC,9.12,31,9.47,26,9.19,29,9.48,25,9.5,25,9.37,27,9.17,28,9.17,28
4731,2020/03/29 18:00UTC,6.93,17,6.37,24,5.92,23,6.18,20,6.21,20,6.04,24,5.94,24,5.94,24
4732,2020/03/30 00:00UTC,7.21,31,7.62,30,7.89,32,8.3,33,8.25,33,7.91,32,7.91,32,7.91,32
4733,2020/03/30 06:00UTC,6.55,40,7.01,36,7.3,36,7.43,36,7.4,36,7.24,36,7.29,36,7.29,36
4734,2020/03/30 12:00UTC,7.73,43,8.3,44,9.0,45,9.41,46,9.35,46,8.97,45,8.98,45,8.98,45
4735,2020/03/30 18:00UTC,5.44,36,4.89,37,4.57,45,4.5,45,4.52,45,4.62,43,4.55,45,4.55,45
4736,2020/03/31 00:00UTC,4.5,42,4.82,43,5.17,49,4.84,47,4.85,47,5.1,48,5.19,49,5.18,49
4737,2020/03/31 06:00UTC,3.73,47,3.87,44,4.5,46,4.66,47,4.6,47,4.34,46,4.5,46,4.5,46
4738,2020/03/31 12:00UTC,5.78,59,6.05,58,6.41,60,6.77,58,6.73,58,6.45,59,6.41,60,6.41,60
4739,2020/03/31 18:00UTC,4.58,49,4.36,51,4.63,54,5.09,44,5.04,45,4.62,53,4.69,54,4.68,54
4740,2020/04/01 00:00UTC,3.3,52,2.89,62,3.15,64,3.07,63,3.05,63,3.06,63,3.14,64,3.14,64
4741,2020/04/01 06:00UTC,2.38,43,2.63,59,3.14,59,3.15,58,3.11,59,3.02,59,3.13,59,3.13,59
4742,2020/04/01 12:00UTC,3.07,52,4.14,52,4.57,58,4.83,52,4.8,52,4.57,56,4.58,57,4.58,57
4743,2020/04/01 18:00UTC,3.15,21,2.67,35,2.08,30,2.38,55,2.41,54,2.18,39,2.06,33,2.06,33
4744,2020/04/02 00:00UTC,3.05,27,3.39,20,3.28,14,2.93,21,2.97,21,3.29,16,3.24,15,3.24,15
4745,2020/04/02 06:00UTC,1.91,339,2.3,8,2.79,358,2.71,13,2.68,13,2.64,2,2.73,0,2.73,0
4746,2020/04/02 12:00UTC,2.84,330,3.18,352,3.21,355,3.07,354,3.08,355,3.19,356,3.15,355,3.15,355
4747,2020/04/02 18:00UTC,3.35,293,2.29,305,2.61,319,3.36,331,3.28,329,2.59,316,2.71,320,2.7,320
4748,2020/04/03 00:00UTC,2.67,276,2.18,278,2.4,292,2.44,294,2.42,293,2.43,288,2.36,292,2.37,292
4749,2020/04/03 06:00UTC,1.7,277,1.62,266,2.07,282,1.99,255,1.97,256,1.99,277,2.02,280,2.02,280
4750,2020/04/03 12:00UTC,2.67,285,1.46,308,1.89,311,2.04,326,2.0,326,1.85,314,1.79,311,1.8,311
4751,2020/04/03 18:00UTC,1.68,14,0.54,246,1.33,339,0.35,58,0.21,67,0.78,317,1.25,337,1.25,337
4752,2020/04/04 00:00UTC,1.27,25,1.11,162,0.53,82,1.69,149,1.67,151,0.65,138,0.54,97,0.54,98
4753,2020/04/04 06:00UTC,1.57,101,2.26,125,2.2,123,2.43,111,2.41,112,2.26,124,2.22,122,2.22,122
4754,2020/04/04 12:00UTC,3.71,138,4.2,118,4.79,115,4.88,106,4.85,107,4.73,114,4.77,114,4.77,114
4755,2020/04/04 18:00UTC,3.32,118,3.3,91,3.47,92,3.12,79,3.14,80,3.42,89,3.45,91,3.45,91
4756,2020/04/05 00:00UTC,3.23,113,3.32,109,3.26,107,2.92,105,2.94,105,3.23,107,3.21,106,3.21,106
4757,2020/04/05 06:00UTC,2.51,141,2.73,144,2.61,146,2.86,151,2.84,151,2.69,146,2.58,146,2.58,146
4758,2020/04/05 12:00UTC,4.23,160,2.91,142,4.18,152,3.74,142,3.67,141,3.81,148,4.05,150,4.05,150
4759,2020/04/05 18:00UTC,3.79,147,3.68,147,3.6,139,3.08,153,3.15,153,3.64,141,3.63,138,3.63,138
4760,2020/04/06 00:00UTC,3.53,172,3.41,190,4.11,198,4.07,199,4.0,199,3.93,199,4.09,199,4.09,199
4761,2020/04/06 06:00UTC,4.76,179,4.7,174,4.7,182,4.62,173,4.62,173,4.71,179,4.63,181,4.63,181
4762,2020/04/06 12:00UTC,3.1,204,4.6,237,4.16,212,5.61,239,5.57,239,4.45,223,4.22,215,4.22,215
4763,2020/04/06 18:00UTC,1.45,212,1.72,192,2.02,193,1.24,232,1.26,228,1.9,195,1.93,195,1.93,195
4764,2020/04/07 00:00UTC,2.16,27,0.99,53,1.64,48,1.43,27,1.38,28,1.29,48,1.63,46,1.62,47
4765,2020/04/07 06:00UTC,2.79,51,2.19,38,2.2,57,2.0,59,2.0,57,2.07,52,2.17,56,2.17,56
4766,2020/04/07 12:00UTC,3.47,76,3.66,78,4.02,76,3.75,92,3.75,90,3.94,77,4.01,77,4.01,77
4767,2020/04/07 18:00UTC,1.79,73,2.39,72,1.56,71,2.39,68,2.41,69,1.93,70,1.58,69,1.58,69
4768,2020/04/08 00:00UTC,1.38,78,2.22,103,2.4,89,2.2,108,2.21,108,2.37,95,2.38,91,2.39,91
4769,2020/04/08 06:00UTC,1.17,102,1.82,137,1.87,132,2.69,166,2.61,165,1.95,138,1.93,135,1.93,135
4770,2020/04/08 12:00UTC,1.89,110,1.81,167,1.52,170,2.71,211,2.61,209,1.69,173,1.53,176,1.53,176
4771,2020/04/08 18:00UTC,1.08,358,1.52,225,1.9,241,1.22,228,1.29,230,2.0,241,1.83,245,1.83,245
4772,2020/04/09 00:00UTC,0.94,313,1.26,171,0.87,306,0.57,158,0.65,162,0.52,249,0.76,304,0.75,303
4773,2020/04/09 06:00UTC,0.42,76,1.48,132,1.61,96,1.97,134,1.94,134,1.5,111,1.62,100,1.62,100
4774,2020/04/09 12:00UTC,2.02,109,2.0,126,2.74,127,2.08,134,2.1,134,2.54,129,2.69,127,2.69,127
4775,2020/04/09 18:00UTC,2.27,54,2.04,64,1.24,75,2.0,58,1.99,58,1.4,68,1.32,72,1.32,72
4776,2020/04/10 00:00UTC,2.65,67,2.65,71,2.69,64,2.2,77,2.22,77,2.6,67,2.65,66,2.65,65
4777,2020/04/10 06:00UTC,1.59,75,1.96,91,2.23,90,2.23,99,2.21,99,2.22,92,2.21,91,2.21,91
4778,2020/04/10 12:00UTC,2.14,83,2.76,95,2.83,91,2.69,91,2.72,92,2.91,93,2.84,90,2.84,90
4779,2020/04/10 18:00UTC,2.33,64,2.07,81,2.51,92,2.27,64,2.22,66,2.33,92,2.51,91,2.5,91
4780,2020/04/11 00:00UTC,2.53,60,1.89,61,2.04,64,1.62,58,1.62,58,1.88,62,2.02,63,2.02,63
4781,2020/04/11 06:00UTC,1.28,60,1.61,83,1.53,86,1.12,126,1.14,122,1.54,88,1.48,88,1.49,88
4782,2020/04/11 12:00UTC,1.21,63,1.81,53,1.95,91,1.64,68,1.68,67,1.95,82,1.95,91,1.95,91
4783,2020/04/11 18:00UTC,1.93,20,0.65,67,1.56,32,1.52,54,1.39,55,1.07,42,1.5,36,1.49,36
4784,2020/04/12 00:00UTC,0.34,63,2.69,131,0.27,42,1.86,135,1.94,136,0.78,138,0.34,84,0.33,85
4785,2020/04/12 06:00UTC,1.16,214,1.6,155,1.23,200,2.57,167,2.49,167,1.34,180,1.27,197,1.27,197
4786,2020/04/12 12:00UTC,3.19,219,2.67,200,3.27,211,3.26,193,3.21,194,3.15,208,3.22,211,3.22,211
4787,2020/04/12 18:00UTC,1.75,12,2.54,133,2.13,98,1.01,60,1.03,75,2.33,112,2.22,95,2.22,96
4788,2020/04/13 00:00UTC,1.42,69,1.88,56,1.64,66,1.15,18,1.22,23,1.71,57,1.66,62,1.66,62
4789,2020/04/13 12:00UTC,8.05,38,7.47,31,7.38,39,6.53,41,6.61,40,7.37,37,7.3,39,7.31,39
4790,2020/04/13 18:00UTC,7.01,36,6.94,32,6.89,36,7.45,32,7.41,32,6.93,35,6.94,36,6.94,36
4791,2020/04/14 00:00UTC,5.86,46,6.23,41,6.4,50,6.65,43,6.62,43,6.42,47,6.46,49,6.46,49
4792,2020/04/14 06:00UTC,5.41,58,5.68,47,6.05,53,6.83,43,6.74,43,6.06,50,6.13,52,6.13,52
4793,2020/04/14 12:00UTC,5.04,56,5.59,53,5.83,58,6.26,51,6.23,51,5.9,56,5.85,57,5.85,57
4794,2020/04/14 18:00UTC,4.43,51,3.71,51,3.78,63,4.15,47,4.11,48,3.77,60,3.81,62,3.81,62
4795,2020/04/15 00:00UTC,4.39,67,3.83,68,4.44,70,3.7,62,3.7,62,4.18,69,4.41,70,4.41,70
4796,2020/04/15 06:00UTC,3.87,72,3.54,80,4.21,81,3.67,74,3.65,74,3.96,81,4.16,81,4.16,81
4797,2020/04/15 12:00UTC,4.1,80,4.13,75,4.88,77,4.55,79,4.52,79,4.72,76,4.82,77,4.82,77
4798,2020/04/15 18:00UTC,2.99,109,2.65,83,3.04,76,2.6,75,2.61,75,2.98,74,2.97,76,2.97,76
4799,2020/04/16 00:00UTC,2.03,100,2.99,124,2.79,139,3.47,178,3.35,175,2.87,138,2.79,142,2.79,142
4800,2020/04/16 06:00UTC,2.19,206,3.34,196,3.14,199,3.12,184,3.14,185,3.24,198,3.12,198,3.12,198
4801,2020/04/16 12:00UTC,2.45,204,2.53,204,2.53,220,2.41,205,2.42,205,2.54,215,2.5,220,2.51,220
4802,2020/04/16 18:00UTC,1.78,250,0.66,203,1.27,258,1.58,172,1.52,175,1.22,239,1.16,259,1.16,259
4803,2020/04/17 00:00UTC,1.46,49,1.32,68,2.01,70,1.55,103,1.51,101,1.77,71,1.94,71,1.94,71
4804,2020/04/17 06:00UTC,2.04,118,2.47,117,2.39,147,2.02,136,2.05,135,2.35,139,2.35,147,2.35,147
4805,2020/04/17 12:00UTC,2.32,170,2.36,197,2.95,207,2.69,217,2.7,216,2.96,209,2.88,209,2.89,209
4806,2020/04/17 18:00UTC,2.15,208,2.39,194,2.01,219,1.96,199,2.0,199,2.07,210,2.02,219,2.02,219
4807,2020/04/18 00:00UTC,1.99,211,4.4,190,4.41,193,3.39,217,3.51,215,4.64,197,4.36,193,4.37,193
4808,2020/04/18 06:00UTC,2.77,205,2.63,212,3.15,209,2.97,209,2.95,209,3.07,210,3.13,210,3.13,210
4809,2020/04/18 12:00UTC,2.2,276,2.56,251,2.61,255,3.09,253,3.06,253,2.71,252,2.65,254,2.65,254
4810,2020/04/18 18:00UTC,2.94,351,1.97,321,2.68,332,1.16,294,1.22,295,2.31,323,2.6,331,2.6,331
4811,2020/04/19 00:00UTC,2.74,32,2.58,29,2.41,20,2.31,22,2.33,23,2.39,24,2.38,22,2.38,22
4812,2020/04/19 06:00UTC,3.2,34,3.26,26,3.15,38,2.98,34,2.99,33,3.11,35,3.14,38,3.14,38
4813,2020/04/19 12:00UTC,3.56,37,3.66,41,4.15,51,4.55,46,4.5,45,4.09,49,4.16,50,4.16,50
4814,2020/04/19 18:00UTC,4.88,36,4.94,27,4.01,37,4.21,23,4.26,23,4.22,34,3.99,38,3.99,37
4815,2020/04/20 00:00UTC,3.78,48,3.78,42,4.25,34,3.51,30,3.54,31,4.09,34,4.24,35,4.23,34
4816,2020/04/20 06:00UTC,4.99,50,4.15,48,4.3,49,3.97,50,3.95,49,4.16,48,4.27,49,4.27,49
4817,2020/04/20 12:00UTC,5.67,59,5.77,61,5.32,62,5.48,56,5.51,56,5.49,62,5.32,62,5.33,62
4818,2020/04/20 18:00UTC,5.07,57,4.29,54,4.22,58,4.35,51,4.33,51,4.26,56,4.25,57,4.25,57
4819,2020/04/21 00:00UTC,4.68,59,4.55,70,4.57,58,3.94,61,3.97,62,4.47,61,4.53,58,4.53,58
4820,2020/04/21 06:00UTC,5.0,53,4.7,54,4.45,50,4.31,52,4.34,52,4.5,51,4.44,50,4.44,50
4821,2020/04/21 12:00UTC,4.53,57,4.84,55,4.62,54,4.45,42,4.49,43,4.72,53,4.61,54,4.61,54
4822,2020/04/21 18:00UTC,3.39,53,2.6,42,2.56,57,2.88,31,2.86,32,2.61,50,2.58,55,2.58,55
4823,2020/04/22 00:00UTC,3.58,54,3.35,65,3.1,46,2.62,50,2.65,51,3.07,51,3.06,47,3.07,47
4824,2020/04/22 06:00UTC,3.85,60,3.22,58,3.33,55,2.83,47,2.84,48,3.19,55,3.32,55,3.32,55
4825,2020/04/22 12:00UTC,3.93,44,3.85,54,3.39,51,3.64,44,3.65,45,3.55,52,3.41,51,3.41,51
4826,2020/04/22 18:00UTC,3.04,42,2.05,51,1.93,76,1.87,37,1.87,39,1.87,67,1.93,73,1.92,73
4827,2020/04/23 00:00UTC,1.73,9,1.68,47,1.51,16,1.43,29,1.45,30,1.5,27,1.49,19,1.49,19
4828,2020/04/23 06:00UTC,1.08,41,1.54,89,0.84,73,0.34,25,0.39,42,0.99,79,0.82,73,0.83,74
4829,2020/04/23 12:00UTC,1.08,22,1.09,12,1.18,297,1.76,329,1.72,330,1.17,317,1.22,299,1.22,299
4830,2020/04/23 18:00UTC,2.21,351,0.32,88,2.31,286,1.28,278,1.16,275,1.65,277,2.23,286,2.23,286
4831,2020/04/24 00:00UTC,0.36,332,0.57,295,2.29,284,1.51,240,1.47,242,1.92,280,2.21,283,2.21,283
4832,2020/04/24 06:00UTC,0.94,254,1.7,265,2.2,265,2.24,248,2.24,250,2.26,264,2.21,264,2.21,264
4833,2020/04/24 12:00UTC,3.39,288,3.44,259,3.76,253,3.65,265,3.68,264,3.89,253,3.73,254,3.74,254
4834,2020/04/24 18:00UTC,2.46,23,1.48,346,3.35,301,2.15,313,2.1,313,2.81,303,3.23,301,3.22,301
4835,2020/04/25 00:00UTC,4.01,40,3.47,39,2.61,43,1.73,24,1.86,27,2.76,44,2.55,43,2.56,43
4836,2020/04/25 06:00UTC,3.38,53,3.24,42,3.58,51,3.53,50,3.51,49,3.46,49,3.6,52,3.6,52
4837,2020/04/25 12:00UTC,2.92,31,2.9,38,3.19,59,3.72,47,3.66,46,3.08,53,3.24,58,3.24,58
4838,2020/04/25 18:00UTC,3.45,29,3.21,38,2.63,33,3.36,28,3.33,29,2.78,37,2.63,35,2.63,35
4839,2020/04/26 00:00UTC,2.68,36,2.63,34,2.28,42,2.75,30,2.74,31,2.36,40,2.32,42,2.32,42
4840,2020/04/26 06:00UTC,1.19,23,1.73,25,1.88,28,2.22,24,2.17,24,1.81,28,1.9,29,1.9,29
4841,2020/04/26 12:00UTC,1.37,337,1.23,346,0.83,10,1.79,360,1.74,359,0.92,3,0.9,12,0.89,11
4842,2020/04/26 18:00UTC,1.34,41,1.66,57,1.64,327,0.62,83,0.69,82,1.06,343,1.54,328,1.53,328
4843,2020/04/27 00:00UTC,1.61,157,1.9,162,2.07,161,2.13,194,2.1,192,2.05,164,2.04,162,2.04,162
4844,2020/04/27 06:00UTC,2.0,211,2.77,188,2.79,202,2.81,188,2.82,188,2.88,199,2.75,201,2.76,201
4845,2020/04/27 12:00UTC,1.74,264,2.68,197,2.38,182,2.59,167,2.59,169,2.52,184,2.36,180,2.37,181
4846,2020/04/27 18:00UTC,0.97,346,1.96,187,2.01,228,1.86,214,1.95,213,2.3,220,2.04,226,2.04,226
4847,2020/04/28 00:00UTC,1.13,142,2.26,201,4.09,238,4.06,226,3.96,226,3.79,233,4.05,238,4.04,238
4848,2020/04/28 06:00UTC,4.86,226,4.75,225,5.24,217,5.34,221,5.3,221,5.2,220,5.2,218,5.21,218
4849,2020/04/28 12:00UTC,7.15,231,6.81,224,7.07,230,6.65,228,6.69,228,7.09,229,6.95,230,6.96,230
4850,2020/04/28 18:00UTC,4.0,266,3.68,246,4.06,246,3.63,230,3.61,231,3.82,243,4.05,245,4.04,245
4851,2020/04/29 00:00UTC,4.71,232,4.38,228,4.41,224,4.71,221,4.68,222,4.46,224,4.43,224,4.43,224
4852,2020/04/29 06:00UTC,4.04,228,4.22,235,4.6,243,4.64,237,4.62,237,4.64,241,4.6,243,4.6,243
4853,2020/04/29 12:00UTC,6.11,203,6.26,217,7.08,213,6.5,218,6.49,218,6.88,215,7.04,214,7.04,214
4854,2020/04/29 18:00UTC,4.42,216,4.95,235,4.76,219,5.39,225,5.36,226,4.82,224,4.75,219,4.76,219
4855,2020/04/30 00:00UTC,5.12,213,4.11,212,5.27,214,5.21,216,5.08,216,4.89,213,5.21,215,5.2,215
4856,2020/04/30 06:00UTC,5.04,209,4.43,212,4.99,210,4.7,209,4.68,209,4.88,210,4.92,211,4.92,211
4857,2020/04/30 12:00UTC,7.33,210,6.19,220,7.14,225,8.4,220,8.21,220,6.97,222,7.09,225,7.09,225
4858,2020/04/30 18:00UTC,4.66,252,5.91,248,6.56,245,6.33,239,6.31,240,6.39,244,6.58,244,6.58,244
4859,2020/05/01 00:00UTC,4.94,224,5.01,220,5.48,221,4.93,215,4.95,215,5.41,219,5.42,221,5.42,221
4860,2020/05/01 06:00UTC,5.42,233,5.98,230,6.0,228,5.94,221,5.95,222,6.1,228,5.98,228,5.98,228
4861,2020/05/01 12:00UTC,5.61,265,4.95,253,5.5,255,6.05,251,5.94,252,5.37,254,5.4,255,5.4,255
4862,2020/05/01 18:00UTC,5.55,291,4.69,263,4.38,275,4.4,261,4.41,260,4.33,270,4.41,274,4.4,274
4863,2020/05/02 00:00UTC,3.77,265,3.16,260,2.8,260,2.55,267,2.58,266,2.8,259,2.77,262,2.77,262
4864,2020/05/02 06:00UTC,3.75,244,3.11,253,2.87,248,2.7,242,2.71,242,2.91,248,2.81,248,2.82,248
4865,2020/05/02 12:00UTC,3.64,295,3.37,277,3.17,293,3.32,301,3.28,298,3.17,287,3.18,293,3.18,293
4866,2020/05/02 18:00UTC,2.26,311,2.79,266,0.89,313,1.3,303,1.4,294,1.49,276,0.95,311,0.95,310
4867,2020/05/03 00:00UTC,1.35,100,1.38,106,1.23,117,0.84,131,0.87,128,1.17,111,1.22,116,1.22,116
4868,2020/05/03 06:00UTC,2.47,164,2.8,178,3.37,174,2.82,178,2.84,178,3.26,178,3.26,174,3.26,174
4869,2020/05/03 12:00UTC,1.87,199,2.79,153,2.92,196,2.91,189,2.86,186,2.87,183,2.94,192,2.94,192
4870,2020/05/03 18:00UTC,2.55,329,1.38,295,1.42,309,1.79,300,1.77,299,1.49,303,1.42,307,1.42,307
4871,2020/05/04 00:00UTC,1.36,305,1.26,337,1.53,347,0.88,310,0.89,314,1.38,341,1.5,346,1.5,346
4872,2020/05/04 06:00UTC,1.76,8,1.25,45,1.33,40,1.13,56,1.14,57,1.19,49,1.3,41,1.3,42
4873,2020/05/04 12:00UTC,2.59,41,1.91,35,2.47,74,2.41,50,2.38,50,2.29,66,2.43,72,2.43,72
4874,2020/05/04 18:00UTC,4.07,54,3.78,52,3.74,70,4.35,50,4.31,50,3.73,65,3.8,69,3.79,69
4875,2020/05/05 00:00UTC,6.17,73,4.42,77,5.3,87,3.42,70,3.46,71,4.97,82,5.12,87,5.13,86
4876,2020/05/05 06:00UTC,5.68,78,5.08,56,5.4,61,4.2,82,4.22,79,5.24,59,5.25,62,5.26,62
4877,2020/05/05 12:00UTC,4.27,66,3.39,68,3.68,67,2.66,79,2.67,77,3.46,67,3.56,67,3.57,67
4878,2020/05/05 18:00UTC,2.75,45,2.62,28,3.23,41,2.89,23,2.89,23,3.17,36,3.2,40,3.2,40
4879,2020/05/06 00:00UTC,2.5,53,2.57,17,2.39,15,1.99,7,2.06,8,2.47,13,2.38,14,2.38,14
4880,2020/05/06 06:00UTC,2.57,35,2.44,63,2.35,34,2.33,39,2.31,41,2.34,43,2.32,36,2.33,36
4881,2020/05/06 12:00UTC,2.93,66,3.64,65,3.45,76,4.19,57,4.15,57,3.54,72,3.49,74,3.49,74
4882,2020/05/06 18:00UTC,3.65,47,2.87,54,2.43,85,2.89,50,2.89,50,2.43,74,2.45,82,2.45,82
4883,2020/05/07 00:00UTC,1.03,49,1.23,76,1.78,80,1.51,66,1.48,67,1.58,80,1.76,79,1.75,79
4884,2020/05/07 06:00UTC,1.33,76,2.26,91,2.29,83,2.41,83,2.39,84,2.3,85,2.31,83,2.31,83
4885,2020/05/07 12:00UTC,1.76,60,2.71,74,2.54,76,2.79,77,2.79,76,2.61,76,2.54,76,2.54,76
4886,2020/05/07 18:00UTC,2.31,34,1.85,65,1.85,59,2.44,51,2.4,52,1.91,60,1.88,60,1.88,60
4887,2020/05/08 00:00UTC,1.88,70,2.61,59,2.74,67,2.69,58,2.68,58,2.68,64,2.75,66,2.74,66
4888,2020/05/08 06:00UTC,2.51,47,2.56,54,2.98,57,2.6,54,2.6,54,2.85,57,2.96,57,2.95,57
4889,2020/05/08 12:00UTC,2.29,50,2.34,84,2.23,90,2.27,75,2.28,76,2.33,89,2.24,89,2.24,89
4890,2020/05/08 18:00UTC,3.33,46,2.13,80,0.76,75,0.95,61,1.03,65,1.01,81,0.81,78,0.81,78
4891,2020/05/09 00:00UTC,1.7,24,0.84,68,0.99,45,0.95,77,0.91,76,0.77,47,0.95,50,0.95,49
4892,2020/05/09 06:00UTC,0.28,185,1.8,241,0.72,239,1.81,246,1.86,246,1.34,242,0.83,243,0.84,243
4893,2020/05/09 12:00UTC,1.98,69,1.36,110,2.6,148,2.7,155,2.59,154,2.3,145,2.62,147,2.61,147
4894,2020/05/09 18:00UTC,2.82,57,2.29,78,1.72,80,2.04,92,2.06,91,2.0,83,1.7,78,1.71,78
4895,2020/05/10 00:00UTC,2.01,44,0.96,78,0.63,47,0.87,239,0.75,237,0.55,56,0.56,48,0.57,48
4896,2020/05/10 06:00UTC,0.61,4,1.8,227,2.37,221,2.88,233,2.83,232,2.44,224,2.42,223,2.42,223
4897,2020/05/10 12:00UTC,2.33,196,1.68,207,1.92,252,2.25,225,2.19,225,1.78,242,1.97,251,1.96,251
4898,2020/05/10 18:00UTC,6.9,25,3.28,25,2.99,7,2.15,32,2.16,33,2.66,13,2.81,8,2.81,8
4899,2020/05/11 00:00UTC,8.21,25,7.94,29,7.53,27,7.01,32,7.11,32,7.64,28,7.44,28,7.45,28
4900,2020/05/11 06:00UTC,9.74,30,9.04,23,9.31,24,9.8,22,9.72,22,9.19,23,9.26,24,9.26,24
4901,2020/05/11 12:00UTC,8.51,31,8.28,32,7.29,39,6.0,36,6.2,36,7.53,38,7.13,40,7.14,40
4902,2020/05/11 18:00UTC,6.11,22,5.46,21,4.7,22,4.74,19,4.81,19,4.77,21,4.72,23,4.72,22
4903,2020/05/12 00:00UTC,6.24,37,6.11,33,5.69,37,5.56,34,5.61,34,5.74,36,5.7,37,5.7,37
4904,2020/05/12 06:00UTC,4.84,46,4.77,45,4.41,43,4.83,46,4.83,46,4.51,44,4.43,44,4.43,44
4905,2020/05/12 12:00UTC,3.6,39,3.68,54,4.07,63,4.62,55,4.56,55,4.04,61,4.11,62,4.11,62
4906,2020/05/12 18:00UTC,3.46,36,3.0,34,3.15,82,2.81,50,2.83,48,2.97,71,3.13,81,3.13,81
4907,2020/05/13 00:00UTC,3.16,37,3.7,41,3.63,46,3.79,36,3.78,36,3.63,44,3.66,46,3.66,46
4908,2020/05/13 06:00UTC,4.32,39,4.31,53,4.56,53,4.9,47,4.84,48,4.5,54,4.58,53,4.57,53
4909,2020/05/13 12:00UTC,6.17,29,5.96,31,5.85,40,5.76,39,5.78,39,5.88,38,5.81,40,5.81,40
4910,2020/05/13 18:00UTC,5.88,31,4.46,25,3.68,31,4.36,17,4.31,18,3.68,30,3.66,32,3.66,32
4911,2020/05/14 00:00UTC,6.12,37,5.84,26,5.94,26,5.74,23,5.75,24,5.88,26,5.94,27,5.93,27
4912,2020/05/14 06:00UTC,6.74,47,6.46,40,6.74,43,6.41,39,6.41,39,6.65,42,6.71,43,6.71,43
4913,2020/05/14 12:00UTC,6.08,38,6.29,43,6.19,48,6.74,44,6.73,44,6.33,47,6.22,48,6.22,48
4914,2020/05/14 18:00UTC,5.08,36,4.29,36,3.97,39,4.43,37,4.4,37,3.97,38,4.0,40,4.0,39
4915,2020/05/15 00:00UTC,5.99,29,6.53,27,6.36,23,6.9,30,6.87,30,6.43,25,6.34,24,6.35,24
4916,2020/05/15 06:00UTC,4.77,30,4.9,23,5.36,25,5.41,22,5.37,22,5.25,24,5.34,26,5.34,26
4917,2020/05/15 12:00UTC,4.87,22,4.88,35,4.53,37,5.37,33,5.35,34,4.68,37,4.58,37,4.58,37
4918,2020/05/15 18:00UTC,3.42,21,3.08,31,2.8,32,3.2,20,3.18,21,2.82,34,2.8,36,2.8,35
4919,2020/05/16 00:00UTC,2.87,20,3.03,19,3.23,11,3.17,18,3.16,18,3.13,13,3.2,13,3.2,12
4920,2020/05/16 06:00UTC,2.13,353,2.19,27,2.75,20,2.41,24,2.41,25,2.59,23,2.72,22,2.72,22
4921,2020/05/16 12:00UTC,3.02,353,2.41,13,2.4,10,3.1,18,3.03,18,2.34,13,2.4,12,2.4,12
4922,2020/05/16 18:00UTC,3.54,351,2.9,13,4.4,335,2.4,28,2.41,28,3.53,345,4.26,335,4.25,335
4923,2020/05/17 00:00UTC,2.06,359,3.14,16,3.24,3,3.26,9,3.26,10,3.26,7,3.2,4,3.21,4
4924,2020/05/17 06:00UTC,1.35,327,2.09,26,2.18,7,2.63,19,2.59,20,2.18,13,2.16,9,2.16,9
4925,2020/05/17 12:00UTC,1.79,331,2.2,56,2.06,23,3.12,33,3.04,35,2.09,37,2.13,26,2.13,26
4926,2020/05/17 18:00UTC,1.86,319,1.62,98,2.3,323,1.67,70,1.67,75,1.01,341,2.03,325,2.02,325
4927,2020/05/18 00:00UTC,2.05,325,1.4,333,3.56,338,1.16,323,1.16,322,2.74,334,3.39,337,3.38,337
4928,2020/05/18 06:00UTC,1.62,293,1.38,351,2.07,348,1.76,6,1.73,6,1.84,350,2.04,350,2.04,350
4929,2020/05/18 12:00UTC,1.57,297,1.2,297,0.92,338,1.63,337,1.56,334,0.9,320,0.98,336,0.98,336
4930,2020/05/18 18:00UTC,3.17,328,0.9,6,2.98,333,1.5,359,1.39,359,2.15,333,2.86,333,2.85,333
4931,2020/05/19 00:00UTC,2.14,317,2.28,11,3.32,349,2.85,11,2.81,12,2.89,356,3.26,350,3.26,350
4932,2020/05/19 06:00UTC,2.4,318,1.86,344,2.83,344,2.19,2,2.14,1,2.45,344,2.76,345,2.76,345
4933,2020/05/19 12:00UTC,2.41,344,2.68,19,2.83,3,3.07,10,3.02,11,2.73,9,2.82,4,2.82,4
4934,2020/05/19 18:00UTC,3.02,349,2.46,54,3.52,332,2.35,43,2.35,46,2.44,352,3.35,334,3.33,334
4935,2020/05/20 00:00UTC,2.33,11,3.27,20,3.11,8,3.29,19,3.29,19,3.16,12,3.05,10,3.06,10
4936,2020/05/20 06:00UTC,1.9,27,2.7,26,2.75,32,2.93,29,2.92,29,2.79,31,2.78,33,2.78,33
4937,2020/05/20 12:00UTC,1.99,30,2.66,51,2.34,63,3.38,51,3.32,51,2.49,60,2.43,62,2.43,62
4938,2020/05/20 18:00UTC,2.93,36,2.62,67,1.68,96,2.61,62,2.61,63,2.0,89,1.8,94,1.8,94
4939,2020/05/21 00:00UTC,1.05,94,1.6,65,1.18,87,1.38,63,1.38,63,1.23,77,1.17,83,1.17,83
4940,2020/05/21 06:00UTC,0.74,185,0.48,158,0.64,168,0.46,133,0.45,135,0.55,170,0.6,164,0.6,164
4941,2020/05/21 12:00UTC,1.71,270,0.82,260,0.9,227,0.72,342,0.68,335,0.86,238,0.82,234,0.82,234
4942,2020/05/21 18:00UTC,1.3,283,1.67,170,1.43,151,2.13,132,2.06,135,1.5,157,1.51,146,1.5,146
4943,2020/05/22 00:00UTC,3.16,176,3.62,174,3.31,185,3.16,167,3.2,168,3.4,181,3.27,183,3.27,183
4944,2020/05/22 06:00UTC,3.92,219,3.46,204,3.75,227,3.7,209,3.68,209,3.7,220,3.69,225,3.69,225
4945,2020/05/22 12:00UTC,4.61,264,5.0,247,5.66,251,4.76,251,4.79,251,5.44,249,5.61,251,5.61,251
4946,2020/05/22 18:00UTC,2.45,283,3.52,269,3.29,275,2.97,273,3.03,272,3.34,273,3.35,275,3.34,275
4947,2020/05/23 00:00UTC,2.53,305,1.17,271,3.04,313,1.86,272,1.83,270,2.38,302,2.94,310,2.93,310
4948,2020/05/23 06:00UTC,4.24,241,5.12,302,4.16,292,5.52,314,5.52,313,4.64,299,4.35,295,4.35,295
4949,2020/05/23 12:00UTC,5.74,275,5.46,271,5.54,275,5.89,282,5.86,281,5.58,274,5.53,276,5.53,276
4950,2020/05/23 18:00UTC,4.06,289,4.05,286,3.04,296,3.31,280,3.36,281,3.28,292,3.09,294,3.09,294
4951,2020/05/24 00:00UTC,3.39,265,2.99,277,2.38,301,1.98,301,2.04,299,2.49,294,2.33,302,2.34,302
4952,2020/05/24 06:00UTC,4.0,285,3.34,293,3.43,310,3.21,307,3.2,306,3.39,306,3.38,310,3.38,310
4953,2020/05/24 12:00UTC,2.75,288,3.13,298,3.0,325,2.38,325,2.41,322,3.0,315,2.95,324,2.96,324
4954,2020/05/24 18:00UTC,2.55,305,1.59,303,1.8,332,1.75,321,1.74,319,1.78,317,1.8,330,1.8,329
4955,2020/05/25 00:00UTC,1.9,359,2.17,39,3.28,9,1.99,48,2.0,48,2.69,19,3.18,11,3.17,11
4956,2020/05/25 06:00UTC,1.22,18,2.36,42,2.59,38,3.17,43,3.12,43,2.62,40,2.64,39,2.64,39
4957,2020/05/25 12:00UTC,2.89,33,3.54,58,3.39,73,4.24,59,4.2,59,3.51,70,3.47,72,3.47,72
4958,2020/05/25 18:00UTC,3.1,36,2.77,58,2.1,76,2.52,54,2.54,55,2.31,74,2.19,76,2.19,76
4959,2020/05/26 00:00UTC,2.37,37,3.18,38,3.01,44,3.15,37,3.15,37,3.04,42,3.04,43,3.03,43
4960,2020/05/26 06:00UTC,2.19,37,2.79,45,3.24,41,3.29,45,3.26,46,3.14,43,3.25,42,3.25,42
4961,2020/05/26 12:00UTC,3.93,35,4.64,53,4.34,66,5.48,53,5.43,53,4.54,63,4.43,66,4.43,66
4962,2020/05/26 18:00UTC,3.29,26,3.2,45,2.94,76,3.05,37,3.05,38,2.89,69,3.01,76,3.01,76
4963,2020/05/27 00:00UTC,3.86,38,3.54,44,3.54,35,3.6,44,3.6,44,3.49,38,3.54,37,3.53,37
4964,2020/05/27 06:00UTC,2.14,50,2.05,60,2.49,56,2.82,51,2.76,51,2.41,58,2.5,57,2.5,57
4965,2020/05/27 12:00UTC,3.48,29,3.89,58,3.94,74,4.91,60,4.84,61,4.05,72,4.01,74,4.01,74
4966,2020/05/27 18:00UTC,3.63,22,3.11,45,2.4,75,2.76,49,2.79,50,2.51,71,2.46,76,2.46,76
4967,2020/05/28 00:00UTC,4.01,33,4.07,19,4.08,30,3.88,21,3.89,21,4.01,26,4.09,30,4.09,30
4968,2020/05/28 06:00UTC,4.04,41,4.12,27,4.02,33,3.92,24,3.94,25,4.04,30,4.01,33,4.01,33
4969,2020/05/28 12:00UTC,4.96,39,4.85,43,4.47,46,4.78,44,4.79,44,4.59,46,4.48,46,4.48,46
4970,2020/05/28 18:00UTC,5.13,32,4.06,41,3.6,57,3.99,43,3.98,43,3.71,54,3.64,57,3.64,57
4971,2020/05/29 00:00UTC,4.26,55,4.19,54,4.03,53,3.9,48,3.91,48,4.05,53,4.04,53,4.04,53
4972,2020/05/29 06:00UTC,4.16,64,4.07,74,4.25,62,4.01,64,4.01,65,4.18,65,4.22,62,4.22,62
4973,2020/05/29 12:00UTC,5.08,54,5.32,64,5.55,71,5.74,60,5.72,61,5.56,69,5.57,70,5.57,70
4974,2020/05/29 18:00UTC,3.73,59,2.86,67,3.33,84,3.29,55,3.24,56,3.12,79,3.33,82,3.33,82
4975,2020/05/30 00:00UTC,2.23,36,2.32,59,2.51,56,2.69,57,2.66,57,2.46,57,2.53,57,2.53,57
4976,2020/05/30 06:00UTC,2.38,67,3.41,78,3.46,76,3.74,73,3.72,74,3.5,76,3.48,76,3.48,76
4977,2020/05/30 12:00UTC,4.51,60,4.87,77,5.04,82,5.27,70,5.25,71,5.05,80,5.05,81,5.05,81
4978,2020/05/30 18:00UTC,5.12,57,3.71,63,4.24,84,3.59,54,3.59,55,3.98,77,4.24,81,4.23,81
4979,2020/05/31 00:00UTC,2.76,72,3.16,78,3.33,75,3.43,74,3.41,74,3.28,75,3.34,75,3.34,75
4980,2020/05/31 06:00UTC,3.1,73,3.87,79,3.93,70,4.3,69,4.27,70,3.96,72,3.94,70,3.94,70
4981,2020/05/31 12:00UTC,5.43,58,5.71,66,5.93,77,6.28,64,6.25,64,5.95,73,5.95,75,5.95,75
4982,2020/05/31 18:00UTC,4.04,53,3.74,66,3.82,78,3.95,55,3.92,56,3.77,74,3.86,76,3.86,76
4983,2020/06/01 00:00UTC,2.41,51,2.72,56,2.93,52,3.08,53,3.05,53,2.87,53,2.96,53,2.95,53
4984,2020/06/01 06:00UTC,3.88,56,3.97,60,4.41,58,4.03,61,4.03,61,4.32,58,4.38,58,4.38,58
4985,2020/06/01 12:00UTC,4.77,58,4.45,70,4.61,75,4.67,62,4.65,63,4.6,74,4.6,74,4.6,74
4986,2020/06/01 18:00UTC,3.4,38,2.27,63,2.3,85,2.48,45,2.45,46,2.23,77,2.31,82,2.31,82
4987,2020/06/02 00:00UTC,2.26,11,2.41,27,2.25,16,1.77,32,1.82,32,2.26,20,2.22,18,2.22,18
4988,2020/06/02 06:00UTC,1.87,30,1.79,60,1.95,44,1.59,50,1.6,51,1.86,49,1.93,47,1.93,47
4989,2020/06/02 12:00UTC,2.23,18,2.44,73,2.15,96,2.04,60,2.07,62,2.21,92,2.16,94,2.16,94
4990,2020/06/02 18:00UTC,3.75,354,0.71,64,1.59,319,0.93,113,0.91,113,0.85,318,1.46,320,1.45,319
4991,2020/06/03 00:00UTC,1.94,17,1.85,82,1.03,25,1.76,160,1.69,156,0.92,67,0.83,35,0.83,35
4992,2020/06/03 06:00UTC,3.15,17,2.14,66,1.87,348,0.27,164,0.32,130,1.26,15,1.63,348,1.62,348
4993,2020/06/03 12:00UTC,2.72,15,1.0,17,1.6,317,2.72,300,2.52,301,1.29,317,1.61,314,1.61,314
4994,2020/06/03 18:00UTC,3.82,26,3.11,42,3.32,4,1.39,99,1.47,92,2.78,21,3.1,6,3.1,6
4995,2020/06/04 00:00UTC,3.8,4,2.56,35,2.55,18,1.75,39,1.82,39,2.36,25,2.46,22,2.46,22
4996,2020/06/04 06:00UTC,4.27,10,3.21,4,3.95,1,3.83,10,3.77,10,3.71,0,3.84,0,3.84,0
4997,2020/06/04 12:00UTC,4.03,344,2.39,359,2.88,333,3.03,343,2.97,344,2.64,339,2.78,333,2.77,333
4998,2020/06/04 18:00UTC,4.08,322,4.42,324,4.23,324,4.46,316,4.49,317,4.35,322,4.24,323,4.24,323
4999,2020/06/05 00:00UTC,3.38,258,3.37,275,2.79,275,3.6,280,3.6,280,3.09,275,2.8,276,2.81,276
5000,2020/06/05 06:00UTC,6.44,231,5.39,225,6.16,229,5.36,227,5.37,227,5.96,227,6.06,229,6.06,229
5001,2020/06/05 12:00UTC,8.78,285,8.17,264,7.93,264,7.56,251,7.62,252,8.05,262,7.87,263,7.87,263
5002,2020/06/05 18:00UTC,5.8,265,5.43,262,4.69,268,4.61,268,4.68,267,4.93,265,4.68,268,4.68,268
5003,2020/06/06 00:00UTC,3.81,259,3.83,250,4.02,253,3.28,256,3.33,255,3.96,251,3.98,254,3.98,254
5004,2020/06/06 06:00UTC,5.19,273,4.1,272,4.04,277,4.65,256,4.57,257,3.98,273,4.07,275,4.07,275
5005,2020/06/06 12:00UTC,6.51,266,6.28,259,5.16,260,5.97,265,6.0,265,5.55,260,5.18,260,5.18,260
5006,2020/06/06 18:00UTC,5.08,284,3.58,273,3.17,274,3.46,282,3.44,281,3.16,273,3.2,274,3.2,274
5007,2020/06/07 00:00UTC,4.13,242,3.35,264,3.15,266,2.82,266,2.86,266,3.18,266,3.09,267,3.1,267
5008,2020/06/07 06:00UTC,3.75,269,3.67,259,4.01,261,4.05,257,4.04,257,4.03,260,4.0,260,4.0,260
5009,2020/06/07 12:00UTC,2.69,265,2.52,273,2.71,274,2.91,277,2.9,277,2.73,275,2.74,275,2.74,275
5010,2020/06/07 18:00UTC,2.54,360,2.12,231,2.09,258,1.64,250,1.76,246,2.38,242,2.08,256,2.08,256
5011,2020/06/08 00:00UTC,2.57,17,2.28,25,2.62,359,0.63,315,0.67,330,2.33,4,2.43,358,2.43,358
5012,2020/06/08 06:00UTC,3.01,12,2.14,40,2.29,27,1.58,38,1.62,39,2.08,33,2.2,30,2.2,30
5013,2020/06/08 12:00UTC,3.98,346,2.6,7,3.21,353,3.2,10,3.12,11,2.9,0,3.16,355,3.16,355
5014,2020/06/08 18:00UTC,4.35,5,3.97,9,3.98,347,3.09,8,3.14,8,3.7,355,3.88,348,3.87,348
5015,2020/06/09 00:00UTC,2.97,5,3.53,6,3.17,4,3.6,11,3.6,11,3.32,6,3.14,5,3.14,5
5016,2020/06/09 06:00UTC,3.53,351,3.42,3,3.71,355,3.54,3,3.53,3,3.6,358,3.64,355,3.65,355
5017,2020/06/09 12:00UTC,3.35,23,3.29,3,3.76,10,3.81,358,3.75,359,3.6,7,3.73,9,3.73,9
5018,2020/06/09 18:00UTC,3.25,356,2.9,4,3.27,339,1.79,338,1.82,341,2.9,344,3.22,339,3.21,339
5019,2020/06/10 00:00UTC,2.18,357,2.84,27,2.77,339,2.34,8,2.36,10,2.56,353,2.71,340,2.71,340
5020,2020/06/10 06:00UTC,1.42,330,1.53,6,2.15,328,1.69,339,1.64,341,1.83,336,2.08,329,2.07,330
5021,2020/06/10 12:00UTC,0.83,252,1.48,268,1.51,275,2.44,298,2.36,296,1.59,268,1.54,278,1.53,278
5022,2020/06/10 18:00UTC,5.24,309,3.31,286,5.46,320,3.82,293,3.89,292,5.01,308,5.37,318,5.37,318
5023,2020/06/11 00:00UTC,1.05,71,1.34,17,0.19,83,1.43,296,1.34,300,0.34,356,0.24,53,0.23,51
5024,2020/06/11 06:00UTC,1.67,118,1.96,109,2.43,143,2.25,128,2.22,127,2.21,135,2.35,142,2.35,141
5025,2020/06/11 12:00UTC,3.14,76,3.14,92,3.93,103,3.78,98,3.73,98,3.73,100,3.83,102,3.83,102
5026,2020/06/11 18:00UTC,2.28,105,3.7,105,1.56,165,2.5,147,2.5,143,2.09,137,1.55,161,1.56,161
5027,2020/06/12 00:00UTC,2.5,53,3.44,81,3.12,67,2.36,86,2.43,85,3.15,73,3.09,68,3.09,68
5028,2020/06/12 06:00UTC,4.9,113,5.47,122,5.2,123,7.59,134,7.42,134,5.57,124,5.23,124,5.24,124
5029,2020/06/12 12:00UTC,4.7,192,5.21,178,4.13,175,5.31,165,5.33,166,4.69,175,4.27,174,4.28,174
5030,2020/06/12 18:00UTC,3.59,161,3.75,164,4.25,148,3.74,164,3.75,164,4.13,152,4.21,148,4.21,148
5031,2020/06/13 00:00UTC,3.4,157,3.0,163,3.68,167,3.47,169,3.43,169,3.54,169,3.62,168,3.62,168
5032,2020/06/13 06:00UTC,3.18,160,2.12,147,2.92,166,1.71,177,1.71,176,2.5,165,2.78,166,2.78,166
5033,2020/06/13 12:00UTC,5.39,182,4.3,185,4.8,181,4.42,186,4.45,186,4.64,182,4.68,181,4.68,181
5034,2020/06/13 18:00UTC,4.8,207,4.26,215,4.85,218,4.85,221,4.82,221,4.85,218,4.84,219,4.84,219
5035,2020/06/14 00:00UTC,2.83,221,2.92,220,3.02,212,3.52,215,3.48,215,3.08,214,3.04,213,3.04,213
5036,2020/06/14 06:00UTC,3.64,198,3.65,208,3.8,199,3.91,208,3.9,208,3.86,202,3.77,200,3.77,200
5037,2020/06/14 12:00UTC,2.43,192,3.14,214,3.02,200,2.94,222,2.96,222,2.96,204,2.98,202,2.98,202
5038,2020/06/14 18:00UTC,3.44,218,2.95,212,3.8,231,3.61,218,3.56,217,3.53,225,3.76,230,3.76,230
5039,2020/06/15 00:00UTC,2.92,208,2.57,218,2.92,209,2.93,211,2.91,211,2.88,211,2.88,210,2.88,210
5040,2020/06/15 06:00UTC,3.04,215,3.11,202,3.32,210,3.66,204,3.61,204,3.33,207,3.32,210,3.32,210
5041,2020/06/15 12:00UTC,2.7,226,2.96,202,3.48,214,2.92,211,2.91,210,3.23,209,3.46,214,3.46,214
5042,2020/06/15 18:00UTC,3.45,219,3.28,219,3.4,223,3.14,220,3.16,220,3.37,222,3.39,224,3.39,224
5043,2020/06/16 00:00UTC,2.38,229,2.7,217,3.04,227,3.27,217,3.23,217,3.02,225,3.03,227,3.04,227
5044,2020/06/16 06:00UTC,2.31,208,2.65,213,2.4,212,2.65,211,2.65,211,2.51,212,2.39,213,2.39,213
5045,2020/06/16 12:00UTC,2.34,197,2.55,189,3.48,209,3.24,207,3.2,206,3.31,205,3.4,210,3.4,210
5046,2020/06/16 18:00UTC,2.44,209,2.31,203,2.33,203,2.74,206,2.71,206,2.36,202,2.29,204,2.29,204
5047,2020/06/17 00:00UTC,0.99,240,1.6,230,2.31,248,2.1,231,2.08,231,2.18,243,2.31,248,2.31,248
5048,2020/06/17 06:00UTC,1.61,223,2.01,226,2.45,220,3.05,218,2.99,219,2.52,223,2.48,220,2.48,220
5049,2020/06/17 12:00UTC,1.78,201,3.47,197,2.98,193,2.72,201,2.79,200,3.17,195,2.94,195,2.94,195
5050,2020/06/17 18:00UTC,1.04,257,1.12,198,1.51,219,2.37,203,2.27,203,1.5,213,1.53,219,1.53,219
5051,2020/06/18 00:00UTC,1.26,263,2.1,224,2.66,241,3.37,219,3.29,219,2.65,234,2.68,239,2.68,239
5052,2020/06/18 06:00UTC,2.4,237,3.94,228,4.07,226,4.38,225,4.37,225,4.2,226,4.09,227,4.09,227
5053,2020/06/18 12:00UTC,4.18,220,4.0,217,4.33,224,3.9,223,3.9,223,4.17,223,4.3,225,4.3,225
5054,2020/06/18 18:00UTC,3.24,230,2.84,218,3.73,236,3.44,222,3.39,221,3.44,230,3.69,236,3.68,236
5055,2020/06/19 00:00UTC,3.08,235,2.85,228,2.99,233,2.87,219,2.87,219,2.94,230,2.96,233,2.96,233
5056,2020/06/19 06:00UTC,3.63,223,3.56,233,3.49,231,3.56,231,3.57,231,3.62,231,3.45,231,3.45,231
5057,2020/06/19 12:00UTC,3.71,240,3.35,237,4.33,247,4.03,236,4.0,237,4.15,245,4.32,247,4.32,247
5058,2020/06/19 18:00UTC,1.64,250,1.91,218,2.53,224,1.22,211,1.3,211,2.37,217,2.5,224,2.49,224
5059,2020/06/20 00:00UTC,1.15,54,0.72,271,1.06,272,1.15,239,1.16,241,1.11,264,1.06,271,1.06,271
5060,2020/06/20 06:00UTC,0.87,100,0.75,193,1.55,241,1.61,232,1.58,232,1.49,235,1.55,242,1.55,242
5061,2020/06/20 12:00UTC,2.54,242,1.84,243,2.88,249,2.59,267,2.59,265,2.81,248,2.86,250,2.86,250
5062,2020/06/20 18:00UTC,1.84,243,2.7,229,2.74,227,2.22,263,2.26,259,2.82,228,2.67,229,2.67,229
5063,2020/06/21 00:00UTC,2.04,212,2.19,232,2.23,224,2.13,214,2.15,215,2.27,224,2.18,224,2.18,224
5064,2020/06/21 06:00UTC,4.5,214,3.19,216,4.19,228,3.54,221,3.5,220,3.89,225,4.08,228,4.08,228
5065,2020/06/21 12:00UTC,4.98,218,4.77,235,4.82,231,4.52,242,4.58,242,4.92,233,4.74,231,4.75,231
5066,2020/06/21 18:00UTC,3.79,308,4.17,258,3.75,281,4.15,240,4.17,241,3.8,270,3.8,275,3.8,275
5067,2020/06/22 00:00UTC,2.57,291,2.55,315,2.53,333,2.47,334,2.46,332,2.53,325,2.52,333,2.52,333
5068,2020/06/22 06:00UTC,1.49,289,1.44,325,2.17,350,1.77,356,1.73,354,1.89,344,2.14,350,2.14,350
5069,2020/06/22 12:00UTC,1.69,350,0.9,26,1.24,10,1.87,7,1.76,8,1.03,15,1.26,9,1.26,9
5070,2020/06/22 18:00UTC,1.94,359,1.12,64,1.25,121,1.99,68,1.91,69,1.31,114,1.31,117,1.31,117
5071,2020/06/23 00:00UTC,1.54,42,1.52,79,1.01,76,1.64,69,1.63,70,1.18,79,1.05,76,1.05,76
5072,2020/06/23 06:00UTC,1.6,58,2.06,47,2.11,62,2.28,53,2.27,52,2.1,57,2.12,61,2.12,61
5073,2020/06/23 12:00UTC,3.07,64,3.63,66,3.57,78,3.98,59,3.96,60,3.6,73,3.57,75,3.57,75
5074,2020/06/23 18:00UTC,4.43,57,2.85,62,3.23,77,3.32,56,3.27,56,3.07,72,3.23,75,3.23,75
5075,2020/06/24 00:00UTC,2.93,77,3.41,79,3.45,74,3.41,70,3.41,70,3.44,74,3.44,74,3.44,74
5076,2020/06/24 06:00UTC,2.8,83,2.88,95,3.17,85,2.96,85,2.92,86,2.99,87,3.14,85,3.14,85
5077,2020/06/24 12:00UTC,4.51,79,4.75,82,4.94,88,4.74,81,4.74,81,4.86,86,4.9,87,4.9,87
5078,2020/06/24 18:00UTC,3.94,78,3.02,77,2.84,78,2.63,63,2.64,63,2.76,76,2.81,76,2.8,76
5079,2020/06/25 00:00UTC,2.9,82,3.22,85,3.02,75,2.8,80,2.82,80,2.98,78,2.98,75,2.98,75
5080,2020/06/25 06:00UTC,2.6,75,3.08,80,2.51,84,2.36,95,2.41,94,2.66,83,2.49,85,2.5,85
5081,2020/06/25 12:00UTC,2.07,102,2.85,109,2.9,111,2.72,123,2.72,122,2.89,113,2.94,111,2.94,111
5082,2020/06/25 18:00UTC,1.79,14,3.36,130,0.36,165,0.63,63,0.75,86,1.28,137,0.33,159,0.34,158
5083,2020/06/26 00:00UTC,2.26,150,3.05,131,1.97,186,3.1,178,3.02,175,2.24,168,2.0,185,2.0,185
5084,2020/06/26 06:00UTC,5.34,246,5.21,229,5.09,236,4.13,236,4.22,236,5.06,234,5.01,236,5.01,236
5085,2020/06/26 12:00UTC,3.14,239,4.47,221,4.36,219,4.56,214,4.59,215,4.55,218,4.34,219,4.35,219
5086,2020/06/26 18:00UTC,3.38,256,2.34,249,3.63,266,1.77,269,1.8,267,3.1,261,3.54,267,3.53,267
5087,2020/06/27 00:00UTC,3.33,233,1.65,198,2.75,255,2.19,220,2.12,219,2.22,243,2.58,254,2.57,254
5088,2020/06/27 06:00UTC,4.31,218,4.27,232,4.42,224,4.6,222,4.58,223,4.45,226,4.39,225,4.39,225
5089,2020/06/27 12:00UTC,7.16,207,6.99,218,6.92,216,6.87,223,6.92,222,7.09,217,6.87,217,6.88,217
5090,2020/06/27 18:00UTC,6.08,229,5.96,216,6.73,218,5.82,218,5.84,218,6.55,217,6.67,218,6.67,218
5091,2020/06/28 00:00UTC,4.26,237,4.73,238,4.92,234,4.65,248,4.64,247,4.83,235,4.88,234,4.88,234
5092,2020/06/28 06:00UTC,4.66,240,4.15,240,4.38,241,3.77,228,3.8,229,4.31,239,4.32,241,4.32,241
5093,2020/06/28 12:00UTC,5.17,244,3.48,216,4.03,233,4.27,214,4.19,214,3.78,224,3.93,232,3.93,232
5094,2020/06/28 18:00UTC,4.28,243,5.13,232,5.13,222,5.7,223,5.68,224,5.28,223,5.17,222,5.17,222
5095,2020/06/29 00:00UTC,3.15,279,3.15,221,3.58,224,3.02,213,3.05,213,3.58,219,3.55,222,3.56,222
5096,2020/06/29 06:00UTC,4.78,268,4.38,289,4.32,295,3.41,298,3.49,298,4.3,294,4.28,296,4.28,296
5097,2020/06/29 12:00UTC,4.88,259,5.74,260,5.27,258,5.3,266,5.34,265,5.4,258,5.29,258,5.29,258
5098,2020/06/29 18:00UTC,4.13,251,4.04,250,4.27,256,3.09,258,3.18,256,4.13,253,4.25,255,4.24,255
5099,2020/06/30 00:00UTC,2.48,252,3.31,241,3.63,241,2.98,230,3.01,230,3.54,238,3.57,241,3.58,241
5100,2020/06/30 06:00UTC,4.63,222,4.36,225,4.74,225,4.41,223,4.42,223,4.69,225,4.69,226,4.69,226
5101,2020/06/30 12:00UTC,5.77,221,5.93,230,5.74,229,5.46,235,5.51,234,5.85,230,5.73,230,5.73,230
5102,2020/06/30 18:00UTC,4.85,222,3.88,225,4.42,231,2.87,232,2.97,231,4.23,229,4.33,231,4.33,231
5103,2020/07/01 00:00UTC,4.65,213,3.03,212,3.28,223,3.25,207,3.23,207,3.18,219,3.21,223,3.22,223
5104,2020/07/01 06:00UTC,5.59,221,4.06,224,4.0,233,3.52,224,3.55,224,3.99,230,3.91,232,3.91,232
5105,2020/07/01 12:00UTC,5.49,247,5.56,225,5.87,221,5.64,234,5.65,233,5.88,221,5.81,221,5.81,221
5106,2020/07/01 18:00UTC,3.27,263,3.89,255,4.45,250,4.4,259,4.38,258,4.36,251,4.42,251,4.42,251
5107,2020/07/02 00:00UTC,3.78,232,3.28,238,3.37,238,3.14,236,3.15,236,3.3,237,3.35,239,3.35,239
5108,2020/07/02 06:00UTC,3.16,277,3.67,231,3.48,234,4.36,217,4.32,218,3.71,230,3.55,231,3.55,231
5109,2020/07/02 12:00UTC,5.06,281,4.34,261,5.22,269,4.33,270,4.32,269,4.95,266,5.15,269,5.15,269
5110,2020/07/02 18:00UTC,4.07,284,3.46,286,3.27,286,3.42,299,3.4,298,3.26,287,3.22,287,3.22,287
5111,2020/07/03 00:00UTC,2.89,269,2.72,282,2.58,295,2.77,278,2.78,278,2.68,289,2.59,294,2.59,294
5112,2020/07/03 06:00UTC,2.99,266,2.58,257,2.18,264,2.04,267,2.08,265,2.29,261,2.13,264,2.14,264
5113,2020/07/03 12:00UTC,3.6,253,3.53,254,3.67,257,3.27,270,3.28,268,3.59,256,3.66,258,3.66,258
5114,2020/07/03 18:00UTC,2.55,241,2.98,247,2.94,246,2.77,268,2.78,266,2.9,247,2.93,247,2.93,247
5115,2020/07/04 00:00UTC,4.11,225,3.51,230,3.55,238,3.25,227,3.28,228,3.54,235,3.5,238,3.5,238
5116,2020/07/04 06:00UTC,5.14,229,5.07,233,5.29,234,4.85,236,4.89,236,5.31,234,5.23,234,5.23,234
5117,2020/07/04 12:00UTC,6.43,231,5.97,221,6.18,227,5.7,236,5.74,235,6.19,226,6.09,227,6.1,227
5118,2020/07/04 18:00UTC,5.82,229,4.06,230,4.88,236,3.46,237,3.49,236,4.52,235,4.73,236,4.72,236
5119,2020/07/05 00:00UTC,5.94,231,5.11,235,5.61,240,4.71,237,4.74,237,5.45,239,5.54,240,5.54,240
5120,2020/07/05 06:00UTC,6.1,242,5.95,234,5.89,240,5.98,232,5.99,232,6.03,237,5.84,239,5.84,239
5121,2020/07/05 12:00UTC,5.96,237,5.65,239,5.71,248,5.28,247,5.31,246,5.68,245,5.65,248,5.65,248
5122,2020/07/05 18:00UTC,4.23,275,4.67,244,4.71,253,3.46,251,3.57,250,4.66,248,4.63,252,4.63,252
5123,2020/07/06 00:00UTC,4.81,277,4.68,292,4.08,307,4.32,311,4.35,309,4.26,303,4.15,307,4.15,307
5124,2020/07/06 06:00UTC,4.17,275,3.5,271,3.56,282,3.53,287,3.52,286,3.55,279,3.54,283,3.54,283
5125,2020/07/06 12:00UTC,5.98,301,4.51,284,4.44,299,4.01,291,4.04,290,4.43,294,4.33,298,4.34,298
5126,2020/07/06 18:00UTC,4.28,321,2.63,310,3.23,318,2.27,300,2.28,300,2.95,312,3.1,317,3.1,317
5127,2020/07/07 00:00UTC,2.23,327,1.92,8,3.51,346,2.76,8,2.68,9,2.92,351,3.43,348,3.42,348
5128,2020/07/07 06:00UTC,1.02,228,0.52,102,1.02,7,1.4,48,1.32,50,0.76,25,1.0,13,1.0,13
5129,2020/07/07 12:00UTC,2.68,265,1.39,269,1.67,277,1.69,326,1.61,323,1.54,277,1.63,281,1.63,281
5130,2020/07/07 18:00UTC,3.4,322,2.5,271,2.02,307,1.95,288,2.0,285,2.04,290,1.95,306,1.95,305
5131,2020/07/08 00:00UTC,1.99,283,1.44,351,3.2,333,2.19,345,2.13,346,2.62,335,3.11,334,3.11,334
5132,2020/07/08 06:00UTC,2.77,262,2.36,273,2.06,280,1.49,263,1.57,265,2.17,278,2.01,280,2.01,280
5133,2020/07/08 12:00UTC,4.06,280,4.24,267,4.16,277,3.8,277,3.84,276,4.2,274,4.11,276,4.12,276
5134,2020/07/08 18:00UTC,3.99,319,2.69,320,2.8,324,2.19,322,2.21,322,2.67,325,2.75,323,2.75,323
5135,2020/07/09 00:00UTC,1.84,282,0.67,21,1.93,343,0.84,345,0.81,349,1.42,350,1.85,345,1.85,345
5136,2020/07/09 06:00UTC,2.28,257,1.11,215,0.51,236,0.47,54,0.38,62,0.61,220,0.39,236,0.4,236
5137,2020/07/09 12:00UTC,4.05,249,3.71,240,3.93,245,3.04,247,3.1,246,3.82,243,3.86,246,3.86,246
5138,2020/07/09 18:00UTC,4.03,249,3.72,256,3.47,252,3.61,268,3.6,267,3.46,254,3.48,253,3.48,253
5139,2020/07/10 00:00UTC,2.84,280,3.35,300,3.12,309,3.58,285,3.57,286,3.25,305,3.21,306,3.21,307
5140,2020/07/10 06:00UTC,4.01,276,3.61,272,3.47,284,2.76,269,2.83,270,3.44,281,3.42,283,3.43,283
5141,2020/07/10 12:00UTC,4.55,317,4.2,299,3.39,294,3.98,295,4.0,296,3.67,295,3.43,294,3.44,294
5142,2020/07/10 18:00UTC,4.33,331,2.48,331,3.99,328,3.29,318,3.19,319,3.43,325,3.92,328,3.91,328
5143,2020/07/11 00:00UTC,2.19,328,2.84,7,3.36,347,3.0,16,2.98,16,3.1,355,3.32,349,3.32,349
5144,2020/07/11 06:00UTC,1.47,347,1.87,12,2.61,355,2.72,10,2.64,10,2.38,358,2.58,356,2.58,356
5145,2020/07/11 12:00UTC,3.16,6,3.02,42,3.25,16,3.26,34,3.24,35,3.05,26,3.21,18,3.21,18
5146,2020/07/11 18:00UTC,4.16,6,3.24,49,2.68,14,3.26,54,3.28,55,2.69,31,2.56,20,2.57,20
5147,2020/07/12 00:00UTC,3.55,27,4.25,31,4.05,30,3.94,32,3.98,32,4.11,32,4.04,31,4.04,31
5148,2020/07/12 06:00UTC,2.82,45,3.68,31,3.98,33,4.18,30,4.16,30,3.99,32,4.0,33,4.0,33
5149,2020/07/12 12:00UTC,3.1,31,3.63,48,3.47,52,4.39,49,4.34,49,3.61,51,3.54,52,3.54,52
5150,2020/07/12 18:00UTC,4.27,15,3.28,36,2.26,58,3.15,37,3.15,38,2.47,54,2.33,58,2.33,58
5151,2020/07/13 00:00UTC,3.74,31,3.55,23,3.77,23,3.51,21,3.5,21,3.67,23,3.75,24,3.75,24
5152,2020/07/13 06:00UTC,2.52,2,2.89,15,3.17,10,3.23,14,3.2,14,3.11,12,3.14,11,3.14,11
5153,2020/07/13 12:00UTC,2.73,353,2.57,16,2.78,352,3.09,9,3.04,9,2.67,360,2.75,354,2.75,354
5154,2020/07/13 18:00UTC,4.06,344,1.99,42,4.24,323,1.88,2,1.8,7,2.89,333,4.04,324,4.03,324
5155,2020/07/14 00:00UTC,1.86,340,3.06,7,3.72,345,3.46,11,3.43,12,3.47,353,3.68,347,3.68,347
5156,2020/07/14 06:00UTC,1.7,274,0.91,329,1.99,331,1.69,338,1.6,338,1.64,330,1.95,332,1.94,332
5157,2020/07/14 12:00UTC,3.42,238,3.41,277,4.64,288,3.34,285,3.37,285,4.36,286,4.67,288,4.66,288
5158,2020/07/14 18:00UTC,2.83,326,2.7,282,2.47,291,2.8,310,2.73,306,2.55,287,2.45,290,2.46,290
5159,2020/07/15 00:00UTC,1.56,320,1.31,14,2.85,333,1.82,27,1.75,26,2.23,341,2.72,334,2.72,334
5160,2020/07/15 06:00UTC,2.22,285,1.65,340,3.82,330,2.52,339,2.46,339,3.22,331,3.69,331,3.68,331
5161,2020/07/15 12:00UTC,4.06,316,2.66,271,3.21,269,3.29,281,3.23,279,3.16,265,3.12,267,3.13,267
5162,2020/07/15 18:00UTC,3.66,299,1.91,301,2.84,300,1.99,292,1.97,292,2.49,298,2.71,299,2.71,299
5163,2020/07/16 00:00UTC,3.17,288,3.36,295,2.78,306,3.12,285,3.14,286,3.02,301,2.78,304,2.79,304
5164,2020/07/16 06:00UTC,2.87,273,2.92,272,2.25,278,2.37,277,2.41,276,2.49,276,2.22,278,2.22,278
5165,2020/07/16 12:00UTC,3.21,296,2.88,295,2.89,301,3.16,298,3.15,298,2.97,299,2.87,300,2.87,300
5166,2020/07/16 18:00UTC,2.63,336,2.13,318,1.3,322,2.02,299,2.0,300,1.44,314,1.3,319,1.3,319
5167,2020/07/17 00:00UTC,1.51,346,2.13,15,2.97,358,2.18,17,2.17,17,2.65,4,2.9,360,2.9,360
5168,2020/07/17 06:00UTC,1.18,283,1.19,8,1.6,351,2.12,8,2.05,9,1.54,357,1.61,353,1.61,353
5169,2020/07/17 12:00UTC,2.56,330,2.45,15,2.71,351,2.97,19,2.95,19,2.57,360,2.69,353,2.69,353
5170,2020/07/17 18:00UTC,2.57,323,0.6,128,1.57,306,1.22,109,1.18,111,0.65,295,1.43,306,1.42,306
5171,2020/07/18 00:00UTC,1.86,346,1.59,329,2.64,342,1.36,260,1.35,264,2.19,331,2.48,339,2.47,339
5172,2020/07/18 06:00UTC,1.51,301,1.53,14,2.13,344,1.43,360,1.47,2,1.96,351,2.08,345,2.08,345
5173,2020/07/18 12:00UTC,2.18,294,1.67,295,2.11,308,1.92,325,1.9,324,2.01,307,2.11,310,2.11,310
5174,2020/07/18 18:00UTC,2.28,337,1.3,320,2.06,16,1.2,353,1.19,349,1.67,1,1.93,16,1.93,16
5175,2020/07/19 00:00UTC,1.61,17,2.86,32,2.86,23,1.42,16,1.57,18,2.76,26,2.78,24,2.78,24
5176,2020/07/19 06:00UTC,0.62,8,1.84,34,1.57,28,0.58,21,0.71,24,1.58,30,1.55,29,1.55,29
5177,2020/07/19 12:00UTC,2.29,277,1.37,317,1.57,291,1.61,306,1.58,308,1.41,300,1.58,292,1.57,292
5178,2020/07/19 18:00UTC,4.55,338,1.83,324,1.55,337,1.7,348,1.67,344,1.51,328,1.5,337,1.5,337
5179,2020/07/20 00:00UTC,2.9,6,4.17,7,3.94,357,4.9,9,4.87,9,4.08,1,3.99,358,3.99,358
5180,2020/07/20 06:00UTC,3.84,21,4.14,19,3.97,18,4.13,20,4.14,20,4.04,19,3.93,19,3.93,19
5181,2020/07/20 12:00UTC,4.68,22,3.98,23,3.68,28,3.85,20,3.85,20,3.73,27,3.65,28,3.65,28
5182,2020/07/20 18:00UTC,4.4,23,4.14,36,3.99,23,4.6,25,4.55,26,4.02,28,3.97,26,3.97,26
5183,2020/07/21 00:00UTC,4.27,42,4.87,36,4.62,39,4.57,32,4.59,32,4.65,38,4.66,40,4.66,40
5184,2020/07/21 06:00UTC,3.99,56,4.47,43,4.76,45,4.89,40,4.86,40,4.73,44,4.76,45,4.75,45
5185,2020/07/21 12:00UTC,4.31,32,4.41,39,4.6,45,4.72,50,4.72,49,4.61,45,4.6,46,4.6,46
5186,2020/07/21 18:00UTC,3.68,27,4.14,38,3.12,35,3.97,27,3.99,28,3.43,36,3.15,36,3.16,36
5187,2020/07/22 00:00UTC,4.18,46,4.67,33,4.51,40,4.36,27,4.38,28,4.52,37,4.53,40,4.53,40
5188,2020/07/22 06:00UTC,3.14,53,3.45,42,3.93,54,3.88,44,3.86,44,3.84,51,3.94,54,3.94,54
5189,2020/07/22 12:00UTC,3.03,10,2.91,20,2.96,29,3.11,28,3.1,28,2.96,28,2.95,29,2.95,29
5190,2020/07/22 18:00UTC,3.48,13,3.09,34,3.52,345,3.26,27,3.23,29,2.99,1,3.49,347,3.48,347
5191,2020/07/23 00:00UTC,2.61,26,2.49,34,2.23,36,2.49,41,2.48,41,2.27,37,2.25,37,2.25,37
5192,2020/07/23 06:00UTC,0.84,19,1.12,37,0.75,50,1.05,39,1.06,39,0.84,45,0.79,51,0.79,51
5193,2020/07/23 12:00UTC,0.64,271,1.34,9,1.01,332,1.38,359,1.41,1,1.13,351,1.04,336,1.04,336
5194,2020/07/23 18:00UTC,2.65,281,1.11,264,2.72,283,1.29,298,1.27,291,2.29,270,2.59,280,2.59,280
5195,2020/07/24 00:00UTC,2.56,331,2.01,306,2.61,317,2.82,311,2.74,310,2.44,311,2.55,316,2.55,316
5196,2020/07/24 06:00UTC,2.17,265,2.38,308,2.92,326,2.64,331,2.6,330,2.75,321,2.89,326,2.89,326
5197,2020/07/24 12:00UTC,3.69,279,3.58,294,3.79,295,3.46,301,3.47,300,3.77,294,3.72,296,3.72,296
5198,2020/07/24 18:00UTC,2.08,275,2.05,287,2.12,301,2.01,298,2.0,296,2.08,297,2.14,301,2.14,301
5199,2020/07/25 00:00UTC,1.14,234,0.67,196,1.4,281,0.81,225,0.83,225,1.22,265,1.34,280,1.34,280
5200,2020/07/25 06:00UTC,3.05,225,2.35,212,2.46,233,2.19,221,2.2,220,2.4,227,2.37,233,2.37,232
5201,2020/07/25 12:00UTC,5.11,233,5.49,229,5.09,222,5.55,236,5.57,236,5.32,225,5.07,223,5.08,223
5202,2020/07/25 18:00UTC,4.61,234,2.94,220,3.69,229,2.58,228,2.59,227,3.29,227,3.62,230,3.61,230
5203,2020/07/26 00:00UTC,2.41,235,4.05,230,5.27,226,4.08,227,4.12,227,5.0,225,5.13,226,5.13,226
5204,2020/07/26 06:00UTC,3.81,266,3.81,272,3.54,277,3.93,256,3.9,257,3.64,274,3.55,276,3.55,276
5205,2020/07/26 12:00UTC,4.38,266,5.23,270,4.85,263,5.55,265,5.53,265,5.04,267,4.91,263,4.91,263
5206,2020/07/26 18:00UTC,2.82,278,2.3,264,2.75,257,2.42,285,2.39,282,2.58,256,2.74,259,2.74,258
5207,2020/07/27 00:00UTC,2.0,87,0.64,177,0.69,198,1.88,160,1.82,163,0.96,200,0.81,193,0.81,193
5208,2020/07/27 06:00UTC,3.36,191,3.98,186,4.08,203,4.38,200,4.36,199,4.12,199,4.06,203,4.07,203
5209,2020/07/27 12:00UTC,6.1,223,6.49,223,6.6,227,6.44,227,6.46,227,6.65,226,6.55,227,6.56,227
5210,2020/07/27 18:00UTC,5.43,256,4.69,250,5.16,245,4.33,244,4.35,244,4.94,246,5.05,245,5.05,245
5211,2020/07/28 00:00UTC,4.91,266,5.31,265,5.22,257,4.31,255,4.4,256,5.23,260,5.22,258,5.22,258
5212,2020/07/28 06:00UTC,4.6,279,4.31,289,4.2,293,4.36,277,4.36,279,4.31,292,4.19,292,4.2,292
5213,2020/07/28 12:00UTC,4.81,296,4.69,285,4.47,286,4.09,269,4.13,270,4.5,284,4.42,285,4.43,285
5214,2020/07/28 18:00UTC,4.35,303,4.42,305,4.05,313,3.4,298,3.48,298,4.16,309,3.99,310,3.99,310
5215,2020/07/29 00:00UTC,1.85,307,2.4,333,3.04,346,2.22,355,2.23,353,2.83,342,3.0,347,3.0,347
5216,2020/07/29 06:00UTC,1.12,263,0.68,199,1.01,359,0.84,62,0.72,68,0.41,355,0.94,3,0.93,3
5217,2020/07/29 12:00UTC,1.02,286,1.23,325,0.97,328,1.91,358,1.86,357,1.1,333,1.03,331,1.03,331
5218,2020/07/29 18:00UTC,1.77,327,1.61,40,1.41,343,1.65,17,1.6,19,1.12,360,1.41,348,1.4,348
5219,2020/07/30 00:00UTC,2.36,23,2.1,45,2.25,57,1.9,57,1.91,56,2.17,57,2.23,60,2.23,60
5220,2020/07/30 06:00UTC,0.8,52,2.01,94,2.42,88,2.53,79,2.5,80,2.37,89,2.44,87,2.44,87
5221,2020/07/30 12:00UTC,3.06,101,3.45,88,4.09,94,3.76,84,3.76,84,3.97,91,4.03,93,4.03,93
5222,2020/07/30 18:00UTC,2.97,56,2.64,57,2.71,64,3.04,50,3.0,51,2.71,61,2.72,63,2.72,63
5223,2020/07/31 00:00UTC,2.7,97,2.88,89,3.38,85,2.89,85,2.87,84,3.2,85,3.32,84,3.32,84
5224,2020/07/31 06:00UTC,1.9,132,1.8,124,1.92,119,1.93,141,1.89,139,1.85,117,1.87,120,1.87,120
5225,2020/07/31 12:00UTC,4.67,174,4.57,167,5.54,208,4.52,174,4.54,174,5.03,195,5.36,207,5.35,207
5226,2020/07/31 18:00UTC,1.71,248,2.94,267,2.76,249,3.32,285,3.29,284,2.64,259,2.7,251,2.69,251
5227,2020/08/01 00:00UTC,2.27,291,2.11,266,2.07,292,3.15,248,3.08,249,2.23,276,2.07,288,2.08,287
5228,2020/08/01 06:00UTC,3.15,309,2.68,331,3.81,337,2.32,333,2.35,333,3.37,335,3.71,337,3.7,337
5229,2020/08/01 12:00UTC,2.88,268,2.12,299,2.76,291,1.88,315,1.9,314,2.55,294,2.68,292,2.68,292
5230,2020/08/01 18:00UTC,4.69,317,3.86,301,3.09,298,5.06,307,5.0,307,3.52,301,3.25,299,3.26,299
5231,2020/08/02 00:00UTC,2.97,308,1.83,359,3.76,331,2.78,6,2.68,7,2.98,337,3.61,332,3.6,332
5232,2020/08/02 06:00UTC,3.36,295,3.41,302,3.54,324,2.89,321,2.92,319,3.43,316,3.47,324,3.47,323
5233,2020/08/02 12:00UTC,3.84,299,3.54,292,3.76,301,3.61,296,3.6,296,3.7,298,3.71,300,3.72,300
5234,2020/08/02 18:00UTC,3.92,296,3.51,303,4.74,316,3.19,322,3.21,320,4.33,313,4.73,316,4.73,316
5235,2020/08/03 00:00UTC,1.45,328,1.92,22,2.68,355,2.31,21,2.27,21,2.32,3,2.64,356,2.64,356
5236,2020/08/03 06:00UTC,2.52,281,1.99,271,3.0,296,1.58,298,1.59,294,2.65,288,2.97,297,2.97,297
5237,2020/08/03 12:00UTC,5.08,303,3.17,284,4.1,305,3.54,304,3.48,302,3.73,300,3.94,305,3.94,305
5238,2020/08/03 18:00UTC,4.83,348,5.8,341,5.6,345,6.03,333,6.06,333,5.79,341,5.65,344,5.65,344
5239,2020/08/04 00:00UTC,2.75,316,3.13,335,3.61,327,3.22,331,3.2,331,3.42,328,3.59,328,3.59,328
5240,2020/08/04 06:00UTC,0.41,321,1.09,15,1.82,352,1.45,4,1.4,4,1.53,356,1.77,353,1.77,353
5241,2020/08/04 12:00UTC,1.12,227,1.39,1,1.27,279,2.15,358,2.11,359,1.04,313,1.27,287,1.26,287
5242,2020/08/04 18:00UTC,2.09,267,1.01,77,1.2,256,0.82,23,0.81,28,0.49,255,1.05,264,1.05,263
5243,2020/08/05 00:00UTC,1.43,264,2.35,185,1.0,187,2.01,174,2.02,175,1.48,188,1.09,181,1.1,181
5244,2020/08/05 06:00UTC,1.7,196,2.29,176,1.74,181,1.93,170,1.95,171,1.9,180,1.73,180,1.73,180
5245,2020/08/05 12:00UTC,3.74,191,2.92,181,3.12,193,2.24,164,2.29,166,3.0,188,3.0,192,3.0,192
5246,2020/08/05 18:00UTC,1.87,241,0.89,160,1.8,273,1.18,136,1.15,138,1.05,252,1.66,274,1.65,273
5247,2020/08/06 00:00UTC,0.81,349,1.78,147,0.57,39,1.85,150,1.83,149,0.59,112,0.54,57,0.53,58
5248,2020/08/06 06:00UTC,0.93,40,1.34,138,0.97,73,1.3,149,1.31,149,0.88,105,0.93,82,0.93,82
5249,2020/08/06 12:00UTC,2.13,169,2.21,142,2.67,154,2.43,114,2.41,116,2.55,147,2.63,152,2.63,152
5250,2020/08/06 18:00UTC,1.0,53,2.72,82,1.56,112,2.63,66,2.64,68,1.89,99,1.68,106,1.68,106
5251,2020/08/07 00:00UTC,1.93,127,2.93,120,2.89,113,2.86,121,2.88,121,2.93,116,2.91,114,2.91,114
5252,2020/08/07 06:00UTC,1.05,132,1.76,103,1.64,113,1.72,97,1.72,97,1.67,109,1.64,111,1.65,111
5253,2020/08/07 12:00UTC,3.01,101,3.29,91,3.45,90,3.47,85,3.48,85,3.51,89,3.42,90,3.42,90
5254,2020/08/07 18:00UTC,2.57,71,3.16,68,3.18,68,3.46,57,3.45,58,3.28,66,3.19,67,3.2,67
5255,2020/08/08 00:00UTC,2.22,93,2.31,88,2.85,103,2.05,116,2.05,113,2.61,100,2.78,102,2.78,102
5256,2020/08/08 06:00UTC,1.44,102,1.66,119,2.38,116,1.91,126,1.89,126,2.15,118,2.33,116,2.33,116
5257,2020/08/08 12:00UTC,2.39,125,1.92,139,2.53,160,1.83,181,1.82,178,2.35,159,2.45,162,2.45,162
5258,2020/08/08 18:00UTC,2.79,50,3.62,54,0.23,180,1.27,345,1.28,358,0.91,53,0.06,157,0.06,146
5259,2020/08/09 00:00UTC,1.65,5,2.4,49,2.21,54,1.29,79,1.34,75,2.16,55,2.14,54,2.15,54
5260,2020/08/09 06:00UTC,1.56,34,1.5,90,0.99,72,1.21,165,1.15,160,1.17,85,0.92,79,0.92,79
5261,2020/08/09 12:00UTC,2.03,127,2.42,153,2.64,176,1.67,184,1.72,181,2.53,170,2.63,176,2.62,176
5262,2020/08/09 18:00UTC,1.39,238,3.81,211,1.78,206,2.09,340,1.77,330,2.32,215,1.63,208,1.64,208
5263,2020/08/10 00:00UTC,1.11,216,1.19,29,0.66,122,1.41,23,1.42,26,0.74,70,0.61,108,0.61,107
5264,2020/08/10 06:00UTC,1.34,22,2.04,68,1.09,20,1.32,124,1.32,116,1.42,40,0.95,25,0.96,26
5265,2020/08/10 12:00UTC,2.66,73,1.74,85,1.93,69,1.1,77,1.14,78,1.81,72,1.88,67,1.88,67
5266,2020/08/10 18:00UTC,0.73,53,2.77,354,2.33,33,1.94,6,2.04,4,2.33,18,2.31,30,2.31,30
5267,2020/08/11 00:00UTC,2.04,39,0.6,342,0.41,95,0.17,84,0.11,64,0.03,233,0.37,98,0.36,98
5268,2020/08/11 06:00UTC,1.2,286,0.65,236,1.02,174,1.73,179,1.64,182,1.08,196,1.09,174,1.09,175
5269,2020/08/11 12:00UTC,1.77,106,1.79,122,2.18,138,2.52,150,2.48,148,2.21,135,2.17,140,2.17,140
5270,2020/08/11 18:00UTC,0.71,93,0.29,215,1.56,196,0.46,237,0.5,233,1.25,199,1.46,203,1.45,202
5271,2020/08/12 00:00UTC,2.26,45,3.1,87,1.69,72,3.08,112,3.07,109,2.19,82,1.74,75,1.74,75
5272,2020/08/12 06:00UTC,0.68,154,0.99,101,1.62,91,1.5,150,1.42,147,1.36,93,1.57,93,1.57,93
5273,2020/08/12 12:00UTC,2.91,103,2.95,121,2.61,138,2.23,122,2.3,122,2.74,132,2.51,136,2.51,136
5274,2020/08/12 18:00UTC,6.19,248,1.59,234,4.32,264,2.36,250,2.35,250,3.77,262,4.14,263,4.14,263
5275,2020/08/13 00:00UTC,0.69,19,1.3,78,0.13,20,1.31,159,1.26,154,0.29,77,0.12,99,0.12,96
5276,2020/08/13 06:00UTC,1.61,236,2.04,224,2.67,228,3.08,221,3.0,221,2.6,226,2.7,228,2.7,228
5277,2020/08/13 12:00UTC,4.36,193,4.46,200,5.25,186,5.18,201,5.12,201,5.08,192,5.13,186,5.13,186
5278,2020/08/13 18:00UTC,1.97,184,3.16,190,2.32,186,4.43,198,4.32,198,2.68,187,2.56,187,2.56,187
5279,2020/08/14 00:00UTC,2.58,230,3.42,244,3.77,228,3.71,225,3.72,225,3.84,230,3.75,228,3.75,228
5280,2020/08/14 06:00UTC,2.93,238,3.38,229,3.89,229,4.02,222,3.98,222,3.87,228,3.85,229,3.85,229
5281,2020/08/14 12:00UTC,1.87,231,3.7,213,3.09,219,4.12,231,4.07,229,3.36,219,3.16,219,3.16,219
5282,2020/08/14 18:00UTC,3.26,291,2.9,288,3.36,306,3.25,284,3.2,284,3.19,301,3.31,305,3.31,305
5283,2020/08/15 00:00UTC,1.39,257,1.36,296,1.45,306,1.35,300,1.36,299,1.52,301,1.43,305,1.43,305
5284,2020/08/15 06:00UTC,1.39,225,0.81,234,1.17,273,0.65,274,0.67,269,1.08,263,1.1,274,1.1,274
5285,2020/08/15 12:00UTC,1.68,307,0.32,357,1.31,333,1.38,354,1.28,356,0.98,340,1.29,334,1.28,334
5286,2020/08/15 18:00UTC,3.26,359,1.54,49,2.02,11,2.21,28,2.13,30,1.79,22,1.96,11,1.96,11
5287,2020/08/16 00:00UTC,2.87,28,2.84,32,3.0,40,2.38,55,2.4,53,2.89,41,2.92,42,2.92,42
5288,2020/08/16 06:00UTC,2.03,124,3.14,176,3.36,163,2.0,194,2.1,192,3.36,168,3.29,164,3.29,164
5289,2020/08/16 12:00UTC,1.98,94,3.39,219,4.48,210,4.61,222,4.61,222,4.5,214,4.47,211,4.47,212
5290,2020/08/16 18:00UTC,1.41,212,2.02,219,3.78,225,3.12,228,3.04,228,3.24,225,3.7,226,3.7,226
5291,2020/08/17 00:00UTC,2.37,193,2.0,216,2.2,206,2.43,209,2.41,210,2.23,208,2.2,208,2.2,208
5292,2020/08/17 06:00UTC,2.76,199,3.64,195,4.06,191,4.61,200,4.55,199,4.06,193,4.07,192,4.07,192
5293,2020/08/17 12:00UTC,4.14,226,5.22,223,5.43,226,5.7,232,5.7,231,5.52,225,5.44,226,5.44,226
5294,2020/08/17 18:00UTC,2.79,275,2.8,260,2.37,253,2.95,231,2.9,233,2.47,251,2.38,253,2.38,252
5295,2020/08/18 00:00UTC,1.07,240,1.26,246,1.59,243,1.92,213,1.87,215,1.61,239,1.58,242,1.58,242
